ISO-10303-21;
HEADER;
FILE_DESCRIPTION(('Open CASCADE Model'),'2;1');
FILE_NAME('Open CASCADE Shape Model','2026-09-25T14:29:02',('Author'),(
    'Open CASCADE'),'Open CASCADE STEP processor 8.0','build123d',
  'Unknown');
FILE_SCHEMA(('AUTOMOTIVE_DESIGN { 1 0 10303 214 1 1 1 1 }'));
ENDSEC;
DATA;
#1 = APPLICATION_PROTOCOL_DEFINITION('international standard',
  'automotive_design',2000,#2);
#2 = APPLICATION_CONTEXT(
  'core data for automotive mechanical design processes');
#3 = SHAPE_DEFINITION_REPRESENTATION(#4,#10);
#4 = PRODUCT_DEFINITION_SHAPE('','',#5);
#5 = PRODUCT_DEFINITION('design','',#6,#9);
#6 = PRODUCT_DEFINITION_FORMATION('','',#7);
#7 = PRODUCT('COMPOUND','COMPOUND','',(#8));
#8 = PRODUCT_CONTEXT('',#2,'mechanical');
#9 = PRODUCT_DEFINITION_CONTEXT('part definition',#2,'design');
#10 = SHAPE_REPRESENTATION('',(#11,#15,#19,#23,#27,#31,#35,#39),#43);
#11 = AXIS2_PLACEMENT_3D('',#12,#13,#14);
#12 = CARTESIAN_POINT('',(0.,0.,0.));
#13 = DIRECTION('',(0.,0.,1.));
#14 = DIRECTION('',(1.,0.,-0.));
#15 = AXIS2_PLACEMENT_3D('',#16,#17,#18);
#16 = CARTESIAN_POINT('',(0.,0.,0.));
#17 = DIRECTION('',(0.,0.,1.));
#18 = DIRECTION('',(1.,0.,-0.));
#19 = AXIS2_PLACEMENT_3D('',#20,#21,#22);
#20 = CARTESIAN_POINT('',(0.,0.,0.));
#21 = DIRECTION('',(0.,0.,1.));
#22 = DIRECTION('',(1.,0.,-0.));
#23 = AXIS2_PLACEMENT_3D('',#24,#25,#26);
#24 = CARTESIAN_POINT('',(0.,0.,0.));
#25 = DIRECTION('',(0.,0.,1.));
#26 = DIRECTION('',(1.,0.,-0.));
#27 = AXIS2_PLACEMENT_3D('',#28,#29,#30);
#28 = CARTESIAN_POINT('',(0.,0.,0.));
#29 = DIRECTION('',(0.,0.,1.));
#30 = DIRECTION('',(1.,0.,-0.));
#31 = AXIS2_PLACEMENT_3D('',#32,#33,#34);
#32 = CARTESIAN_POINT('',(0.,0.,0.));
#33 = DIRECTION('',(0.,0.,1.));
#34 = DIRECTION('',(1.,0.,-0.));
#35 = AXIS2_PLACEMENT_3D('',#36,#37,#38);
#36 = CARTESIAN_POINT('',(0.,0.,0.));
#37 = DIRECTION('',(0.,0.,1.));
#38 = DIRECTION('',(1.,0.,-0.));
#39 = AXIS2_PLACEMENT_3D('',#40,#41,#42);
#40 = CARTESIAN_POINT('',(0.,0.,0.));
#41 = DIRECTION('',(0.,0.,1.));
#42 = DIRECTION('',(1.,0.,-0.));
#43 = ( GEOMETRIC_REPRESENTATION_CONTEXT(3) 
GLOBAL_UNCERTAINTY_ASSIGNED_CONTEXT((#47)) GLOBAL_UNIT_ASSIGNED_CONTEXT(
(#44,#45,#46)) REPRESENTATION_CONTEXT('Context #1',
  '3D Context with UNIT and UNCERTAINTY') );
#44 = ( LENGTH_UNIT() NAMED_UNIT(*) SI_UNIT(.MILLI.,.METRE.) );
#45 = ( NAMED_UNIT(*) PLANE_ANGLE_UNIT() SI_UNIT($,.RADIAN.) );
#46 = ( NAMED_UNIT(*) SI_UNIT($,.STERADIAN.) SOLID_ANGLE_UNIT() );
#47 = UNCERTAINTY_MEASURE_WITH_UNIT(LENGTH_MEASURE(1.E-07),#44,
  'distance_accuracy_value','confusion accuracy');
#48 = PRODUCT_RELATED_PRODUCT_CATEGORY('part',$,(#7));
#49 = SHAPE_DEFINITION_REPRESENTATION(#50,#56);
#50 = PRODUCT_DEFINITION_SHAPE('','',#51);
#51 = PRODUCT_DEFINITION('design','',#52,#55);
#52 = PRODUCT_DEFINITION_FORMATION('','',#53);
#53 = PRODUCT('COMPOUND','COMPOUND','',(#54));
#54 = PRODUCT_CONTEXT('',#2,'mechanical');
#55 = PRODUCT_DEFINITION_CONTEXT('part definition',#2,'design');
#56 = ADVANCED_BREP_SHAPE_REPRESENTATION('',(#11,#57),#2617);
#57 = BREP_WITH_VOIDS('',#58,(#2519));
#58 = CLOSED_SHELL('',(#59,#147,#182,#217,#272,#858,#862,#897,#952,#1007
    ,#1125,#1160,#1236,#1285,#1334,#1361,#1947,#1954,#1989,#2044,#2099,
    #2217,#2252,#2328,#2377,#2426,#2453,#2508,#2515));
#59 = ADVANCED_FACE('',(#60),#73,.T.);
#60 = FACE_BOUND('',#61,.T.);
#61 = EDGE_LOOP('',(#62,#96,#119,#146));
#62 = ORIENTED_EDGE('',*,*,#63,.T.);
#63 = EDGE_CURVE('',#64,#64,#66,.T.);
#64 = VERTEX_POINT('',#65);
#65 = CARTESIAN_POINT('',(6.72E+03,-4.898587196589E-15,2.25E+03));
#66 = SURFACE_CURVE('',#67,(#72,#84),.PCURVE_S1.);
#67 = CIRCLE('',#68,20.);
#68 = AXIS2_PLACEMENT_3D('',#69,#70,#71);
#69 = CARTESIAN_POINT('',(6.7E+03,0.,2.25E+03));
#70 = DIRECTION('',(0.,0.,1.));
#71 = DIRECTION('',(1.,0.,-0.));
#72 = PCURVE('',#73,#78);
#73 = CYLINDRICAL_SURFACE('',#74,20.);
#74 = AXIS2_PLACEMENT_3D('',#75,#76,#77);
#75 = CARTESIAN_POINT('',(6.7E+03,0.,2.25E+03));
#76 = DIRECTION('',(0.,0.,1.));
#77 = DIRECTION('',(1.,0.,-0.));
#78 = DEFINITIONAL_REPRESENTATION('',(#79),#83);
#79 = LINE('',#80,#81);
#80 = CARTESIAN_POINT('',(0.,0.));
#81 = VECTOR('',#82,1.);
#82 = DIRECTION('',(1.,0.));
#83 = ( GEOMETRIC_REPRESENTATION_CONTEXT(2) 
PARAMETRIC_REPRESENTATION_CONTEXT() REPRESENTATION_CONTEXT('2D SPACE',''
  ) );
#84 = PCURVE('',#85,#90);
#85 = PLANE('',#86);
#86 = AXIS2_PLACEMENT_3D('',#87,#88,#89);
#87 = CARTESIAN_POINT('',(6.7E+03,0.,2.25E+03));
#88 = DIRECTION('',(0.,0.,1.));
#89 = DIRECTION('',(1.,0.,-0.));
#90 = DEFINITIONAL_REPRESENTATION('',(#91),#95);
#91 = CIRCLE('',#92,20.);
#92 = AXIS2_PLACEMENT_2D('',#93,#94);
#93 = CARTESIAN_POINT('',(0.,0.));
#94 = DIRECTION('',(1.,0.));
#95 = ( GEOMETRIC_REPRESENTATION_CONTEXT(2) 
PARAMETRIC_REPRESENTATION_CONTEXT() REPRESENTATION_CONTEXT('2D SPACE',''
  ) );
#96 = ORIENTED_EDGE('',*,*,#97,.T.);
#97 = EDGE_CURVE('',#64,#98,#100,.T.);
#98 = VERTEX_POINT('',#99);
#99 = CARTESIAN_POINT('',(6.72E+03,-4.898587196589E-15,2.42E+03));
#100 = SEAM_CURVE('',#101,(#105,#112),.PCURVE_S1.);
#101 = LINE('',#102,#103);
#102 = CARTESIAN_POINT('',(6.72E+03,-4.898587196589E-15,2.25E+03));
#103 = VECTOR('',#104,1.);
#104 = DIRECTION('',(0.,0.,1.));
#105 = PCURVE('',#73,#106);
#106 = DEFINITIONAL_REPRESENTATION('',(#107),#111);
#107 = LINE('',#108,#109);
#108 = CARTESIAN_POINT('',(0.,-0.));
#109 = VECTOR('',#110,1.);
#110 = DIRECTION('',(0.,1.));
#111 = ( GEOMETRIC_REPRESENTATION_CONTEXT(2) 
PARAMETRIC_REPRESENTATION_CONTEXT() REPRESENTATION_CONTEXT('2D SPACE',''
  ) );
#112 = PCURVE('',#73,#113);
#113 = DEFINITIONAL_REPRESENTATION('',(#114),#118);
#114 = LINE('',#115,#116);
#115 = CARTESIAN_POINT('',(6.28318530718,-0.));
#116 = VECTOR('',#117,1.);
#117 = DIRECTION('',(0.,1.));
#118 = ( GEOMETRIC_REPRESENTATION_CONTEXT(2) 
PARAMETRIC_REPRESENTATION_CONTEXT() REPRESENTATION_CONTEXT('2D SPACE',''
  ) );
#119 = ORIENTED_EDGE('',*,*,#120,.F.);
#120 = EDGE_CURVE('',#98,#98,#121,.T.);
#121 = SURFACE_CURVE('',#122,(#127,#134),.PCURVE_S1.);
#122 = CIRCLE('',#123,20.);
#123 = AXIS2_PLACEMENT_3D('',#124,#125,#126);
#124 = CARTESIAN_POINT('',(6.7E+03,0.,2.42E+03));
#125 = DIRECTION('',(0.,0.,1.));
#126 = DIRECTION('',(1.,0.,-0.));
#127 = PCURVE('',#73,#128);
#128 = DEFINITIONAL_REPRESENTATION('',(#129),#133);
#129 = LINE('',#130,#131);
#130 = CARTESIAN_POINT('',(0.,170.));
#131 = VECTOR('',#132,1.);
#132 = DIRECTION('',(1.,0.));
#133 = ( GEOMETRIC_REPRESENTATION_CONTEXT(2) 
PARAMETRIC_REPRESENTATION_CONTEXT() REPRESENTATION_CONTEXT('2D SPACE',''
  ) );
#134 = PCURVE('',#135,#140);
#135 = PLANE('',#136);
#136 = AXIS2_PLACEMENT_3D('',#137,#138,#139);
#137 = CARTESIAN_POINT('',(6.7E+03,0.,2.42E+03));
#138 = DIRECTION('',(0.,0.,1.));
#139 = DIRECTION('',(1.,0.,-0.));
#140 = DEFINITIONAL_REPRESENTATION('',(#141),#145);
#141 = CIRCLE('',#142,20.);
#142 = AXIS2_PLACEMENT_2D('',#143,#144);
#143 = CARTESIAN_POINT('',(0.,0.));
#144 = DIRECTION('',(1.,0.));
#145 = ( GEOMETRIC_REPRESENTATION_CONTEXT(2) 
PARAMETRIC_REPRESENTATION_CONTEXT() REPRESENTATION_CONTEXT('2D SPACE',''
  ) );
#146 = ORIENTED_EDGE('',*,*,#97,.F.);
#147 = ADVANCED_FACE('',(#148,#151),#85,.F.);
#148 = FACE_BOUND('',#149,.F.);
#149 = EDGE_LOOP('',(#150));
#150 = ORIENTED_EDGE('',*,*,#63,.T.);
#151 = FACE_BOUND('',#152,.F.);
#152 = EDGE_LOOP('',(#153));
#153 = ORIENTED_EDGE('',*,*,#154,.F.);
#154 = EDGE_CURVE('',#155,#155,#157,.T.);
#155 = VERTEX_POINT('',#156);
#156 = CARTESIAN_POINT('',(6.718E+03,-4.40872847693E-15,2.25E+03));
#157 = SURFACE_CURVE('',#158,(#163,#170),.PCURVE_S1.);
#158 = CIRCLE('',#159,18.);
#159 = AXIS2_PLACEMENT_3D('',#160,#161,#162);
#160 = CARTESIAN_POINT('',(6.7E+03,0.,2.25E+03));
#161 = DIRECTION('',(0.,0.,1.));
#162 = DIRECTION('',(1.,0.,-0.));
#163 = PCURVE('',#85,#164);
#164 = DEFINITIONAL_REPRESENTATION('',(#165),#169);
#165 = CIRCLE('',#166,18.);
#166 = AXIS2_PLACEMENT_2D('',#167,#168);
#167 = CARTESIAN_POINT('',(0.,0.));
#168 = DIRECTION('',(1.,0.));
#169 = ( GEOMETRIC_REPRESENTATION_CONTEXT(2) 
PARAMETRIC_REPRESENTATION_CONTEXT() REPRESENTATION_CONTEXT('2D SPACE',''
  ) );
#170 = PCURVE('',#171,#176);
#171 = CYLINDRICAL_SURFACE('',#172,18.);
#172 = AXIS2_PLACEMENT_3D('',#173,#174,#175);
#173 = CARTESIAN_POINT('',(6.7E+03,0.,2.249E+03));
#174 = DIRECTION('',(0.,0.,1.));
#175 = DIRECTION('',(1.,0.,-0.));
#176 = DEFINITIONAL_REPRESENTATION('',(#177),#181);
#177 = LINE('',#178,#179);
#178 = CARTESIAN_POINT('',(0.,1.));
#179 = VECTOR('',#180,1.);
#180 = DIRECTION('',(1.,0.));
#181 = ( GEOMETRIC_REPRESENTATION_CONTEXT(2) 
PARAMETRIC_REPRESENTATION_CONTEXT() REPRESENTATION_CONTEXT('2D SPACE',''
  ) );
#182 = ADVANCED_FACE('',(#183,#214),#135,.F.);
#183 = FACE_BOUND('',#184,.F.);
#184 = EDGE_LOOP('',(#185));
#185 = ORIENTED_EDGE('',*,*,#186,.T.);
#186 = EDGE_CURVE('',#187,#187,#189,.T.);
#187 = VERTEX_POINT('',#188);
#188 = CARTESIAN_POINT('',(6.73E+03,-7.347880794884E-15,2.42E+03));
#189 = SURFACE_CURVE('',#190,(#195,#202),.PCURVE_S1.);
#190 = CIRCLE('',#191,30.);
#191 = AXIS2_PLACEMENT_3D('',#192,#193,#194);
#192 = CARTESIAN_POINT('',(6.7E+03,0.,2.42E+03));
#193 = DIRECTION('',(0.,0.,1.));
#194 = DIRECTION('',(1.,0.,-0.));
#195 = PCURVE('',#135,#196);
#196 = DEFINITIONAL_REPRESENTATION('',(#197),#201);
#197 = CIRCLE('',#198,30.);
#198 = AXIS2_PLACEMENT_2D('',#199,#200);
#199 = CARTESIAN_POINT('',(0.,0.));
#200 = DIRECTION('',(1.,0.));
#201 = ( GEOMETRIC_REPRESENTATION_CONTEXT(2) 
PARAMETRIC_REPRESENTATION_CONTEXT() REPRESENTATION_CONTEXT('2D SPACE',''
  ) );
#202 = PCURVE('',#203,#208);
#203 = CYLINDRICAL_SURFACE('',#204,30.);
#204 = AXIS2_PLACEMENT_3D('',#205,#206,#207);
#205 = CARTESIAN_POINT('',(6.7E+03,0.,2.42E+03));
#206 = DIRECTION('',(0.,0.,1.));
#207 = DIRECTION('',(1.,0.,-0.));
#208 = DEFINITIONAL_REPRESENTATION('',(#209),#213);
#209 = LINE('',#210,#211);
#210 = CARTESIAN_POINT('',(0.,0.));
#211 = VECTOR('',#212,1.);
#212 = DIRECTION('',(1.,0.));
#213 = ( GEOMETRIC_REPRESENTATION_CONTEXT(2) 
PARAMETRIC_REPRESENTATION_CONTEXT() REPRESENTATION_CONTEXT('2D SPACE',''
  ) );
#214 = FACE_BOUND('',#215,.F.);
#215 = EDGE_LOOP('',(#216));
#216 = ORIENTED_EDGE('',*,*,#120,.F.);
#217 = ADVANCED_FACE('',(#218),#171,.F.);
#218 = FACE_BOUND('',#219,.F.);
#219 = EDGE_LOOP('',(#220,#221,#244,#271));
#220 = ORIENTED_EDGE('',*,*,#154,.T.);
#221 = ORIENTED_EDGE('',*,*,#222,.T.);
#222 = EDGE_CURVE('',#155,#223,#225,.T.);
#223 = VERTEX_POINT('',#224);
#224 = CARTESIAN_POINT('',(6.718E+03,-4.40872847693E-15,2.42E+03));
#225 = SEAM_CURVE('',#226,(#230,#237),.PCURVE_S1.);
#226 = LINE('',#227,#228);
#227 = CARTESIAN_POINT('',(6.718E+03,-4.40872847693E-15,2.249E+03));
#228 = VECTOR('',#229,1.);
#229 = DIRECTION('',(0.,0.,1.));
#230 = PCURVE('',#171,#231);
#231 = DEFINITIONAL_REPRESENTATION('',(#232),#236);
#232 = LINE('',#233,#234);
#233 = CARTESIAN_POINT('',(0.,-0.));
#234 = VECTOR('',#235,1.);
#235 = DIRECTION('',(0.,1.));
#236 = ( GEOMETRIC_REPRESENTATION_CONTEXT(2) 
PARAMETRIC_REPRESENTATION_CONTEXT() REPRESENTATION_CONTEXT('2D SPACE',''
  ) );
#237 = PCURVE('',#171,#238);
#238 = DEFINITIONAL_REPRESENTATION('',(#239),#243);
#239 = LINE('',#240,#241);
#240 = CARTESIAN_POINT('',(6.28318530718,-0.));
#241 = VECTOR('',#242,1.);
#242 = DIRECTION('',(0.,1.));
#243 = ( GEOMETRIC_REPRESENTATION_CONTEXT(2) 
PARAMETRIC_REPRESENTATION_CONTEXT() REPRESENTATION_CONTEXT('2D SPACE',''
  ) );
#244 = ORIENTED_EDGE('',*,*,#245,.F.);
#245 = EDGE_CURVE('',#223,#223,#246,.T.);
#246 = SURFACE_CURVE('',#247,(#252,#259),.PCURVE_S1.);
#247 = CIRCLE('',#248,18.);
#248 = AXIS2_PLACEMENT_3D('',#249,#250,#251);
#249 = CARTESIAN_POINT('',(6.7E+03,0.,2.42E+03));
#250 = DIRECTION('',(0.,0.,1.));
#251 = DIRECTION('',(1.,0.,-0.));
#252 = PCURVE('',#171,#253);
#253 = DEFINITIONAL_REPRESENTATION('',(#254),#258);
#254 = LINE('',#255,#256);
#255 = CARTESIAN_POINT('',(0.,171.));
#256 = VECTOR('',#257,1.);
#257 = DIRECTION('',(1.,0.));
#258 = ( GEOMETRIC_REPRESENTATION_CONTEXT(2) 
PARAMETRIC_REPRESENTATION_CONTEXT() REPRESENTATION_CONTEXT('2D SPACE',''
  ) );
#259 = PCURVE('',#260,#265);
#260 = PLANE('',#261);
#261 = AXIS2_PLACEMENT_3D('',#262,#263,#264);
#262 = CARTESIAN_POINT('',(6.7E+03,0.,2.42E+03));
#263 = DIRECTION('',(0.,0.,1.));
#264 = DIRECTION('',(1.,0.,-0.));
#265 = DEFINITIONAL_REPRESENTATION('',(#266),#270);
#266 = CIRCLE('',#267,18.);
#267 = AXIS2_PLACEMENT_2D('',#268,#269);
#268 = CARTESIAN_POINT('',(0.,0.));
#269 = DIRECTION('',(1.,0.));
#270 = ( GEOMETRIC_REPRESENTATION_CONTEXT(2) 
PARAMETRIC_REPRESENTATION_CONTEXT() REPRESENTATION_CONTEXT('2D SPACE',''
  ) );
#271 = ORIENTED_EDGE('',*,*,#222,.F.);
#272 = ADVANCED_FACE('',(#273,#327),#203,.T.);
#273 = FACE_BOUND('',#274,.T.);
#274 = EDGE_LOOP('',(#275,#298,#325,#326));
#275 = ORIENTED_EDGE('',*,*,#276,.T.);
#276 = EDGE_CURVE('',#187,#277,#279,.T.);
#277 = VERTEX_POINT('',#278);
#278 = CARTESIAN_POINT('',(6.73E+03,-7.347880794884E-15,2.48E+03));
#279 = SEAM_CURVE('',#280,(#284,#291),.PCURVE_S1.);
#280 = LINE('',#281,#282);
#281 = CARTESIAN_POINT('',(6.73E+03,-7.347880794884E-15,2.42E+03));
#282 = VECTOR('',#283,1.);
#283 = DIRECTION('',(0.,0.,1.));
#284 = PCURVE('',#203,#285);
#285 = DEFINITIONAL_REPRESENTATION('',(#286),#290);
#286 = LINE('',#287,#288);
#287 = CARTESIAN_POINT('',(6.28318530718,-0.));
#288 = VECTOR('',#289,1.);
#289 = DIRECTION('',(0.,1.));
#290 = ( GEOMETRIC_REPRESENTATION_CONTEXT(2) 
PARAMETRIC_REPRESENTATION_CONTEXT() REPRESENTATION_CONTEXT('2D SPACE',''
  ) );
#291 = PCURVE('',#203,#292);
#292 = DEFINITIONAL_REPRESENTATION('',(#293),#297);
#293 = LINE('',#294,#295);
#294 = CARTESIAN_POINT('',(0.,-0.));
#295 = VECTOR('',#296,1.);
#296 = DIRECTION('',(0.,1.));
#297 = ( GEOMETRIC_REPRESENTATION_CONTEXT(2) 
PARAMETRIC_REPRESENTATION_CONTEXT() REPRESENTATION_CONTEXT('2D SPACE',''
  ) );
#298 = ORIENTED_EDGE('',*,*,#299,.F.);
#299 = EDGE_CURVE('',#277,#277,#300,.T.);
#300 = SURFACE_CURVE('',#301,(#306,#313),.PCURVE_S1.);
#301 = CIRCLE('',#302,30.);
#302 = AXIS2_PLACEMENT_3D('',#303,#304,#305);
#303 = CARTESIAN_POINT('',(6.7E+03,0.,2.48E+03));
#304 = DIRECTION('',(0.,0.,1.));
#305 = DIRECTION('',(1.,0.,-0.));
#306 = PCURVE('',#203,#307);
#307 = DEFINITIONAL_REPRESENTATION('',(#308),#312);
#308 = LINE('',#309,#310);
#309 = CARTESIAN_POINT('',(0.,60.));
#310 = VECTOR('',#311,1.);
#311 = DIRECTION('',(1.,0.));
#312 = ( GEOMETRIC_REPRESENTATION_CONTEXT(2) 
PARAMETRIC_REPRESENTATION_CONTEXT() REPRESENTATION_CONTEXT('2D SPACE',''
  ) );
#313 = PCURVE('',#314,#319);
#314 = PLANE('',#315);
#315 = AXIS2_PLACEMENT_3D('',#316,#317,#318);
#316 = CARTESIAN_POINT('',(6.7E+03,0.,2.48E+03));
#317 = DIRECTION('',(0.,0.,1.));
#318 = DIRECTION('',(1.,0.,-0.));
#319 = DEFINITIONAL_REPRESENTATION('',(#320),#324);
#320 = CIRCLE('',#321,30.);
#321 = AXIS2_PLACEMENT_2D('',#322,#323);
#322 = CARTESIAN_POINT('',(0.,0.));
#323 = DIRECTION('',(1.,0.));
#324 = ( GEOMETRIC_REPRESENTATION_CONTEXT(2) 
PARAMETRIC_REPRESENTATION_CONTEXT() REPRESENTATION_CONTEXT('2D SPACE',''
  ) );
#325 = ORIENTED_EDGE('',*,*,#276,.F.);
#326 = ORIENTED_EDGE('',*,*,#186,.T.);
#327 = FACE_BOUND('',#328,.T.);
#328 = EDGE_LOOP('',(#329));
#329 = ORIENTED_EDGE('',*,*,#330,.T.);
#330 = EDGE_CURVE('',#331,#331,#333,.T.);
#331 = VERTEX_POINT('',#332);
#332 = CARTESIAN_POINT('',(6.67E+03,4.127059713127E-15,2.46685E+03));
#333 = SURFACE_CURVE('',#334,(#505,#679),.PCURVE_S1.);
#334 = B_SPLINE_CURVE_WITH_KNOTS('',7,(#335,#336,#337,#338,#339,#340,
    #341,#342,#343,#344,#345,#346,#347,#348,#349,#350,#351,#352,#353,
    #354,#355,#356,#357,#358,#359,#360,#361,#362,#363,#364,#365,#366,
    #367,#368,#369,#370,#371,#372,#373,#374,#375,#376,#377,#378,#379,
    #380,#381,#382,#383,#384,#385,#386,#387,#388,#389,#390,#391,#392,
    #393,#394,#395,#396,#397,#398,#399,#400,#401,#402,#403,#404,#405,
    #406,#407,#408,#409,#410,#411,#412,#413,#414,#415,#416,#417,#418,
    #419,#420,#421,#422,#423,#424,#425,#426,#427,#428,#429,#430,#431,
    #432,#433,#434,#435,#436,#437,#438,#439,#440,#441,#442,#443,#444,
    #445,#446,#447,#448,#449,#450,#451,#452,#453,#454,#455,#456,#457,
    #458,#459,#460,#461,#462,#463,#464,#465,#466,#467,#468,#469,#470,
    #471,#472,#473,#474,#475,#476,#477,#478,#479,#480,#481,#482,#483,
    #484,#485,#486,#487,#488,#489,#490,#491,#492,#493,#494,#495,#496,
    #497,#498,#499,#500,#501,#502,#503,#504),.UNSPECIFIED.,.T.,.F.,(8,6,
    6,6,6,6,6,6,6,6,6,6,6,6,6,6,6,6,6,6,6,6,6,6,6,6,6,6,8),(0.,
    3.368055526696E-02,5.480796010768E-02,8.05306238835E-02,
    9.990737023909E-02,0.114790039542,0.15568579055,0.201536112807,
    0.249767450092,0.298149472932,0.343882037992,0.419497502607,
    0.445155593319,0.476384749331,0.49935463992,0.533376589841,
    0.55453306918,0.580291131222,0.599694542904,0.614597693005,
    0.655549723914,0.701463142729,0.749760853668,0.798209457526,
    0.844004957092,0.919724480091,0.945417880239,0.965615009479,1.),
  .UNSPECIFIED.);
#335 = CARTESIAN_POINT('',(6.67E+03,3.552713678801E-15,2.46685E+03));
#336 = CARTESIAN_POINT('',(6.67E+03,-0.639994367569,2.46685E+03));
#337 = CARTESIAN_POINT('',(6.670015928645E+03,-1.279044990793,
    2.466821640392E+03));
#338 = CARTESIAN_POINT('',(6.670047701182E+03,-1.913923316891,
    2.466765072085E+03));
#339 = CARTESIAN_POINT('',(6.670094804815E+03,-2.541418616387,
    2.466681002198E+03));
#340 = CARTESIAN_POINT('',(6.670156303697E+03,-3.158371171882,
    2.466570691379E+03));
#341 = CARTESIAN_POINT('',(6.670230867566E+03,-3.761704364184,
    2.466435964285E+03));
#342 = CARTESIAN_POINT('',(6.670370743542E+03,-4.716517642304,
    2.466180917678E+03));
#343 = CARTESIAN_POINT('',(6.670429197313E+03,-5.078405657702,
    2.46607385005E+03));
#344 = CARTESIAN_POINT('',(6.670491862759E+03,-5.433875970964,
    2.465958459705E+03));
#345 = CARTESIAN_POINT('',(6.670558406807E+03,-5.782701224698,
    2.465835183972E+03));
#346 = CARTESIAN_POINT('',(6.670628488185E+03,-6.124670402342,
    2.465704469222E+03));
#347 = CARTESIAN_POINT('',(6.670701759684E+03,-6.459588795376,
    2.46556677198E+03));
#348 = CARTESIAN_POINT('',(6.670870535395E+03,-7.186240291697,
    2.465246981641E+03));
#349 = CARTESIAN_POINT('',(6.670967425873E+03,-7.574559359627,
    2.465061714651E+03));
#350 = CARTESIAN_POINT('',(6.671067996096E+03,-7.952270388983,
    2.464867435835E+03));
#351 = CARTESIAN_POINT('',(6.671171724394E+03,-8.319429173749,
    2.464664777765E+03));
#352 = CARTESIAN_POINT('',(6.671278114461E+03,-8.676111853709,
    2.464454329413E+03));
#353 = CARTESIAN_POINT('',(6.671386696645E+03,-9.022414680922,
    2.46423663675E+03));
#354 = CARTESIAN_POINT('',(6.671580142181E+03,-9.611590264033,
    2.463843138859E+03));
#355 = CARTESIAN_POINT('',(6.671664259888E+03,-9.85893779066,
    2.463670225563E+03));
#356 = CARTESIAN_POINT('',(6.671749203855E+03,-10.10057219283,
    2.463493657211E+03));
#357 = CARTESIAN_POINT('',(6.671834804562E+03,-10.3365710986,
    2.463313611319E+03));
#358 = CARTESIAN_POINT('',(6.671920901463E+03,-10.56701393735,
    2.463130249164E+03));
#359 = CARTESIAN_POINT('',(6.672007342987E+03,-10.79198193976,
    2.462943715792E+03));
#360 = CARTESIAN_POINT('',(6.672160534722E+03,-11.18020770789,
    2.462608532815E+03));
#361 = CARTESIAN_POINT('',(6.672227201365E+03,-11.34567499033,
    2.462461132087E+03));
#362 = CARTESIAN_POINT('',(6.67229392149E+03,-11.50799651589,
    2.462311996778E+03));
#363 = CARTESIAN_POINT('',(6.672360632119E+03,-11.66720755782,
    2.462161182004E+03));
#364 = CARTESIAN_POINT('',(6.672427272274E+03,-11.82334213185,
    2.46200873904E+03));
#365 = CARTESIAN_POINT('',(6.672493782972E+03,-11.97643299615,
    2.461854715327E+03));
#366 = CARTESIAN_POINT('',(6.672742358166E+03,-12.53890940025,
    2.461271692281E+03));
#367 = CARTESIAN_POINT('',(6.672923240028E+03,-12.92865171726,
    2.460832531604E+03));
#368 = CARTESIAN_POINT('',(6.673101527745E+03,-13.29628752262,
    2.460382661867E+03));
#369 = CARTESIAN_POINT('',(6.673276093703E+03,-13.64231975969,
    2.459922889186E+03));
#370 = CARTESIAN_POINT('',(6.673445888683E+03,-13.96719016284,
    2.459453861175E+03));
#371 = CARTESIAN_POINT('',(6.673609922793E+03,-14.27126402512,
    2.458976091751E+03));
#372 = CARTESIAN_POINT('',(6.673943629963E+03,-14.87271845713,
    2.457944987809E+03));
#373 = CARTESIAN_POINT('',(6.674111613927E+03,-15.16488874929,
    2.457389401946E+03));
#374 = CARTESIAN_POINT('',(6.674269710714E+03,-15.43143145808,
    2.456824239047E+03));
#375 = CARTESIAN_POINT('',(6.674416533676E+03,-15.67243022048,
    2.456250400686E+03));
#376 = CARTESIAN_POINT('',(6.674550807778E+03,-15.88792856712,
    2.455668692052E+03));
#377 = CARTESIAN_POINT('',(6.674671380286E+03,-16.07791179448,
    2.455079834676E+03));
#378 = CARTESIAN_POINT('',(6.674888579483E+03,-16.41520200748,
    2.45385820673E+03));
#379 = CARTESIAN_POINT('',(6.674983637748E+03,-16.55978051534,
    2.453224742709E+03));
#380 = CARTESIAN_POINT('',(6.675061085738E+03,-16.67570962131,
    2.452585599403E+03));
#381 = CARTESIAN_POINT('',(6.675119892132E+03,-16.76279636375,
    2.451942204182E+03));
#382 = CARTESIAN_POINT('',(6.675159349544E+03,-16.82091912343,
    2.45129592284E+03));
#383 = CARTESIAN_POINT('',(6.675179091475E+03,-16.85,2.450648083348E+03)
  );
#384 = CARTESIAN_POINT('',(6.675179091475E+03,-16.85,2.449349891894E+03)
  );
#385 = CARTESIAN_POINT('',(6.675159225996E+03,-16.82073713048,
    2.448700031334E+03));
#386 = CARTESIAN_POINT('',(6.67511952197E+03,-16.76225109651,
    2.448051743855E+03));
#387 = CARTESIAN_POINT('',(6.675060350454E+03,-16.67462071068,
    2.447406368898E+03));
#388 = CARTESIAN_POINT('',(6.674982427469E+03,-16.55796879943,
    2.446765284307E+03));
#389 = CARTESIAN_POINT('',(6.674886796746E+03,-16.41249031087,
    2.446129930409E+03));
#390 = CARTESIAN_POINT('',(6.674668925342E+03,-16.07404465735,
    2.444908132324E+03));
#391 = CARTESIAN_POINT('',(6.674548427645E+03,-15.88411305541,
    2.444320909832E+03));
#392 = CARTESIAN_POINT('',(6.674414315031E+03,-15.66879837457,
    2.443740811474E+03));
#393 = CARTESIAN_POINT('',(6.674267732535E+03,-15.42811448014,
    2.443168552827E+03));
#394 = CARTESIAN_POINT('',(6.674109945971E+03,-15.16201741052,
    2.442604932399E+03));
#395 = CARTESIAN_POINT('',(6.673942331436E+03,-14.87042324146,
    2.442050844234E+03));
#396 = CARTESIAN_POINT('',(6.673475416856E+03,-14.02876333783,
    2.440608564033E+03));
#397 = CARTESIAN_POINT('',(6.673161883744E+03,-13.43475241147,
    2.439739401239E+03));
#398 = CARTESIAN_POINT('',(6.672831578288E+03,-12.7692473483,
    2.438901369928E+03));
#399 = CARTESIAN_POINT('',(6.672490686375E+03,-12.0289870509,
    2.438097685165E+03));
#400 = CARTESIAN_POINT('',(6.672146287378E+03,-11.20984039911,
    2.437333690151E+03));
#401 = CARTESIAN_POINT('',(6.671807029796E+03,-10.30732836618,
    2.436617434346E+03));
#402 = CARTESIAN_POINT('',(6.671373827374E+03,-8.981487653759,
    2.435737534944E+03));
#403 = CARTESIAN_POINT('',(6.671265847139E+03,-8.635371389289,
    2.435521339342E+03));
#404 = CARTESIAN_POINT('',(6.671160080748E+03,-8.278935837193,
    2.435312378888E+03));
#405 = CARTESIAN_POINT('',(6.671056995916E+03,-7.912090509126,
    2.435111199169E+03));
#406 = CARTESIAN_POINT('',(6.670957086344E+03,-7.534765113482,
    2.434918387529E+03));
#407 = CARTESIAN_POINT('',(6.670860870375E+03,-7.146909771797,
    2.434734573679E+03));
#408 = CARTESIAN_POINT('',(6.670656937431E+03,-6.263574129288,
    2.434348475718E+03));
#409 = CARTESIAN_POINT('',(6.670551129045E+03,-5.76244682441,
    2.434150601192E+03));
#410 = CARTESIAN_POINT('',(6.670452691304E+03,-5.245962286228,
    2.433968502415E+03));
#411 = CARTESIAN_POINT('',(6.670362801514E+03,-4.715049008688,
    2.433803751237E+03));
#412 = CARTESIAN_POINT('',(6.670282568762E+03,-4.170714832536,
    2.43365780502E+03));
#413 = CARTESIAN_POINT('',(6.670213015212E+03,-3.614046763901,
    2.433532015973E+03));
#414 = CARTESIAN_POINT('',(6.67011242783E+03,-2.628552047228,
    2.43335086949E+03));
#415 = CARTESIAN_POINT('',(6.670076095076E+03,-2.205082321858,
    2.433285725808E+03));
#416 = CARTESIAN_POINT('',(6.670046475058E+03,-1.776896665459,
    2.433232798339E+03));
#417 = CARTESIAN_POINT('',(6.670023887975E+03,-1.345100905618,
    2.433192532597E+03));
#418 = CARTESIAN_POINT('',(6.670008555214E+03,-0.910811501574,
    2.433165232411E+03));
#419 = CARTESIAN_POINT('',(6.670000596275E+03,-0.475155396971,
    2.433151061619E+03));
#420 = CARTESIAN_POINT('',(6.669999180596E+03,0.606343802521,
    2.433148541117E+03));
#421 = CARTESIAN_POINT('',(6.670014546153E+03,1.251168753795,
    2.433175898354E+03));
#422 = CARTESIAN_POINT('',(6.670046053311E+03,1.891881173876,
    2.433231987084E+03));
#423 = CARTESIAN_POINT('',(6.670093188255E+03,2.525174483772,
    2.433316098382E+03));
#424 = CARTESIAN_POINT('',(6.670154997096E+03,3.147794167324,
    2.433426947825E+03));
#425 = CARTESIAN_POINT('',(6.670230115613E+03,3.756571426263,
    2.433562664621E+03));
#426 = CARTESIAN_POINT('',(6.670370743542E+03,4.716517642288,
    2.433819082322E+03));
#427 = CARTESIAN_POINT('',(6.670429197313E+03,5.0784056577,
    2.43392614995E+03));
#428 = CARTESIAN_POINT('',(6.670491862759E+03,5.433875970975,
    2.434041540295E+03));
#429 = CARTESIAN_POINT('',(6.670558406807E+03,5.782701224709,
    2.434164816028E+03));
#430 = CARTESIAN_POINT('',(6.670628488185E+03,6.124670402341,
    2.434295530778E+03));
#431 = CARTESIAN_POINT('',(6.670701759684E+03,6.459588795363,
    2.43443322802E+03));
#432 = CARTESIAN_POINT('',(6.670870535395E+03,7.186240291697,
    2.434753018359E+03));
#433 = CARTESIAN_POINT('',(6.670967425873E+03,7.574559359627,
    2.434938285349E+03));
#434 = CARTESIAN_POINT('',(6.671067996096E+03,7.952270388984,
    2.435132564165E+03));
#435 = CARTESIAN_POINT('',(6.671171724394E+03,8.319429173749,
    2.435335222235E+03));
#436 = CARTESIAN_POINT('',(6.671278114461E+03,8.676111853709,
    2.435545670587E+03));
#437 = CARTESIAN_POINT('',(6.671386696645E+03,9.022414680922,
    2.43576336325E+03));
#438 = CARTESIAN_POINT('',(6.671580142181E+03,9.611590264033,
    2.436156861141E+03));
#439 = CARTESIAN_POINT('',(6.671664259888E+03,9.85893779066,
    2.436329774437E+03));
#440 = CARTESIAN_POINT('',(6.671749203855E+03,10.100572192832,
    2.436506342789E+03));
#441 = CARTESIAN_POINT('',(6.671834804562E+03,10.336571098608,
    2.436686388681E+03));
#442 = CARTESIAN_POINT('',(6.671920901463E+03,10.567013937358,
    2.436869750836E+03));
#443 = CARTESIAN_POINT('',(6.672007342987E+03,10.791981939763,
    2.437056284208E+03));
#444 = CARTESIAN_POINT('',(6.672160534722E+03,11.180207707891,
    2.437391467185E+03));
#445 = CARTESIAN_POINT('',(6.672227201365E+03,11.34567499033,
    2.437538867913E+03));
#446 = CARTESIAN_POINT('',(6.67229392149E+03,11.507996515895,
    2.437688003222E+03));
#447 = CARTESIAN_POINT('',(6.672360632119E+03,11.667207557829,
    2.437838817996E+03));
#448 = CARTESIAN_POINT('',(6.672427272274E+03,11.82334213185,
    2.43799126096E+03));
#449 = CARTESIAN_POINT('',(6.672493782972E+03,11.976432996153,
    2.438145284673E+03));
#450 = CARTESIAN_POINT('',(6.672742358171E+03,12.538909412107,
    2.438728307731E+03));
#451 = CARTESIAN_POINT('',(6.672923240023E+03,12.928651707831,
    2.439167468383E+03));
#452 = CARTESIAN_POINT('',(6.67310152774E+03,13.296287513301,
    2.439617338124E+03));
#453 = CARTESIAN_POINT('',(6.673276093706E+03,13.642319765982,
    2.440077110824E+03));
#454 = CARTESIAN_POINT('',(6.673445888688E+03,13.967190172891,
    2.440546138837E+03));
#455 = CARTESIAN_POINT('',(6.673609922789E+03,14.271264017399,
    2.441023908236E+03));
#456 = CARTESIAN_POINT('',(6.673943629962E+03,14.872718453866,
    2.442055012185E+03));
#457 = CARTESIAN_POINT('',(6.674111613928E+03,15.164888751611,
    2.442610598059E+03));
#458 = CARTESIAN_POINT('',(6.674269710716E+03,15.431431460632,
    2.443175760958E+03));
#459 = CARTESIAN_POINT('',(6.674416533675E+03,15.672430219127,
    2.44374959931E+03));
#460 = CARTESIAN_POINT('',(6.674550807777E+03,15.887928564563,
    2.444331307942E+03));
#461 = CARTESIAN_POINT('',(6.674671380287E+03,16.077911796114,
    2.44492016533E+03));
#462 = CARTESIAN_POINT('',(6.674888579483E+03,16.415202007489,
    2.44614179327E+03));
#463 = CARTESIAN_POINT('',(6.674983637748E+03,16.559780515344,
    2.446775257291E+03));
#464 = CARTESIAN_POINT('',(6.675061085738E+03,16.675709621319,
    2.447414400597E+03));
#465 = CARTESIAN_POINT('',(6.675119892132E+03,16.762796363755,
    2.448057795818E+03));
#466 = CARTESIAN_POINT('',(6.675159349544E+03,16.820919123436,
    2.44870407716E+03));
#467 = CARTESIAN_POINT('',(6.675179091475E+03,16.85,2.449351916652E+03)
  );
#468 = CARTESIAN_POINT('',(6.675179091475E+03,16.85,2.450650108106E+03)
  );
#469 = CARTESIAN_POINT('',(6.675159225996E+03,16.820737130485,
    2.451299968666E+03));
#470 = CARTESIAN_POINT('',(6.67511952197E+03,16.762251096517,
    2.451948256145E+03));
#471 = CARTESIAN_POINT('',(6.675060350454E+03,16.674620710683,
    2.452593631102E+03));
#472 = CARTESIAN_POINT('',(6.674982427469E+03,16.557968799436,
    2.453234715693E+03));
#473 = CARTESIAN_POINT('',(6.674886796746E+03,16.412490310879,
    2.453870069591E+03));
#474 = CARTESIAN_POINT('',(6.674668925343E+03,16.074044658997,
    2.45509186767E+03));
#475 = CARTESIAN_POINT('',(6.674548427643E+03,15.88411305288,
    2.455679090174E+03));
#476 = CARTESIAN_POINT('',(6.67441431503E+03,15.668798373209,
    2.456259188531E+03));
#477 = CARTESIAN_POINT('',(6.674267732537E+03,15.428114482642,
    2.456831447169E+03));
#478 = CARTESIAN_POINT('',(6.674109945972E+03,15.16201741282,
    2.457395067595E+03));
#479 = CARTESIAN_POINT('',(6.673942331434E+03,14.870423238267,
    2.457949155771E+03));
#480 = CARTESIAN_POINT('',(6.673475416856E+03,14.028763337831,
    2.459391435967E+03));
#481 = CARTESIAN_POINT('',(6.673161883744E+03,13.434752411478,
    2.460260598761E+03));
#482 = CARTESIAN_POINT('',(6.672831578288E+03,12.769247348316,
    2.461098630072E+03));
#483 = CARTESIAN_POINT('',(6.672490686375E+03,12.028987050891,
    2.461902314835E+03));
#484 = CARTESIAN_POINT('',(6.672146287378E+03,11.209840399121,
    2.462666309849E+03));
#485 = CARTESIAN_POINT('',(6.671807029796E+03,10.307328366189,
    2.463382565654E+03));
#486 = CARTESIAN_POINT('',(6.671373827374E+03,8.981487653758,
    2.464262465056E+03));
#487 = CARTESIAN_POINT('',(6.671265847139E+03,8.63537138929,
    2.464478660658E+03));
#488 = CARTESIAN_POINT('',(6.671160080748E+03,8.278935837194,
    2.464687621112E+03));
#489 = CARTESIAN_POINT('',(6.671056995916E+03,7.912090509126,
    2.464888800831E+03));
#490 = CARTESIAN_POINT('',(6.670957086344E+03,7.534765113481,
    2.465081612471E+03));
#491 = CARTESIAN_POINT('',(6.670860870375E+03,7.146909771796,
    2.465265426321E+03));
#492 = CARTESIAN_POINT('',(6.67069658523E+03,6.435308586395,
    2.465576460716E+03));
#493 = CARTESIAN_POINT('',(6.670626889201E+03,6.11555953769,
    2.465707392409E+03));
#494 = CARTESIAN_POINT('',(6.67056010566E+03,5.789403445152,
    2.465831959703E+03));
#495 = CARTESIAN_POINT('',(6.670496535594E+03,5.457009124856,
    2.465949766752E+03));
#496 = CARTESIAN_POINT('',(6.670436475098E+03,5.118558885786,
    2.466060426044E+03));
#497 = CARTESIAN_POINT('',(6.670380213602E+03,4.77424856278,
    2.466163557534E+03));
#498 = CARTESIAN_POINT('',(6.670239194672E+03,3.82848970204,
    2.466420914307E+03));
#499 = CARTESIAN_POINT('',(6.67016202646E+03,3.215266410904,
    2.466560424982E+03));
#500 = CARTESIAN_POINT('',(6.670098313131E+03,2.587719923943,
    2.466674740279E+03));
#501 = CARTESIAN_POINT('',(6.670049477878E+03,1.949077332588,
    2.46676190883E+03));
#502 = CARTESIAN_POINT('',(6.670016523389E+03,1.302656837807,
    2.4668205815E+03));
#503 = CARTESIAN_POINT('',(6.67E+03,0.651832861023,2.46685E+03));
#504 = CARTESIAN_POINT('',(6.67E+03,3.552713678801E-15,2.46685E+03));
#505 = PCURVE('',#203,#506);
#506 = DEFINITIONAL_REPRESENTATION('',(#507),#678);
#507 = B_SPLINE_CURVE_WITH_KNOTS('',7,(#508,#509,#510,#511,#512,#513,
    #514,#515,#516,#517,#518,#519,#520,#521,#522,#523,#524,#525,#526,
    #527,#528,#529,#530,#531,#532,#533,#534,#535,#536,#537,#538,#539,
    #540,#541,#542,#543,#544,#545,#546,#547,#548,#549,#550,#551,#552,
    #553,#554,#555,#556,#557,#558,#559,#560,#561,#562,#563,#564,#565,
    #566,#567,#568,#569,#570,#571,#572,#573,#574,#575,#576,#577,#578,
    #579,#580,#581,#582,#583,#584,#585,#586,#587,#588,#589,#590,#591,
    #592,#593,#594,#595,#596,#597,#598,#599,#600,#601,#602,#603,#604,
    #605,#606,#607,#608,#609,#610,#611,#612,#613,#614,#615,#616,#617,
    #618,#619,#620,#621,#622,#623,#624,#625,#626,#627,#628,#629,#630,
    #631,#632,#633,#634,#635,#636,#637,#638,#639,#640,#641,#642,#643,
    #644,#645,#646,#647,#648,#649,#650,#651,#652,#653,#654,#655,#656,
    #657,#658,#659,#660,#661,#662,#663,#664,#665,#666,#667,#668,#669,
    #670,#671,#672,#673,#674,#675,#676,#677),.UNSPECIFIED.,.T.,.F.,(8,6,
    6,6,6,6,6,6,6,6,6,6,6,6,6,6,6,6,6,6,6,6,6,6,6,6,6,6,8),(0.,
    3.368055526696E-02,5.480796010768E-02,8.05306238835E-02,
    9.990737023909E-02,0.114790039542,0.15568579055,0.201536112807,
    0.249767450092,0.298149472932,0.343882037992,0.419497502607,
    0.445155593319,0.476384749331,0.49935463992,0.533376589841,
    0.55453306918,0.580291131222,0.599694542904,0.614597693005,
    0.655549723914,0.701463142729,0.749760853668,0.798209457526,
    0.844004957092,0.919724480091,0.945417880239,0.965615009479,1.),
  .UNSPECIFIED.);
#508 = CARTESIAN_POINT('',(3.14159265359,46.85));
#509 = CARTESIAN_POINT('',(3.162925799175,46.85));
#510 = CARTESIAN_POINT('',(3.184227489799,46.821640391591));
#511 = CARTESIAN_POINT('',(3.205405947142,46.765072085472));
#512 = CARTESIAN_POINT('',(3.226369835675,46.681002198002));
#513 = CARTESIAN_POINT('',(3.247027481018,46.57069137927));
#514 = CARTESIAN_POINT('',(3.267286465131,46.435964285354));
#515 = CARTESIAN_POINT('',(3.299453281792,46.180917677827));
#516 = CARTESIAN_POINT('',(3.31167124674,46.073850050462));
#517 = CARTESIAN_POINT('',(3.323701013162,45.958459705394));
#518 = CARTESIAN_POINT('',(3.335536172188,45.83518397178));
#519 = CARTESIAN_POINT('',(3.347170395317,45.704469222259));
#520 = CARTESIAN_POINT('',(3.358597443665,45.566771980019));
#521 = CARTESIAN_POINT('',(3.383463923505,45.246981641387));
#522 = CARTESIAN_POINT('',(3.396802960265,45.061714651164));
#523 = CARTESIAN_POINT('',(3.40982947022,44.867435834709));
#524 = CARTESIAN_POINT('',(3.422544629754,44.664777765329));
#525 = CARTESIAN_POINT('',(3.434949709826,44.454329413487));
#526 = CARTESIAN_POINT('',(3.447046176879,44.236636750185));
#527 = CARTESIAN_POINT('',(3.467716849696,43.843138859194));
#528 = CARTESIAN_POINT('',(3.476425028598,43.670225562834));
#529 = CARTESIAN_POINT('',(3.484961993019,43.493657211133));
#530 = CARTESIAN_POINT('',(3.493329389851,43.31361131856));
#531 = CARTESIAN_POINT('',(3.501528850311,43.130249164185));
#532 = CARTESIAN_POINT('',(3.509561989949,42.943715791682));
#533 = CARTESIAN_POINT('',(3.523473893512,42.608532814765));
#534 = CARTESIAN_POINT('',(3.529420157848,42.461132086748));
#535 = CARTESIAN_POINT('',(3.535269894291,42.311996778076));
#536 = CARTESIAN_POINT('',(3.541023735921,42.161182003576));
#537 = CARTESIAN_POINT('',(3.546682256264,42.008739040104));
#538 = CARTESIAN_POINT('',(3.55224596929,41.854715326546));
#539 = CARTESIAN_POINT('',(3.572744460623,41.271692280815));
#540 = CARTESIAN_POINT('',(3.587064419045,40.832531604011));
#541 = CARTESIAN_POINT('',(3.600680938928,40.382661866513));
#542 = CARTESIAN_POINT('',(3.613597402257,39.922889186204));
#543 = CARTESIAN_POINT('',(3.625814570705,39.453861175441));
#544 = CARTESIAN_POINT('',(3.637330317585,38.976091750752));
#545 = CARTESIAN_POINT('',(3.660257930951,37.944987809288));
#546 = CARTESIAN_POINT('',(3.671490608999,37.389401946341));
#547 = CARTESIAN_POINT('',(3.681819308034,36.824239046579));
#548 = CARTESIAN_POINT('',(3.691225050208,36.250400685675));
#549 = CARTESIAN_POINT('',(3.699688160749,35.66869205185));
#550 = CARTESIAN_POINT('',(3.707188462967,35.079834675613));
#551 = CARTESIAN_POINT('',(3.720560913035,33.858206730266));
#552 = CARTESIAN_POINT('',(3.726328282577,33.224742709128));
#553 = CARTESIAN_POINT('',(3.730975465424,32.585599402703));
#554 = CARTESIAN_POINT('',(3.73447819323,31.942204181712));
#555 = CARTESIAN_POINT('',(3.736819883341,31.295922839875));
#556 = CARTESIAN_POINT('',(3.737991510134,30.648083347532));
#557 = CARTESIAN_POINT('',(3.737991510134,29.34989189422));
#558 = CARTESIAN_POINT('',(3.736812551132,28.700031334019));
#559 = CARTESIAN_POINT('',(3.73445622509,28.051743854655));
#560 = CARTESIAN_POINT('',(3.73093166849,27.406368898405));
#561 = CARTESIAN_POINT('',(3.726255658596,26.765284307127));
#562 = CARTESIAN_POINT('',(3.720452743972,26.129930409213));
#563 = CARTESIAN_POINT('',(3.707035780867,24.908132323997));
#564 = CARTESIAN_POINT('',(3.699538267981,24.32090983202));
#565 = CARTESIAN_POINT('',(3.691083199713,23.740811473952));
#566 = CARTESIAN_POINT('',(3.681690587444,23.168552826887));
#567 = CARTESIAN_POINT('',(3.671379932085,22.604932399273));
#568 = CARTESIAN_POINT('',(3.660170031359,22.050844234165));
#569 = CARTESIAN_POINT('',(3.628086795542,20.608564032669));
#570 = CARTESIAN_POINT('',(3.60570236718,19.739401239362));
#571 = CARTESIAN_POINT('',(3.580949738975,18.901369928164));
#572 = CARTESIAN_POINT('',(3.553806733538,18.097685165373));
#573 = CARTESIAN_POINT('',(3.524218358902,17.333690151256));
#574 = CARTESIAN_POINT('',(3.492110129699,16.617434345946));
#575 = CARTESIAN_POINT('',(3.445616188236,15.737534944084));
#576 = CARTESIAN_POINT('',(3.433531643132,15.521339342483));
#577 = CARTESIAN_POINT('',(3.421140380909,15.312378887754));
#578 = CARTESIAN_POINT('',(3.408441086162,15.111199169063));
#579 = CARTESIAN_POINT('',(3.395432640539,14.918387528911));
#580 = CARTESIAN_POINT('',(3.3821140232,14.7345736788));
#581 = CARTESIAN_POINT('',(3.351894998604,14.348475717775));
#582 = CARTESIAN_POINT('',(3.334825480623,14.150601191923));
#583 = CARTESIAN_POINT('',(3.317305021157,13.968502414623));
#584 = CARTESIAN_POINT('',(3.299363146101,13.803751236853));
#585 = CARTESIAN_POINT('',(3.281029619525,13.657805020038));
#586 = CARTESIAN_POINT('',(3.262334519785,13.532015972797));
#587 = CARTESIAN_POINT('',(3.229314026855,13.350869489701));
#588 = CARTESIAN_POINT('',(3.215148350263,13.28572580823));
#589 = CARTESIAN_POINT('',(3.200844539293,13.232798339018));
#590 = CARTESIAN_POINT('',(3.186435366165,13.192532597068));
#591 = CARTESIAN_POINT('',(3.171953382452,13.16523241124));
#592 = CARTESIAN_POINT('',(3.157431179644,13.151061618872));
#593 = CARTESIAN_POINT('',(3.121381175442,13.148541117321));
#594 = CARTESIAN_POINT('',(3.099887695855,13.175898353632));
#595 = CARTESIAN_POINT('',(3.078515741137,13.23198708443));
#596 = CARTESIAN_POINT('',(3.057359368274,13.316098382103));
#597 = CARTESIAN_POINT('',(3.036512982803,13.426947825041));
#598 = CARTESIAN_POINT('',(3.016071766197,13.562664621016));
#599 = CARTESIAN_POINT('',(2.983732025388,13.819082322169));
#600 = CARTESIAN_POINT('',(2.97151406044,13.926149949537));
#601 = CARTESIAN_POINT('',(2.959484294018,14.041540294609));
#602 = CARTESIAN_POINT('',(2.947649134991,14.164816028225));
#603 = CARTESIAN_POINT('',(2.936014911863,14.295530777741));
#604 = CARTESIAN_POINT('',(2.924587863515,14.433228019976));
#605 = CARTESIAN_POINT('',(2.899721383674,14.753018358613));
#606 = CARTESIAN_POINT('',(2.886382346915,14.938285348836));
#607 = CARTESIAN_POINT('',(2.873355836959,15.132564165291));
#608 = CARTESIAN_POINT('',(2.860640677425,15.335222234671));
#609 = CARTESIAN_POINT('',(2.848235597354,15.545670586513));
#610 = CARTESIAN_POINT('',(2.8361391303,15.763363249815));
#611 = CARTESIAN_POINT('',(2.815468457483,16.156861140806));
#612 = CARTESIAN_POINT('',(2.806760278582,16.329774437166));
#613 = CARTESIAN_POINT('',(2.79822331416,16.506342788867));
#614 = CARTESIAN_POINT('',(2.789855917329,16.68638868144));
#615 = CARTESIAN_POINT('',(2.781656456869,16.869750835815));
#616 = CARTESIAN_POINT('',(2.773623317231,17.056284208318));
#617 = CARTESIAN_POINT('',(2.759711413668,17.391467185235));
#618 = CARTESIAN_POINT('',(2.753765149331,17.538867913252));
#619 = CARTESIAN_POINT('',(2.747915412889,17.688003221924));
#620 = CARTESIAN_POINT('',(2.742161571259,17.838817996424));
#621 = CARTESIAN_POINT('',(2.736503050915,17.991260959896));
#622 = CARTESIAN_POINT('',(2.730939337889,18.145284673454));
#623 = CARTESIAN_POINT('',(2.710440846124,18.728307731472));
#624 = CARTESIAN_POINT('',(2.696120888486,19.167468383079));
#625 = CARTESIAN_POINT('',(2.682504368592,19.617338123565));
#626 = CARTESIAN_POINT('',(2.669587904684,20.077110824369));
#627 = CARTESIAN_POINT('',(2.657370736102,20.546138837295));
#628 = CARTESIAN_POINT('',(2.645854989889,21.023908235996));
#629 = CARTESIAN_POINT('',(2.622927376353,22.05501218511));
#630 = CARTESIAN_POINT('',(2.61169469809,22.610598059472));
#631 = CARTESIAN_POINT('',(2.601365999048,23.175760957938));
#632 = CARTESIAN_POINT('',(2.591960257025,23.749599309595));
#633 = CARTESIAN_POINT('',(2.58349714653,24.331307942391));
#634 = CARTESIAN_POINT('',(2.575996844148,24.920165330299));
#635 = CARTESIAN_POINT('',(2.562624394144,26.141793269734));
#636 = CARTESIAN_POINT('',(2.556857024602,26.77525729087));
#637 = CARTESIAN_POINT('',(2.552209841755,27.414400597296));
#638 = CARTESIAN_POINT('',(2.548707113949,28.057795818288));
#639 = CARTESIAN_POINT('',(2.546365423838,28.704077160125));
#640 = CARTESIAN_POINT('',(2.545193797045,29.351916652469));
#641 = CARTESIAN_POINT('',(2.545193797045,30.650108105779));
#642 = CARTESIAN_POINT('',(2.546372756048,31.29996866598));
#643 = CARTESIAN_POINT('',(2.54872908209,31.948256145347));
#644 = CARTESIAN_POINT('',(2.55225363869,32.593631101597));
#645 = CARTESIAN_POINT('',(2.556929648583,33.234715692871));
#646 = CARTESIAN_POINT('',(2.562732563207,33.870069590786));
#647 = CARTESIAN_POINT('',(2.576149526247,35.091867670083));
#648 = CARTESIAN_POINT('',(2.583647039297,35.679090173677));
#649 = CARTESIAN_POINT('',(2.59210210752,36.259188530783));
#650 = CARTESIAN_POINT('',(2.60149471964,36.83144716869));
#651 = CARTESIAN_POINT('',(2.611805375006,37.395067594962));
#652 = CARTESIAN_POINT('',(2.623015275942,37.94915577132));
#653 = CARTESIAN_POINT('',(2.655098511638,39.391435967332));
#654 = CARTESIAN_POINT('',(2.67748294,40.260598760632));
#655 = CARTESIAN_POINT('',(2.702235568204,41.098630071842));
#656 = CARTESIAN_POINT('',(2.729378573642,41.902314834625));
#657 = CARTESIAN_POINT('',(2.758966948277,42.666309848746));
#658 = CARTESIAN_POINT('',(2.791075177481,43.382565654053));
#659 = CARTESIAN_POINT('',(2.837569118943,44.262465055916));
#660 = CARTESIAN_POINT('',(2.849653664048,44.478660657517));
#661 = CARTESIAN_POINT('',(2.862044926271,44.687621112246));
#662 = CARTESIAN_POINT('',(2.874744221018,44.888800830937));
#663 = CARTESIAN_POINT('',(2.88775266664,45.081612471089));
#664 = CARTESIAN_POINT('',(2.90107128398,45.265426321201));
#665 = CARTESIAN_POINT('',(2.925415250972,45.576460715744));
#666 = CARTESIAN_POINT('',(2.936322988372,45.707392408567));
#667 = CARTESIAN_POINT('',(2.947418988375,45.831959703345));
#668 = CARTESIAN_POINT('',(2.958697849723,45.949766751859));
#669 = CARTESIAN_POINT('',(2.970154096872,46.060426044096));
#670 = CARTESIAN_POINT('',(2.981782187211,46.163557534435));
#671 = CARTESIAN_POINT('',(3.013656003723,46.420914307407));
#672 = CARTESIAN_POINT('',(3.034252625121,46.560424981766));
#673 = CARTESIAN_POINT('',(3.055268531008,46.674740278976));
#674 = CARTESIAN_POINT('',(3.07660666409,46.761908829509));
#675 = CARTESIAN_POINT('',(3.098170755473,46.820581500082));
#676 = CARTESIAN_POINT('',(3.119864891556,46.85));
#677 = CARTESIAN_POINT('',(3.14159265359,46.85));
#678 = ( GEOMETRIC_REPRESENTATION_CONTEXT(2) 
PARAMETRIC_REPRESENTATION_CONTEXT() REPRESENTATION_CONTEXT('2D SPACE',''
  ) );
#679 = PCURVE('',#680,#685);
#680 = CYLINDRICAL_SURFACE('',#681,16.85);
#681 = AXIS2_PLACEMENT_3D('',#682,#683,#684);
#682 = CARTESIAN_POINT('',(6.E+03,0.,2.45E+03));
#683 = DIRECTION('',(1.,0.,0.));
#684 = DIRECTION('',(-0.,0.,1.));
#685 = DEFINITIONAL_REPRESENTATION('',(#686),#857);
#686 = B_SPLINE_CURVE_WITH_KNOTS('',7,(#687,#688,#689,#690,#691,#692,
    #693,#694,#695,#696,#697,#698,#699,#700,#701,#702,#703,#704,#705,
    #706,#707,#708,#709,#710,#711,#712,#713,#714,#715,#716,#717,#718,
    #719,#720,#721,#722,#723,#724,#725,#726,#727,#728,#729,#730,#731,
    #732,#733,#734,#735,#736,#737,#738,#739,#740,#741,#742,#743,#744,
    #745,#746,#747,#748,#749,#750,#751,#752,#753,#754,#755,#756,#757,
    #758,#759,#760,#761,#762,#763,#764,#765,#766,#767,#768,#769,#770,
    #771,#772,#773,#774,#775,#776,#777,#778,#779,#780,#781,#782,#783,
    #784,#785,#786,#787,#788,#789,#790,#791,#792,#793,#794,#795,#796,
    #797,#798,#799,#800,#801,#802,#803,#804,#805,#806,#807,#808,#809,
    #810,#811,#812,#813,#814,#815,#816,#817,#818,#819,#820,#821,#822,
    #823,#824,#825,#826,#827,#828,#829,#830,#831,#832,#833,#834,#835,
    #836,#837,#838,#839,#840,#841,#842,#843,#844,#845,#846,#847,#848,
    #849,#850,#851,#852,#853,#854,#855,#856),.UNSPECIFIED.,.F.,.F.,(8,6,
    6,6,6,6,6,6,6,6,6,6,6,6,6,6,6,6,6,6,6,6,6,6,6,6,6,6,8),(0.,
    3.368055526696E-02,5.480796010768E-02,8.05306238835E-02,
    9.990737023909E-02,0.114790039542,0.15568579055,0.201536112807,
    0.249767450092,0.298149472932,0.343882037992,0.419497502607,
    0.445155593319,0.476384749331,0.49935463992,0.533376589841,
    0.55453306918,0.580291131222,0.599694542904,0.614597693005,
    0.655549723914,0.701463142729,0.749760853668,0.798209457526,
    0.844004957092,0.919724480091,0.945417880239,0.965615009479,1.),
  .UNSPECIFIED.);
#687 = CARTESIAN_POINT('',(0.,670.));
#688 = CARTESIAN_POINT('',(3.798186157682E-02,670.));
#689 = CARTESIAN_POINT('',(7.590771305779E-02,670.01592864518));
#690 = CARTESIAN_POINT('',(0.113675454284,670.04770118152));
#691 = CARTESIAN_POINT('',(0.151182819168,670.09480481545));
#692 = CARTESIAN_POINT('',(0.188322923889,670.15630369668));
#693 = CARTESIAN_POINT('',(0.224979603228,670.23086756596));
#694 = CARTESIAN_POINT('',(0.283631830068,670.3707435418));
#695 = CARTESIAN_POINT('',(0.306021175044,670.42919731262));
#696 = CARTESIAN_POINT('',(0.32818888799,670.49186275914));
#697 = CARTESIAN_POINT('',(0.350132469187,670.55840680685));
#698 = CARTESIAN_POINT('',(0.371848559935,670.62848818503));
#699 = CARTESIAN_POINT('',(0.393332901344,670.70175968367));
#700 = CARTESIAN_POINT('',(0.440449041278,670.8705353945));
#701 = CARTESIAN_POINT('',(0.465971268213,670.96742587273));
#702 = CARTESIAN_POINT('',(0.491160957999,671.06799609606));
#703 = CARTESIAN_POINT('',(0.516030920076,671.17172439405));
#704 = CARTESIAN_POINT('',(0.540593189234,671.27811446148));
#705 = CARTESIAN_POINT('',(0.564859425596,671.386696645));
#706 = CARTESIAN_POINT('',(0.606906744521,671.58014218129));
#707 = CARTESIAN_POINT('',(0.624813390928,671.66425988784));
#708 = CARTESIAN_POINT('',(0.642568113206,671.74920385476));
#709 = CARTESIAN_POINT('',(0.660177793385,671.83480456184));
#710 = CARTESIAN_POINT('',(0.677649336133,671.92090146322));
#711 = CARTESIAN_POINT('',(0.694989668749,672.00734298743));
#712 = CARTESIAN_POINT('',(0.725428864794,672.16053472232));
#713 = CARTESIAN_POINT('',(0.73857860724,672.22720136521));
#714 = CARTESIAN_POINT('',(0.75165807239,672.29392149011));
#715 = CARTESIAN_POINT('',(0.764670302516,672.36063211939));
#716 = CARTESIAN_POINT('',(0.777618278276,672.42727227367));
#717 = CARTESIAN_POINT('',(0.790504918718,672.49378297186));
#718 = CARTESIAN_POINT('',(0.838583299582,672.74235816585));
#719 = CARTESIAN_POINT('',(0.873399672161,672.92324002816));
#720 = CARTESIAN_POINT('',(0.907833975877,673.10152774467));
#721 = CARTESIAN_POINT('',(0.941936288663,673.27609370252));
#722 = CARTESIAN_POINT('',(0.975755553738,673.44588868269));
#723 = CARTESIAN_POINT('',(1.009340143826,673.60992279323));
#724 = CARTESIAN_POINT('',(1.080182950407,673.94362996338));
#725 = CARTESIAN_POINT('',(1.11740074275,674.11161392699));
#726 = CARTESIAN_POINT('',(1.154428930246,674.26971071439));
#727 = CARTESIAN_POINT('',(1.191304849386,674.41653367635));
#728 = CARTESIAN_POINT('',(1.228066674436,674.55080777843));
#729 = CARTESIAN_POINT('',(1.264754046559,674.67138028612));
#730 = CARTESIAN_POINT('',(1.339966841849,674.88857948259));
#731 = CARTESIAN_POINT('',(1.378488844842,674.98363774771));
#732 = CARTESIAN_POINT('',(1.416976888178,675.06108573771));
#733 = CARTESIAN_POINT('',(1.455439036722,675.11989213198));
#734 = CARTESIAN_POINT('',(1.493886965397,675.15934954401));
#735 = CARTESIAN_POINT('',(1.53233440706,675.17909147512));
#736 = CARTESIAN_POINT('',(1.609378410224,675.17909147512));
#737 = CARTESIAN_POINT('',(1.647945796445,675.15922599582));
#738 = CARTESIAN_POINT('',(1.686513657888,675.11952196991));
#739 = CARTESIAN_POINT('',(1.725095912104,675.06035045356));
#740 = CARTESIAN_POINT('',(1.763704390271,674.98242746941));
#741 = CARTESIAN_POINT('',(1.802347264539,674.88679674555));
#742 = CARTESIAN_POINT('',(1.877588069573,674.66892534154));
#743 = CARTESIAN_POINT('',(1.914182426872,674.54842764485));
#744 = CARTESIAN_POINT('',(1.950851266029,674.41431503073));
#745 = CARTESIAN_POINT('',(1.98763397921,674.26773253531));
#746 = CARTESIAN_POINT('',(2.024568514324,674.10994597086));
#747 = CARTESIAN_POINT('',(2.061691998526,673.94233143604));
#748 = CARTESIAN_POINT('',(2.160795812788,673.47541685597));
#749 = CARTESIAN_POINT('',(2.223115216695,673.16188374422));
#750 = CARTESIAN_POINT('',(2.286362171551,672.83157828759));
#751 = CARTESIAN_POINT('',(2.350885451361,672.49068637499));
#752 = CARTESIAN_POINT('',(2.417035295719,672.14628737794));
#753 = CARTESIAN_POINT('',(2.485168306865,671.80702979637));
#754 = CARTESIAN_POINT('',(2.579604508452,671.37382737404));
#755 = CARTESIAN_POINT('',(2.603814251371,671.26584713895));
#756 = CARTESIAN_POINT('',(2.628319221921,671.16008074841));
#757 = CARTESIAN_POINT('',(2.653130723964,671.05699591632));
#758 = CARTESIAN_POINT('',(2.678260451815,670.95708634369));
#759 = CARTESIAN_POINT('',(2.703720879294,670.86087037487));
#760 = CARTESIAN_POINT('',(2.760933331488,670.65693743138));
#761 = CARTESIAN_POINT('',(2.792887617543,670.55112904534));
#762 = CARTESIAN_POINT('',(2.825352700967,670.45269130438));
#763 = CARTESIAN_POINT('',(2.858299184,670.36280151352));
#764 = CARTESIAN_POINT('',(2.891703121196,670.2825687621));
#765 = CARTESIAN_POINT('',(2.925545063515,670.21301521153));
#766 = CARTESIAN_POINT('',(2.985011231621,670.11242782958));
#767 = CARTESIAN_POINT('',(3.010427795125,670.07609507553));
#768 = CARTESIAN_POINT('',(3.036014698764,670.04647505798));
#769 = CARTESIAN_POINT('',(3.061730763959,670.02388797521));
#770 = CARTESIAN_POINT('',(3.087536595258,670.00855521368));
#771 = CARTESIAN_POINT('',(3.113393447876,670.00059627484));
#772 = CARTESIAN_POINT('',(3.177577550937,669.99918059577));
#773 = CARTESIAN_POINT('',(3.215842204644,670.01454615294));
#774 = CARTESIAN_POINT('',(3.253950701228,670.04605331113));
#775 = CARTESIAN_POINT('',(3.291797653304,670.0931882552));
#776 = CARTESIAN_POINT('',(3.329272967944,670.15499709567));
#777 = CARTESIAN_POINT('',(3.36625695094,670.23011561297));
#778 = CARTESIAN_POINT('',(3.425224483657,670.3707435418));
#779 = CARTESIAN_POINT('',(3.447613828633,670.42919731262));
#780 = CARTESIAN_POINT('',(3.469781541581,670.49186275914));
#781 = CARTESIAN_POINT('',(3.491725122778,670.55840680685));
#782 = CARTESIAN_POINT('',(3.513441213525,670.62848818503));
#783 = CARTESIAN_POINT('',(3.534925554933,670.70175968367));
#784 = CARTESIAN_POINT('',(3.582041694868,670.8705353945));
#785 = CARTESIAN_POINT('',(3.607563921803,670.96742587273));
#786 = CARTESIAN_POINT('',(3.632753611589,671.06799609606));
#787 = CARTESIAN_POINT('',(3.657623573665,671.17172439405));
#788 = CARTESIAN_POINT('',(3.682185842824,671.27811446148));
#789 = CARTESIAN_POINT('',(3.706452079186,671.386696645));
#790 = CARTESIAN_POINT('',(3.74849939811,671.58014218129));
#791 = CARTESIAN_POINT('',(3.766406044518,671.66425988784));
#792 = CARTESIAN_POINT('',(3.784160766795,671.74920385476));
#793 = CARTESIAN_POINT('',(3.801770446975,671.83480456184));
#794 = CARTESIAN_POINT('',(3.819241989723,671.92090146322));
#795 = CARTESIAN_POINT('',(3.836582322339,672.00734298743));
#796 = CARTESIAN_POINT('',(3.867021518384,672.16053472232));
#797 = CARTESIAN_POINT('',(3.88017126083,672.22720136521));
#798 = CARTESIAN_POINT('',(3.89325072598,672.29392149011));
#799 = CARTESIAN_POINT('',(3.906262956105,672.36063211939));
#800 = CARTESIAN_POINT('',(3.919210931866,672.42727227367));
#801 = CARTESIAN_POINT('',(3.932097572308,672.49378297186));
#802 = CARTESIAN_POINT('',(3.980175954185,672.74235817109));
#803 = CARTESIAN_POINT('',(4.014992324797,672.92324002345));
#804 = CARTESIAN_POINT('',(4.049426628659,673.10152774049));
#805 = CARTESIAN_POINT('',(4.083528942983,673.27609370599));
#806 = CARTESIAN_POINT('',(4.117348208295,673.44588868754));
#807 = CARTESIAN_POINT('',(4.150932796506,673.60992278894));
#808 = CARTESIAN_POINT('',(4.221775603612,673.94362996157));
#809 = CARTESIAN_POINT('',(4.258993396713,674.11161392837));
#810 = CARTESIAN_POINT('',(4.296021584143,674.26971071582));
#811 = CARTESIAN_POINT('',(4.332897502684,674.41653367548));
#812 = CARTESIAN_POINT('',(4.36965932765,674.55080777693));
#813 = CARTESIAN_POINT('',(4.406346700513,674.67138028718));
#814 = CARTESIAN_POINT('',(4.481559495439,674.88857948259));
#815 = CARTESIAN_POINT('',(4.520081498432,674.98363774771));
#816 = CARTESIAN_POINT('',(4.558569541768,675.06108573771));
#817 = CARTESIAN_POINT('',(4.597031690312,675.11989213198));
#818 = CARTESIAN_POINT('',(4.635479618987,675.15934954401));
#819 = CARTESIAN_POINT('',(4.67392706065,675.17909147512));
#820 = CARTESIAN_POINT('',(4.750971063814,675.17909147512));
#821 = CARTESIAN_POINT('',(4.789538450035,675.15922599582));
#822 = CARTESIAN_POINT('',(4.828106311478,675.11952196991));
#823 = CARTESIAN_POINT('',(4.866688565694,675.06035045356));
#824 = CARTESIAN_POINT('',(4.905297043861,674.98242746941));
#825 = CARTESIAN_POINT('',(4.943939918128,674.88679674555));
#826 = CARTESIAN_POINT('',(5.019180722798,674.6689253426));
#827 = CARTESIAN_POINT('',(5.055775080834,674.54842764337));
#828 = CARTESIAN_POINT('',(5.092443919911,674.41431502985));
#829 = CARTESIAN_POINT('',(5.129226632498,674.26773253671));
#830 = CARTESIAN_POINT('',(5.166161167543,674.10994597223));
#831 = CARTESIAN_POINT('',(5.203284652493,673.94233143426));
#832 = CARTESIAN_POINT('',(5.302388466378,673.47541685597));
#833 = CARTESIAN_POINT('',(5.364707870284,673.16188374422));
#834 = CARTESIAN_POINT('',(5.427954825141,672.83157828759));
#835 = CARTESIAN_POINT('',(5.492478104952,672.49068637499));
#836 = CARTESIAN_POINT('',(5.558627949309,672.14628737794));
#837 = CARTESIAN_POINT('',(5.626760960455,671.80702979637));
#838 = CARTESIAN_POINT('',(5.721197162042,671.37382737404));
#839 = CARTESIAN_POINT('',(5.74540690496,671.26584713895));
#840 = CARTESIAN_POINT('',(5.769911875511,671.16008074841));
#841 = CARTESIAN_POINT('',(5.794723377554,671.05699591632));
#842 = CARTESIAN_POINT('',(5.819853105405,670.95708634369));
#843 = CARTESIAN_POINT('',(5.845313532884,670.86087037487));
#844 = CARTESIAN_POINT('',(5.891402977079,670.69658522962));
#845 = CARTESIAN_POINT('',(5.91190286419,670.62688920064));
#846 = CARTESIAN_POINT('',(5.932613525975,670.56010566047));
#847 = CARTESIAN_POINT('',(5.953531301206,670.49653559385));
#848 = CARTESIAN_POINT('',(5.974653272423,670.43647509765));
#849 = CARTESIAN_POINT('',(5.995977233209,670.38021360168));
#850 = CARTESIAN_POINT('',(6.054146321474,670.23919467213));
#851 = CARTESIAN_POINT('',(6.091436434555,670.16202646028));
#852 = CARTESIAN_POINT('',(6.129234530915,670.09831313138));
#853 = CARTESIAN_POINT('',(6.167418501707,670.04947787759));
#854 = CARTESIAN_POINT('',(6.205876297718,670.01652338893));
#855 = CARTESIAN_POINT('',(6.244500864389,670.));
#856 = CARTESIAN_POINT('',(6.28318530718,670.));
#857 = ( GEOMETRIC_REPRESENTATION_CONTEXT(2) 
PARAMETRIC_REPRESENTATION_CONTEXT() REPRESENTATION_CONTEXT('2D SPACE',''
  ) );
#858 = ADVANCED_FACE('',(#859),#260,.F.);
#859 = FACE_BOUND('',#860,.F.);
#860 = EDGE_LOOP('',(#861));
#861 = ORIENTED_EDGE('',*,*,#245,.T.);
#862 = ADVANCED_FACE('',(#863,#866),#314,.T.);
#863 = FACE_BOUND('',#864,.T.);
#864 = EDGE_LOOP('',(#865));
#865 = ORIENTED_EDGE('',*,*,#299,.T.);
#866 = FACE_BOUND('',#867,.T.);
#867 = EDGE_LOOP('',(#868));
#868 = ORIENTED_EDGE('',*,*,#869,.F.);
#869 = EDGE_CURVE('',#870,#870,#872,.T.);
#870 = VERTEX_POINT('',#871);
#871 = CARTESIAN_POINT('',(6.72E+03,-4.898587196589E-15,2.48E+03));
#872 = SURFACE_CURVE('',#873,(#878,#885),.PCURVE_S1.);
#873 = CIRCLE('',#874,20.);
#874 = AXIS2_PLACEMENT_3D('',#875,#876,#877);
#875 = CARTESIAN_POINT('',(6.7E+03,0.,2.48E+03));
#876 = DIRECTION('',(0.,0.,1.));
#877 = DIRECTION('',(1.,0.,-0.));
#878 = PCURVE('',#314,#879);
#879 = DEFINITIONAL_REPRESENTATION('',(#880),#884);
#880 = CIRCLE('',#881,20.);
#881 = AXIS2_PLACEMENT_2D('',#882,#883);
#882 = CARTESIAN_POINT('',(0.,0.));
#883 = DIRECTION('',(1.,0.));
#884 = ( GEOMETRIC_REPRESENTATION_CONTEXT(2) 
PARAMETRIC_REPRESENTATION_CONTEXT() REPRESENTATION_CONTEXT('2D SPACE',''
  ) );
#885 = PCURVE('',#886,#891);
#886 = CYLINDRICAL_SURFACE('',#887,20.);
#887 = AXIS2_PLACEMENT_3D('',#888,#889,#890);
#888 = CARTESIAN_POINT('',(6.7E+03,0.,2.25E+03));
#889 = DIRECTION('',(0.,0.,1.));
#890 = DIRECTION('',(1.,0.,-0.));
#891 = DEFINITIONAL_REPRESENTATION('',(#892),#896);
#892 = LINE('',#893,#894);
#893 = CARTESIAN_POINT('',(0.,230.));
#894 = VECTOR('',#895,1.);
#895 = DIRECTION('',(1.,0.));
#896 = ( GEOMETRIC_REPRESENTATION_CONTEXT(2) 
PARAMETRIC_REPRESENTATION_CONTEXT() REPRESENTATION_CONTEXT('2D SPACE',''
  ) );
#897 = ADVANCED_FACE('',(#898),#680,.T.);
#898 = FACE_BOUND('',#899,.T.);
#899 = EDGE_LOOP('',(#900,#929,#950,#951));
#900 = ORIENTED_EDGE('',*,*,#901,.T.);
#901 = EDGE_CURVE('',#902,#902,#904,.T.);
#902 = VERTEX_POINT('',#903);
#903 = CARTESIAN_POINT('',(6.012E+03,4.127059713127E-15,2.46685E+03));
#904 = SURFACE_CURVE('',#905,(#910,#917),.PCURVE_S1.);
#905 = CIRCLE('',#906,16.85);
#906 = AXIS2_PLACEMENT_3D('',#907,#908,#909);
#907 = CARTESIAN_POINT('',(6.012E+03,0.,2.45E+03));
#908 = DIRECTION('',(1.,0.,0.));
#909 = DIRECTION('',(-0.,0.,1.));
#910 = PCURVE('',#680,#911);
#911 = DEFINITIONAL_REPRESENTATION('',(#912),#916);
#912 = LINE('',#913,#914);
#913 = CARTESIAN_POINT('',(0.,12.));
#914 = VECTOR('',#915,1.);
#915 = DIRECTION('',(1.,0.));
#916 = ( GEOMETRIC_REPRESENTATION_CONTEXT(2) 
PARAMETRIC_REPRESENTATION_CONTEXT() REPRESENTATION_CONTEXT('2D SPACE',''
  ) );
#917 = PCURVE('',#918,#923);
#918 = PLANE('',#919);
#919 = AXIS2_PLACEMENT_3D('',#920,#921,#922);
#920 = CARTESIAN_POINT('',(6.012E+03,-70.,2.38E+03));
#921 = DIRECTION('',(1.,0.,-0.));
#922 = DIRECTION('',(0.,0.,1.));
#923 = DEFINITIONAL_REPRESENTATION('',(#924),#928);
#924 = CIRCLE('',#925,16.85);
#925 = AXIS2_PLACEMENT_2D('',#926,#927);
#926 = CARTESIAN_POINT('',(70.,-70.));
#927 = DIRECTION('',(1.,0.));
#928 = ( GEOMETRIC_REPRESENTATION_CONTEXT(2) 
PARAMETRIC_REPRESENTATION_CONTEXT() REPRESENTATION_CONTEXT('2D SPACE',''
  ) );
#929 = ORIENTED_EDGE('',*,*,#930,.T.);
#930 = EDGE_CURVE('',#902,#331,#931,.T.);
#931 = SEAM_CURVE('',#932,(#936,#943),.PCURVE_S1.);
#932 = LINE('',#933,#934);
#933 = CARTESIAN_POINT('',(6.E+03,4.127059713127E-15,2.46685E+03));
#934 = VECTOR('',#935,1.);
#935 = DIRECTION('',(1.,0.,0.));
#936 = PCURVE('',#680,#937);
#937 = DEFINITIONAL_REPRESENTATION('',(#938),#942);
#938 = LINE('',#939,#940);
#939 = CARTESIAN_POINT('',(0.,-0.));
#940 = VECTOR('',#941,1.);
#941 = DIRECTION('',(0.,1.));
#942 = ( GEOMETRIC_REPRESENTATION_CONTEXT(2) 
PARAMETRIC_REPRESENTATION_CONTEXT() REPRESENTATION_CONTEXT('2D SPACE',''
  ) );
#943 = PCURVE('',#680,#944);
#944 = DEFINITIONAL_REPRESENTATION('',(#945),#949);
#945 = LINE('',#946,#947);
#946 = CARTESIAN_POINT('',(6.28318530718,-0.));
#947 = VECTOR('',#948,1.);
#948 = DIRECTION('',(0.,1.));
#949 = ( GEOMETRIC_REPRESENTATION_CONTEXT(2) 
PARAMETRIC_REPRESENTATION_CONTEXT() REPRESENTATION_CONTEXT('2D SPACE',''
  ) );
#950 = ORIENTED_EDGE('',*,*,#330,.F.);
#951 = ORIENTED_EDGE('',*,*,#930,.F.);
#952 = ADVANCED_FACE('',(#953),#886,.T.);
#953 = FACE_BOUND('',#954,.T.);
#954 = EDGE_LOOP('',(#955,#956,#979,#1006));
#955 = ORIENTED_EDGE('',*,*,#869,.T.);
#956 = ORIENTED_EDGE('',*,*,#957,.T.);
#957 = EDGE_CURVE('',#870,#958,#960,.T.);
#958 = VERTEX_POINT('',#959);
#959 = CARTESIAN_POINT('',(6.72E+03,-4.898587196589E-15,3.87E+03));
#960 = SEAM_CURVE('',#961,(#965,#972),.PCURVE_S1.);
#961 = LINE('',#962,#963);
#962 = CARTESIAN_POINT('',(6.72E+03,-4.898587196589E-15,2.25E+03));
#963 = VECTOR('',#964,1.);
#964 = DIRECTION('',(0.,0.,1.));
#965 = PCURVE('',#886,#966);
#966 = DEFINITIONAL_REPRESENTATION('',(#967),#971);
#967 = LINE('',#968,#969);
#968 = CARTESIAN_POINT('',(0.,-0.));
#969 = VECTOR('',#970,1.);
#970 = DIRECTION('',(0.,1.));
#971 = ( GEOMETRIC_REPRESENTATION_CONTEXT(2) 
PARAMETRIC_REPRESENTATION_CONTEXT() REPRESENTATION_CONTEXT('2D SPACE',''
  ) );
#972 = PCURVE('',#886,#973);
#973 = DEFINITIONAL_REPRESENTATION('',(#974),#978);
#974 = LINE('',#975,#976);
#975 = CARTESIAN_POINT('',(6.28318530718,-0.));
#976 = VECTOR('',#977,1.);
#977 = DIRECTION('',(0.,1.));
#978 = ( GEOMETRIC_REPRESENTATION_CONTEXT(2) 
PARAMETRIC_REPRESENTATION_CONTEXT() REPRESENTATION_CONTEXT('2D SPACE',''
  ) );
#979 = ORIENTED_EDGE('',*,*,#980,.F.);
#980 = EDGE_CURVE('',#958,#958,#981,.T.);
#981 = SURFACE_CURVE('',#982,(#987,#994),.PCURVE_S1.);
#982 = CIRCLE('',#983,20.);
#983 = AXIS2_PLACEMENT_3D('',#984,#985,#986);
#984 = CARTESIAN_POINT('',(6.7E+03,0.,3.87E+03));
#985 = DIRECTION('',(0.,0.,1.));
#986 = DIRECTION('',(1.,0.,-0.));
#987 = PCURVE('',#886,#988);
#988 = DEFINITIONAL_REPRESENTATION('',(#989),#993);
#989 = LINE('',#990,#991);
#990 = CARTESIAN_POINT('',(0.,1.62E+03));
#991 = VECTOR('',#992,1.);
#992 = DIRECTION('',(1.,0.));
#993 = ( GEOMETRIC_REPRESENTATION_CONTEXT(2) 
PARAMETRIC_REPRESENTATION_CONTEXT() REPRESENTATION_CONTEXT('2D SPACE',''
  ) );
#994 = PCURVE('',#995,#1000);
#995 = PLANE('',#996);
#996 = AXIS2_PLACEMENT_3D('',#997,#998,#999);
#997 = CARTESIAN_POINT('',(6.7E+03,0.,3.87E+03));
#998 = DIRECTION('',(0.,0.,1.));
#999 = DIRECTION('',(1.,0.,-0.));
#1000 = DEFINITIONAL_REPRESENTATION('',(#1001),#1005);
#1001 = CIRCLE('',#1002,20.);
#1002 = AXIS2_PLACEMENT_2D('',#1003,#1004);
#1003 = CARTESIAN_POINT('',(0.,0.));
#1004 = DIRECTION('',(1.,0.));
#1005 = ( GEOMETRIC_REPRESENTATION_CONTEXT(2) 
PARAMETRIC_REPRESENTATION_CONTEXT() REPRESENTATION_CONTEXT('2D SPACE',''
  ) );
#1006 = ORIENTED_EDGE('',*,*,#957,.F.);
#1007 = ADVANCED_FACE('',(#1008,#1122),#918,.T.);
#1008 = FACE_BOUND('',#1009,.T.);
#1009 = EDGE_LOOP('',(#1010,#1040,#1068,#1096));
#1010 = ORIENTED_EDGE('',*,*,#1011,.F.);
#1011 = EDGE_CURVE('',#1012,#1014,#1016,.T.);
#1012 = VERTEX_POINT('',#1013);
#1013 = CARTESIAN_POINT('',(6.012E+03,-70.,2.38E+03));
#1014 = VERTEX_POINT('',#1015);
#1015 = CARTESIAN_POINT('',(6.012E+03,-70.,2.52E+03));
#1016 = SURFACE_CURVE('',#1017,(#1021,#1028),.PCURVE_S1.);
#1017 = LINE('',#1018,#1019);
#1018 = CARTESIAN_POINT('',(6.012E+03,-70.,2.38E+03));
#1019 = VECTOR('',#1020,1.);
#1020 = DIRECTION('',(0.,0.,1.));
#1021 = PCURVE('',#918,#1022);
#1022 = DEFINITIONAL_REPRESENTATION('',(#1023),#1027);
#1023 = LINE('',#1024,#1025);
#1024 = CARTESIAN_POINT('',(0.,0.));
#1025 = VECTOR('',#1026,1.);
#1026 = DIRECTION('',(1.,0.));
#1027 = ( GEOMETRIC_REPRESENTATION_CONTEXT(2) 
PARAMETRIC_REPRESENTATION_CONTEXT() REPRESENTATION_CONTEXT('2D SPACE',''
  ) );
#1028 = PCURVE('',#1029,#1034);
#1029 = PLANE('',#1030);
#1030 = AXIS2_PLACEMENT_3D('',#1031,#1032,#1033);
#1031 = CARTESIAN_POINT('',(6.E+03,-70.,2.38E+03));
#1032 = DIRECTION('',(-0.,1.,0.));
#1033 = DIRECTION('',(0.,0.,1.));
#1034 = DEFINITIONAL_REPRESENTATION('',(#1035),#1039);
#1035 = LINE('',#1036,#1037);
#1036 = CARTESIAN_POINT('',(0.,12.));
#1037 = VECTOR('',#1038,1.);
#1038 = DIRECTION('',(1.,0.));
#1039 = ( GEOMETRIC_REPRESENTATION_CONTEXT(2) 
PARAMETRIC_REPRESENTATION_CONTEXT() REPRESENTATION_CONTEXT('2D SPACE',''
  ) );
#1040 = ORIENTED_EDGE('',*,*,#1041,.T.);
#1041 = EDGE_CURVE('',#1012,#1042,#1044,.T.);
#1042 = VERTEX_POINT('',#1043);
#1043 = CARTESIAN_POINT('',(6.012E+03,70.,2.38E+03));
#1044 = SURFACE_CURVE('',#1045,(#1049,#1056),.PCURVE_S1.);
#1045 = LINE('',#1046,#1047);
#1046 = CARTESIAN_POINT('',(6.012E+03,-70.,2.38E+03));
#1047 = VECTOR('',#1048,1.);
#1048 = DIRECTION('',(-0.,1.,0.));
#1049 = PCURVE('',#918,#1050);
#1050 = DEFINITIONAL_REPRESENTATION('',(#1051),#1055);
#1051 = LINE('',#1052,#1053);
#1052 = CARTESIAN_POINT('',(0.,0.));
#1053 = VECTOR('',#1054,1.);
#1054 = DIRECTION('',(0.,-1.));
#1055 = ( GEOMETRIC_REPRESENTATION_CONTEXT(2) 
PARAMETRIC_REPRESENTATION_CONTEXT() REPRESENTATION_CONTEXT('2D SPACE',''
  ) );
#1056 = PCURVE('',#1057,#1062);
#1057 = PLANE('',#1058);
#1058 = AXIS2_PLACEMENT_3D('',#1059,#1060,#1061);
#1059 = CARTESIAN_POINT('',(6.E+03,-70.,2.38E+03));
#1060 = DIRECTION('',(0.,0.,1.));
#1061 = DIRECTION('',(1.,0.,-0.));
#1062 = DEFINITIONAL_REPRESENTATION('',(#1063),#1067);
#1063 = LINE('',#1064,#1065);
#1064 = CARTESIAN_POINT('',(12.,0.));
#1065 = VECTOR('',#1066,1.);
#1066 = DIRECTION('',(0.,1.));
#1067 = ( GEOMETRIC_REPRESENTATION_CONTEXT(2) 
PARAMETRIC_REPRESENTATION_CONTEXT() REPRESENTATION_CONTEXT('2D SPACE',''
  ) );
#1068 = ORIENTED_EDGE('',*,*,#1069,.T.);
#1069 = EDGE_CURVE('',#1042,#1070,#1072,.T.);
#1070 = VERTEX_POINT('',#1071);
#1071 = CARTESIAN_POINT('',(6.012E+03,70.,2.52E+03));
#1072 = SURFACE_CURVE('',#1073,(#1077,#1084),.PCURVE_S1.);
#1073 = LINE('',#1074,#1075);
#1074 = CARTESIAN_POINT('',(6.012E+03,70.,2.38E+03));
#1075 = VECTOR('',#1076,1.);
#1076 = DIRECTION('',(0.,0.,1.));
#1077 = PCURVE('',#918,#1078);
#1078 = DEFINITIONAL_REPRESENTATION('',(#1079),#1083);
#1079 = LINE('',#1080,#1081);
#1080 = CARTESIAN_POINT('',(0.,-140.));
#1081 = VECTOR('',#1082,1.);
#1082 = DIRECTION('',(1.,0.));
#1083 = ( GEOMETRIC_REPRESENTATION_CONTEXT(2) 
PARAMETRIC_REPRESENTATION_CONTEXT() REPRESENTATION_CONTEXT('2D SPACE',''
  ) );
#1084 = PCURVE('',#1085,#1090);
#1085 = PLANE('',#1086);
#1086 = AXIS2_PLACEMENT_3D('',#1087,#1088,#1089);
#1087 = CARTESIAN_POINT('',(6.E+03,70.,2.38E+03));
#1088 = DIRECTION('',(-0.,1.,0.));
#1089 = DIRECTION('',(0.,0.,1.));
#1090 = DEFINITIONAL_REPRESENTATION('',(#1091),#1095);
#1091 = LINE('',#1092,#1093);
#1092 = CARTESIAN_POINT('',(0.,12.));
#1093 = VECTOR('',#1094,1.);
#1094 = DIRECTION('',(1.,0.));
#1095 = ( GEOMETRIC_REPRESENTATION_CONTEXT(2) 
PARAMETRIC_REPRESENTATION_CONTEXT() REPRESENTATION_CONTEXT('2D SPACE',''
  ) );
#1096 = ORIENTED_EDGE('',*,*,#1097,.F.);
#1097 = EDGE_CURVE('',#1014,#1070,#1098,.T.);
#1098 = SURFACE_CURVE('',#1099,(#1103,#1110),.PCURVE_S1.);
#1099 = LINE('',#1100,#1101);
#1100 = CARTESIAN_POINT('',(6.012E+03,-70.,2.52E+03));
#1101 = VECTOR('',#1102,1.);
#1102 = DIRECTION('',(-0.,1.,0.));
#1103 = PCURVE('',#918,#1104);
#1104 = DEFINITIONAL_REPRESENTATION('',(#1105),#1109);
#1105 = LINE('',#1106,#1107);
#1106 = CARTESIAN_POINT('',(140.,0.));
#1107 = VECTOR('',#1108,1.);
#1108 = DIRECTION('',(0.,-1.));
#1109 = ( GEOMETRIC_REPRESENTATION_CONTEXT(2) 
PARAMETRIC_REPRESENTATION_CONTEXT() REPRESENTATION_CONTEXT('2D SPACE',''
  ) );
#1110 = PCURVE('',#1111,#1116);
#1111 = PLANE('',#1112);
#1112 = AXIS2_PLACEMENT_3D('',#1113,#1114,#1115);
#1113 = CARTESIAN_POINT('',(6.E+03,-70.,2.52E+03));
#1114 = DIRECTION('',(0.,0.,1.));
#1115 = DIRECTION('',(1.,0.,-0.));
#1116 = DEFINITIONAL_REPRESENTATION('',(#1117),#1121);
#1117 = LINE('',#1118,#1119);
#1118 = CARTESIAN_POINT('',(12.,0.));
#1119 = VECTOR('',#1120,1.);
#1120 = DIRECTION('',(0.,1.));
#1121 = ( GEOMETRIC_REPRESENTATION_CONTEXT(2) 
PARAMETRIC_REPRESENTATION_CONTEXT() REPRESENTATION_CONTEXT('2D SPACE',''
  ) );
#1122 = FACE_BOUND('',#1123,.T.);
#1123 = EDGE_LOOP('',(#1124));
#1124 = ORIENTED_EDGE('',*,*,#901,.F.);
#1125 = ADVANCED_FACE('',(#1126,#1157),#995,.F.);
#1126 = FACE_BOUND('',#1127,.F.);
#1127 = EDGE_LOOP('',(#1128));
#1128 = ORIENTED_EDGE('',*,*,#1129,.T.);
#1129 = EDGE_CURVE('',#1130,#1130,#1132,.T.);
#1130 = VERTEX_POINT('',#1131);
#1131 = CARTESIAN_POINT('',(6.73E+03,-7.347880794884E-15,3.87E+03));
#1132 = SURFACE_CURVE('',#1133,(#1138,#1145),.PCURVE_S1.);
#1133 = CIRCLE('',#1134,30.);
#1134 = AXIS2_PLACEMENT_3D('',#1135,#1136,#1137);
#1135 = CARTESIAN_POINT('',(6.7E+03,0.,3.87E+03));
#1136 = DIRECTION('',(0.,0.,1.));
#1137 = DIRECTION('',(1.,0.,-0.));
#1138 = PCURVE('',#995,#1139);
#1139 = DEFINITIONAL_REPRESENTATION('',(#1140),#1144);
#1140 = CIRCLE('',#1141,30.);
#1141 = AXIS2_PLACEMENT_2D('',#1142,#1143);
#1142 = CARTESIAN_POINT('',(0.,0.));
#1143 = DIRECTION('',(1.,0.));
#1144 = ( GEOMETRIC_REPRESENTATION_CONTEXT(2) 
PARAMETRIC_REPRESENTATION_CONTEXT() REPRESENTATION_CONTEXT('2D SPACE',''
  ) );
#1145 = PCURVE('',#1146,#1151);
#1146 = CYLINDRICAL_SURFACE('',#1147,30.);
#1147 = AXIS2_PLACEMENT_3D('',#1148,#1149,#1150);
#1148 = CARTESIAN_POINT('',(6.7E+03,0.,3.87E+03));
#1149 = DIRECTION('',(0.,0.,1.));
#1150 = DIRECTION('',(1.,0.,-0.));
#1151 = DEFINITIONAL_REPRESENTATION('',(#1152),#1156);
#1152 = LINE('',#1153,#1154);
#1153 = CARTESIAN_POINT('',(0.,0.));
#1154 = VECTOR('',#1155,1.);
#1155 = DIRECTION('',(1.,0.));
#1156 = ( GEOMETRIC_REPRESENTATION_CONTEXT(2) 
PARAMETRIC_REPRESENTATION_CONTEXT() REPRESENTATION_CONTEXT('2D SPACE',''
  ) );
#1157 = FACE_BOUND('',#1158,.F.);
#1158 = EDGE_LOOP('',(#1159));
#1159 = ORIENTED_EDGE('',*,*,#980,.F.);
#1160 = ADVANCED_FACE('',(#1161),#1029,.F.);
#1161 = FACE_BOUND('',#1162,.F.);
#1162 = EDGE_LOOP('',(#1163,#1186,#1214,#1235));
#1163 = ORIENTED_EDGE('',*,*,#1164,.F.);
#1164 = EDGE_CURVE('',#1165,#1012,#1167,.T.);
#1165 = VERTEX_POINT('',#1166);
#1166 = CARTESIAN_POINT('',(6.E+03,-70.,2.38E+03));
#1167 = SURFACE_CURVE('',#1168,(#1172,#1179),.PCURVE_S1.);
#1168 = LINE('',#1169,#1170);
#1169 = CARTESIAN_POINT('',(6.E+03,-70.,2.38E+03));
#1170 = VECTOR('',#1171,1.);
#1171 = DIRECTION('',(1.,0.,-0.));
#1172 = PCURVE('',#1029,#1173);
#1173 = DEFINITIONAL_REPRESENTATION('',(#1174),#1178);
#1174 = LINE('',#1175,#1176);
#1175 = CARTESIAN_POINT('',(0.,0.));
#1176 = VECTOR('',#1177,1.);
#1177 = DIRECTION('',(0.,1.));
#1178 = ( GEOMETRIC_REPRESENTATION_CONTEXT(2) 
PARAMETRIC_REPRESENTATION_CONTEXT() REPRESENTATION_CONTEXT('2D SPACE',''
  ) );
#1179 = PCURVE('',#1057,#1180);
#1180 = DEFINITIONAL_REPRESENTATION('',(#1181),#1185);
#1181 = LINE('',#1182,#1183);
#1182 = CARTESIAN_POINT('',(0.,0.));
#1183 = VECTOR('',#1184,1.);
#1184 = DIRECTION('',(1.,0.));
#1185 = ( GEOMETRIC_REPRESENTATION_CONTEXT(2) 
PARAMETRIC_REPRESENTATION_CONTEXT() REPRESENTATION_CONTEXT('2D SPACE',''
  ) );
#1186 = ORIENTED_EDGE('',*,*,#1187,.T.);
#1187 = EDGE_CURVE('',#1165,#1188,#1190,.T.);
#1188 = VERTEX_POINT('',#1189);
#1189 = CARTESIAN_POINT('',(6.E+03,-70.,2.52E+03));
#1190 = SURFACE_CURVE('',#1191,(#1195,#1202),.PCURVE_S1.);
#1191 = LINE('',#1192,#1193);
#1192 = CARTESIAN_POINT('',(6.E+03,-70.,2.38E+03));
#1193 = VECTOR('',#1194,1.);
#1194 = DIRECTION('',(0.,0.,1.));
#1195 = PCURVE('',#1029,#1196);
#1196 = DEFINITIONAL_REPRESENTATION('',(#1197),#1201);
#1197 = LINE('',#1198,#1199);
#1198 = CARTESIAN_POINT('',(0.,0.));
#1199 = VECTOR('',#1200,1.);
#1200 = DIRECTION('',(1.,0.));
#1201 = ( GEOMETRIC_REPRESENTATION_CONTEXT(2) 
PARAMETRIC_REPRESENTATION_CONTEXT() REPRESENTATION_CONTEXT('2D SPACE',''
  ) );
#1202 = PCURVE('',#1203,#1208);
#1203 = PLANE('',#1204);
#1204 = AXIS2_PLACEMENT_3D('',#1205,#1206,#1207);
#1205 = CARTESIAN_POINT('',(6.E+03,-70.,2.38E+03));
#1206 = DIRECTION('',(1.,0.,-0.));
#1207 = DIRECTION('',(0.,0.,1.));
#1208 = DEFINITIONAL_REPRESENTATION('',(#1209),#1213);
#1209 = LINE('',#1210,#1211);
#1210 = CARTESIAN_POINT('',(0.,0.));
#1211 = VECTOR('',#1212,1.);
#1212 = DIRECTION('',(1.,0.));
#1213 = ( GEOMETRIC_REPRESENTATION_CONTEXT(2) 
PARAMETRIC_REPRESENTATION_CONTEXT() REPRESENTATION_CONTEXT('2D SPACE',''
  ) );
#1214 = ORIENTED_EDGE('',*,*,#1215,.T.);
#1215 = EDGE_CURVE('',#1188,#1014,#1216,.T.);
#1216 = SURFACE_CURVE('',#1217,(#1221,#1228),.PCURVE_S1.);
#1217 = LINE('',#1218,#1219);
#1218 = CARTESIAN_POINT('',(6.E+03,-70.,2.52E+03));
#1219 = VECTOR('',#1220,1.);
#1220 = DIRECTION('',(1.,0.,-0.));
#1221 = PCURVE('',#1029,#1222);
#1222 = DEFINITIONAL_REPRESENTATION('',(#1223),#1227);
#1223 = LINE('',#1224,#1225);
#1224 = CARTESIAN_POINT('',(140.,0.));
#1225 = VECTOR('',#1226,1.);
#1226 = DIRECTION('',(0.,1.));
#1227 = ( GEOMETRIC_REPRESENTATION_CONTEXT(2) 
PARAMETRIC_REPRESENTATION_CONTEXT() REPRESENTATION_CONTEXT('2D SPACE',''
  ) );
#1228 = PCURVE('',#1111,#1229);
#1229 = DEFINITIONAL_REPRESENTATION('',(#1230),#1234);
#1230 = LINE('',#1231,#1232);
#1231 = CARTESIAN_POINT('',(0.,0.));
#1232 = VECTOR('',#1233,1.);
#1233 = DIRECTION('',(1.,0.));
#1234 = ( GEOMETRIC_REPRESENTATION_CONTEXT(2) 
PARAMETRIC_REPRESENTATION_CONTEXT() REPRESENTATION_CONTEXT('2D SPACE',''
  ) );
#1235 = ORIENTED_EDGE('',*,*,#1011,.F.);
#1236 = ADVANCED_FACE('',(#1237),#1111,.T.);
#1237 = FACE_BOUND('',#1238,.T.);
#1238 = EDGE_LOOP('',(#1239,#1262,#1263,#1264));
#1239 = ORIENTED_EDGE('',*,*,#1240,.F.);
#1240 = EDGE_CURVE('',#1188,#1241,#1243,.T.);
#1241 = VERTEX_POINT('',#1242);
#1242 = CARTESIAN_POINT('',(6.E+03,70.,2.52E+03));
#1243 = SURFACE_CURVE('',#1244,(#1248,#1255),.PCURVE_S1.);
#1244 = LINE('',#1245,#1246);
#1245 = CARTESIAN_POINT('',(6.E+03,-70.,2.52E+03));
#1246 = VECTOR('',#1247,1.);
#1247 = DIRECTION('',(-0.,1.,0.));
#1248 = PCURVE('',#1111,#1249);
#1249 = DEFINITIONAL_REPRESENTATION('',(#1250),#1254);
#1250 = LINE('',#1251,#1252);
#1251 = CARTESIAN_POINT('',(0.,0.));
#1252 = VECTOR('',#1253,1.);
#1253 = DIRECTION('',(0.,1.));
#1254 = ( GEOMETRIC_REPRESENTATION_CONTEXT(2) 
PARAMETRIC_REPRESENTATION_CONTEXT() REPRESENTATION_CONTEXT('2D SPACE',''
  ) );
#1255 = PCURVE('',#1203,#1256);
#1256 = DEFINITIONAL_REPRESENTATION('',(#1257),#1261);
#1257 = LINE('',#1258,#1259);
#1258 = CARTESIAN_POINT('',(140.,0.));
#1259 = VECTOR('',#1260,1.);
#1260 = DIRECTION('',(0.,-1.));
#1261 = ( GEOMETRIC_REPRESENTATION_CONTEXT(2) 
PARAMETRIC_REPRESENTATION_CONTEXT() REPRESENTATION_CONTEXT('2D SPACE',''
  ) );
#1262 = ORIENTED_EDGE('',*,*,#1215,.T.);
#1263 = ORIENTED_EDGE('',*,*,#1097,.T.);
#1264 = ORIENTED_EDGE('',*,*,#1265,.F.);
#1265 = EDGE_CURVE('',#1241,#1070,#1266,.T.);
#1266 = SURFACE_CURVE('',#1267,(#1271,#1278),.PCURVE_S1.);
#1267 = LINE('',#1268,#1269);
#1268 = CARTESIAN_POINT('',(6.E+03,70.,2.52E+03));
#1269 = VECTOR('',#1270,1.);
#1270 = DIRECTION('',(1.,0.,-0.));
#1271 = PCURVE('',#1111,#1272);
#1272 = DEFINITIONAL_REPRESENTATION('',(#1273),#1277);
#1273 = LINE('',#1274,#1275);
#1274 = CARTESIAN_POINT('',(0.,140.));
#1275 = VECTOR('',#1276,1.);
#1276 = DIRECTION('',(1.,0.));
#1277 = ( GEOMETRIC_REPRESENTATION_CONTEXT(2) 
PARAMETRIC_REPRESENTATION_CONTEXT() REPRESENTATION_CONTEXT('2D SPACE',''
  ) );
#1278 = PCURVE('',#1085,#1279);
#1279 = DEFINITIONAL_REPRESENTATION('',(#1280),#1284);
#1280 = LINE('',#1281,#1282);
#1281 = CARTESIAN_POINT('',(140.,0.));
#1282 = VECTOR('',#1283,1.);
#1283 = DIRECTION('',(0.,1.));
#1284 = ( GEOMETRIC_REPRESENTATION_CONTEXT(2) 
PARAMETRIC_REPRESENTATION_CONTEXT() REPRESENTATION_CONTEXT('2D SPACE',''
  ) );
#1285 = ADVANCED_FACE('',(#1286),#1057,.F.);
#1286 = FACE_BOUND('',#1287,.F.);
#1287 = EDGE_LOOP('',(#1288,#1311,#1312,#1313));
#1288 = ORIENTED_EDGE('',*,*,#1289,.F.);
#1289 = EDGE_CURVE('',#1165,#1290,#1292,.T.);
#1290 = VERTEX_POINT('',#1291);
#1291 = CARTESIAN_POINT('',(6.E+03,70.,2.38E+03));
#1292 = SURFACE_CURVE('',#1293,(#1297,#1304),.PCURVE_S1.);
#1293 = LINE('',#1294,#1295);
#1294 = CARTESIAN_POINT('',(6.E+03,-70.,2.38E+03));
#1295 = VECTOR('',#1296,1.);
#1296 = DIRECTION('',(-0.,1.,0.));
#1297 = PCURVE('',#1057,#1298);
#1298 = DEFINITIONAL_REPRESENTATION('',(#1299),#1303);
#1299 = LINE('',#1300,#1301);
#1300 = CARTESIAN_POINT('',(0.,0.));
#1301 = VECTOR('',#1302,1.);
#1302 = DIRECTION('',(0.,1.));
#1303 = ( GEOMETRIC_REPRESENTATION_CONTEXT(2) 
PARAMETRIC_REPRESENTATION_CONTEXT() REPRESENTATION_CONTEXT('2D SPACE',''
  ) );
#1304 = PCURVE('',#1203,#1305);
#1305 = DEFINITIONAL_REPRESENTATION('',(#1306),#1310);
#1306 = LINE('',#1307,#1308);
#1307 = CARTESIAN_POINT('',(0.,0.));
#1308 = VECTOR('',#1309,1.);
#1309 = DIRECTION('',(0.,-1.));
#1310 = ( GEOMETRIC_REPRESENTATION_CONTEXT(2) 
PARAMETRIC_REPRESENTATION_CONTEXT() REPRESENTATION_CONTEXT('2D SPACE',''
  ) );
#1311 = ORIENTED_EDGE('',*,*,#1164,.T.);
#1312 = ORIENTED_EDGE('',*,*,#1041,.T.);
#1313 = ORIENTED_EDGE('',*,*,#1314,.F.);
#1314 = EDGE_CURVE('',#1290,#1042,#1315,.T.);
#1315 = SURFACE_CURVE('',#1316,(#1320,#1327),.PCURVE_S1.);
#1316 = LINE('',#1317,#1318);
#1317 = CARTESIAN_POINT('',(6.E+03,70.,2.38E+03));
#1318 = VECTOR('',#1319,1.);
#1319 = DIRECTION('',(1.,0.,-0.));
#1320 = PCURVE('',#1057,#1321);
#1321 = DEFINITIONAL_REPRESENTATION('',(#1322),#1326);
#1322 = LINE('',#1323,#1324);
#1323 = CARTESIAN_POINT('',(0.,140.));
#1324 = VECTOR('',#1325,1.);
#1325 = DIRECTION('',(1.,0.));
#1326 = ( GEOMETRIC_REPRESENTATION_CONTEXT(2) 
PARAMETRIC_REPRESENTATION_CONTEXT() REPRESENTATION_CONTEXT('2D SPACE',''
  ) );
#1327 = PCURVE('',#1085,#1328);
#1328 = DEFINITIONAL_REPRESENTATION('',(#1329),#1333);
#1329 = LINE('',#1330,#1331);
#1330 = CARTESIAN_POINT('',(0.,0.));
#1331 = VECTOR('',#1332,1.);
#1332 = DIRECTION('',(0.,1.));
#1333 = ( GEOMETRIC_REPRESENTATION_CONTEXT(2) 
PARAMETRIC_REPRESENTATION_CONTEXT() REPRESENTATION_CONTEXT('2D SPACE',''
  ) );
#1334 = ADVANCED_FACE('',(#1335),#1085,.T.);
#1335 = FACE_BOUND('',#1336,.T.);
#1336 = EDGE_LOOP('',(#1337,#1338,#1359,#1360));
#1337 = ORIENTED_EDGE('',*,*,#1314,.F.);
#1338 = ORIENTED_EDGE('',*,*,#1339,.T.);
#1339 = EDGE_CURVE('',#1290,#1241,#1340,.T.);
#1340 = SURFACE_CURVE('',#1341,(#1345,#1352),.PCURVE_S1.);
#1341 = LINE('',#1342,#1343);
#1342 = CARTESIAN_POINT('',(6.E+03,70.,2.38E+03));
#1343 = VECTOR('',#1344,1.);
#1344 = DIRECTION('',(0.,0.,1.));
#1345 = PCURVE('',#1085,#1346);
#1346 = DEFINITIONAL_REPRESENTATION('',(#1347),#1351);
#1347 = LINE('',#1348,#1349);
#1348 = CARTESIAN_POINT('',(0.,0.));
#1349 = VECTOR('',#1350,1.);
#1350 = DIRECTION('',(1.,0.));
#1351 = ( GEOMETRIC_REPRESENTATION_CONTEXT(2) 
PARAMETRIC_REPRESENTATION_CONTEXT() REPRESENTATION_CONTEXT('2D SPACE',''
  ) );
#1352 = PCURVE('',#1203,#1353);
#1353 = DEFINITIONAL_REPRESENTATION('',(#1354),#1358);
#1354 = LINE('',#1355,#1356);
#1355 = CARTESIAN_POINT('',(0.,-140.));
#1356 = VECTOR('',#1357,1.);
#1357 = DIRECTION('',(1.,0.));
#1358 = ( GEOMETRIC_REPRESENTATION_CONTEXT(2) 
PARAMETRIC_REPRESENTATION_CONTEXT() REPRESENTATION_CONTEXT('2D SPACE',''
  ) );
#1359 = ORIENTED_EDGE('',*,*,#1265,.T.);
#1360 = ORIENTED_EDGE('',*,*,#1069,.F.);
#1361 = ADVANCED_FACE('',(#1362,#1416),#1146,.T.);
#1362 = FACE_BOUND('',#1363,.T.);
#1363 = EDGE_LOOP('',(#1364,#1387,#1414,#1415));
#1364 = ORIENTED_EDGE('',*,*,#1365,.T.);
#1365 = EDGE_CURVE('',#1130,#1366,#1368,.T.);
#1366 = VERTEX_POINT('',#1367);
#1367 = CARTESIAN_POINT('',(6.73E+03,-7.347880794884E-15,3.93E+03));
#1368 = SEAM_CURVE('',#1369,(#1373,#1380),.PCURVE_S1.);
#1369 = LINE('',#1370,#1371);
#1370 = CARTESIAN_POINT('',(6.73E+03,-7.347880794884E-15,3.87E+03));
#1371 = VECTOR('',#1372,1.);
#1372 = DIRECTION('',(0.,0.,1.));
#1373 = PCURVE('',#1146,#1374);
#1374 = DEFINITIONAL_REPRESENTATION('',(#1375),#1379);
#1375 = LINE('',#1376,#1377);
#1376 = CARTESIAN_POINT('',(6.28318530718,-0.));
#1377 = VECTOR('',#1378,1.);
#1378 = DIRECTION('',(0.,1.));
#1379 = ( GEOMETRIC_REPRESENTATION_CONTEXT(2) 
PARAMETRIC_REPRESENTATION_CONTEXT() REPRESENTATION_CONTEXT('2D SPACE',''
  ) );
#1380 = PCURVE('',#1146,#1381);
#1381 = DEFINITIONAL_REPRESENTATION('',(#1382),#1386);
#1382 = LINE('',#1383,#1384);
#1383 = CARTESIAN_POINT('',(0.,-0.));
#1384 = VECTOR('',#1385,1.);
#1385 = DIRECTION('',(0.,1.));
#1386 = ( GEOMETRIC_REPRESENTATION_CONTEXT(2) 
PARAMETRIC_REPRESENTATION_CONTEXT() REPRESENTATION_CONTEXT('2D SPACE',''
  ) );
#1387 = ORIENTED_EDGE('',*,*,#1388,.F.);
#1388 = EDGE_CURVE('',#1366,#1366,#1389,.T.);
#1389 = SURFACE_CURVE('',#1390,(#1395,#1402),.PCURVE_S1.);
#1390 = CIRCLE('',#1391,30.);
#1391 = AXIS2_PLACEMENT_3D('',#1392,#1393,#1394);
#1392 = CARTESIAN_POINT('',(6.7E+03,0.,3.93E+03));
#1393 = DIRECTION('',(0.,0.,1.));
#1394 = DIRECTION('',(1.,0.,-0.));
#1395 = PCURVE('',#1146,#1396);
#1396 = DEFINITIONAL_REPRESENTATION('',(#1397),#1401);
#1397 = LINE('',#1398,#1399);
#1398 = CARTESIAN_POINT('',(0.,60.));
#1399 = VECTOR('',#1400,1.);
#1400 = DIRECTION('',(1.,0.));
#1401 = ( GEOMETRIC_REPRESENTATION_CONTEXT(2) 
PARAMETRIC_REPRESENTATION_CONTEXT() REPRESENTATION_CONTEXT('2D SPACE',''
  ) );
#1402 = PCURVE('',#1403,#1408);
#1403 = PLANE('',#1404);
#1404 = AXIS2_PLACEMENT_3D('',#1405,#1406,#1407);
#1405 = CARTESIAN_POINT('',(6.7E+03,0.,3.93E+03));
#1406 = DIRECTION('',(0.,0.,1.));
#1407 = DIRECTION('',(1.,0.,-0.));
#1408 = DEFINITIONAL_REPRESENTATION('',(#1409),#1413);
#1409 = CIRCLE('',#1410,30.);
#1410 = AXIS2_PLACEMENT_2D('',#1411,#1412);
#1411 = CARTESIAN_POINT('',(0.,0.));
#1412 = DIRECTION('',(1.,0.));
#1413 = ( GEOMETRIC_REPRESENTATION_CONTEXT(2) 
PARAMETRIC_REPRESENTATION_CONTEXT() REPRESENTATION_CONTEXT('2D SPACE',''
  ) );
#1414 = ORIENTED_EDGE('',*,*,#1365,.F.);
#1415 = ORIENTED_EDGE('',*,*,#1129,.T.);
#1416 = FACE_BOUND('',#1417,.T.);
#1417 = EDGE_LOOP('',(#1418));
#1418 = ORIENTED_EDGE('',*,*,#1419,.T.);
#1419 = EDGE_CURVE('',#1420,#1420,#1422,.T.);
#1420 = VERTEX_POINT('',#1421);
#1421 = CARTESIAN_POINT('',(6.67E+03,4.127059713127E-15,3.91685E+03));
#1422 = SURFACE_CURVE('',#1423,(#1594,#1768),.PCURVE_S1.);
#1423 = B_SPLINE_CURVE_WITH_KNOTS('',7,(#1424,#1425,#1426,#1427,#1428,
    #1429,#1430,#1431,#1432,#1433,#1434,#1435,#1436,#1437,#1438,#1439,
    #1440,#1441,#1442,#1443,#1444,#1445,#1446,#1447,#1448,#1449,#1450,
    #1451,#1452,#1453,#1454,#1455,#1456,#1457,#1458,#1459,#1460,#1461,
    #1462,#1463,#1464,#1465,#1466,#1467,#1468,#1469,#1470,#1471,#1472,
    #1473,#1474,#1475,#1476,#1477,#1478,#1479,#1480,#1481,#1482,#1483,
    #1484,#1485,#1486,#1487,#1488,#1489,#1490,#1491,#1492,#1493,#1494,
    #1495,#1496,#1497,#1498,#1499,#1500,#1501,#1502,#1503,#1504,#1505,
    #1506,#1507,#1508,#1509,#1510,#1511,#1512,#1513,#1514,#1515,#1516,
    #1517,#1518,#1519,#1520,#1521,#1522,#1523,#1524,#1525,#1526,#1527,
    #1528,#1529,#1530,#1531,#1532,#1533,#1534,#1535,#1536,#1537,#1538,
    #1539,#1540,#1541,#1542,#1543,#1544,#1545,#1546,#1547,#1548,#1549,
    #1550,#1551,#1552,#1553,#1554,#1555,#1556,#1557,#1558,#1559,#1560,
    #1561,#1562,#1563,#1564,#1565,#1566,#1567,#1568,#1569,#1570,#1571,
    #1572,#1573,#1574,#1575,#1576,#1577,#1578,#1579,#1580,#1581,#1582,
    #1583,#1584,#1585,#1586,#1587,#1588,#1589,#1590,#1591,#1592,#1593),
  .UNSPECIFIED.,.T.,.F.,(8,6,6,6,6,6,6,6,6,6,6,6,6,6,6,6,6,6,6,6,6,6,6,6
    ,6,6,6,6,8),(0.,3.368055526709E-02,5.480796010787E-02,
    8.053062388378E-02,9.990737023944E-02,0.114790039542,0.15568579055,
    0.201536112807,0.249767450093,0.298149472932,0.343882037992,
    0.419497502607,0.44515559332,0.476384749331,0.499354639921,
    0.533376589842,0.55453306918,0.580291131223,0.599694542905,
    0.614597693006,0.655549723915,0.70146314273,0.749760853668,
    0.798209457526,0.844004957092,0.919724480091,0.945417880239,
    0.965615009479,1.),.UNSPECIFIED.);
#1424 = CARTESIAN_POINT('',(6.67E+03,3.552713678801E-15,3.91685E+03));
#1425 = CARTESIAN_POINT('',(6.67E+03,-0.639994367569,3.91685E+03));
#1426 = CARTESIAN_POINT('',(6.670015928645E+03,-1.279044990793,
    3.916821640392E+03));
#1427 = CARTESIAN_POINT('',(6.670047701182E+03,-1.913923316891,
    3.916765072085E+03));
#1428 = CARTESIAN_POINT('',(6.670094804815E+03,-2.541418616387,
    3.916681002198E+03));
#1429 = CARTESIAN_POINT('',(6.670156303697E+03,-3.158371171882,
    3.916570691379E+03));
#1430 = CARTESIAN_POINT('',(6.670230867566E+03,-3.761704364184,
    3.916435964285E+03));
#1431 = CARTESIAN_POINT('',(6.670370743542E+03,-4.716517642304,
    3.916180917678E+03));
#1432 = CARTESIAN_POINT('',(6.670429197313E+03,-5.078405657702,
    3.91607385005E+03));
#1433 = CARTESIAN_POINT('',(6.670491862759E+03,-5.433875970964,
    3.915958459705E+03));
#1434 = CARTESIAN_POINT('',(6.670558406807E+03,-5.782701224698,
    3.915835183972E+03));
#1435 = CARTESIAN_POINT('',(6.670628488185E+03,-6.124670402342,
    3.915704469222E+03));
#1436 = CARTESIAN_POINT('',(6.670701759684E+03,-6.459588795376,
    3.91556677198E+03));
#1437 = CARTESIAN_POINT('',(6.670870535395E+03,-7.186240291697,
    3.915246981641E+03));
#1438 = CARTESIAN_POINT('',(6.670967425873E+03,-7.574559359627,
    3.915061714651E+03));
#1439 = CARTESIAN_POINT('',(6.671067996096E+03,-7.952270388983,
    3.914867435835E+03));
#1440 = CARTESIAN_POINT('',(6.671171724394E+03,-8.319429173749,
    3.914664777765E+03));
#1441 = CARTESIAN_POINT('',(6.671278114461E+03,-8.676111853709,
    3.914454329413E+03));
#1442 = CARTESIAN_POINT('',(6.671386696645E+03,-9.022414680922,
    3.91423663675E+03));
#1443 = CARTESIAN_POINT('',(6.671580142181E+03,-9.611590264033,
    3.913843138859E+03));
#1444 = CARTESIAN_POINT('',(6.671664259888E+03,-9.85893779066,
    3.913670225563E+03));
#1445 = CARTESIAN_POINT('',(6.671749203855E+03,-10.10057219283,
    3.913493657211E+03));
#1446 = CARTESIAN_POINT('',(6.671834804562E+03,-10.3365710986,
    3.913313611319E+03));
#1447 = CARTESIAN_POINT('',(6.671920901463E+03,-10.56701393735,
    3.913130249164E+03));
#1448 = CARTESIAN_POINT('',(6.672007342987E+03,-10.79198193976,
    3.912943715792E+03));
#1449 = CARTESIAN_POINT('',(6.672160534722E+03,-11.18020770789,
    3.912608532815E+03));
#1450 = CARTESIAN_POINT('',(6.672227201365E+03,-11.34567499033,
    3.912461132087E+03));
#1451 = CARTESIAN_POINT('',(6.67229392149E+03,-11.50799651589,
    3.912311996778E+03));
#1452 = CARTESIAN_POINT('',(6.672360632119E+03,-11.66720755782,
    3.912161182004E+03));
#1453 = CARTESIAN_POINT('',(6.672427272274E+03,-11.82334213185,
    3.91200873904E+03));
#1454 = CARTESIAN_POINT('',(6.672493782972E+03,-11.97643299615,
    3.911854715327E+03));
#1455 = CARTESIAN_POINT('',(6.672742358166E+03,-12.53890940025,
    3.911271692281E+03));
#1456 = CARTESIAN_POINT('',(6.672923240028E+03,-12.92865171726,
    3.910832531604E+03));
#1457 = CARTESIAN_POINT('',(6.673101527745E+03,-13.29628752262,
    3.910382661867E+03));
#1458 = CARTESIAN_POINT('',(6.673276093703E+03,-13.64231975969,
    3.909922889186E+03));
#1459 = CARTESIAN_POINT('',(6.673445888683E+03,-13.96719016284,
    3.909453861175E+03));
#1460 = CARTESIAN_POINT('',(6.673609922793E+03,-14.27126402512,
    3.908976091751E+03));
#1461 = CARTESIAN_POINT('',(6.673943629963E+03,-14.87271845713,
    3.907944987809E+03));
#1462 = CARTESIAN_POINT('',(6.674111613927E+03,-15.16488874929,
    3.907389401946E+03));
#1463 = CARTESIAN_POINT('',(6.674269710714E+03,-15.43143145808,
    3.906824239047E+03));
#1464 = CARTESIAN_POINT('',(6.674416533676E+03,-15.67243022048,
    3.906250400686E+03));
#1465 = CARTESIAN_POINT('',(6.674550807778E+03,-15.88792856712,
    3.905668692052E+03));
#1466 = CARTESIAN_POINT('',(6.674671380286E+03,-16.07791179448,
    3.905079834676E+03));
#1467 = CARTESIAN_POINT('',(6.674888579483E+03,-16.41520200748,
    3.90385820673E+03));
#1468 = CARTESIAN_POINT('',(6.674983637748E+03,-16.55978051534,
    3.903224742709E+03));
#1469 = CARTESIAN_POINT('',(6.675061085738E+03,-16.67570962131,
    3.902585599403E+03));
#1470 = CARTESIAN_POINT('',(6.675119892132E+03,-16.76279636375,
    3.901942204182E+03));
#1471 = CARTESIAN_POINT('',(6.675159349544E+03,-16.82091912343,
    3.90129592284E+03));
#1472 = CARTESIAN_POINT('',(6.675179091475E+03,-16.85,3.900648083348E+03
    ));
#1473 = CARTESIAN_POINT('',(6.675179091475E+03,-16.85,3.899349891894E+03
    ));
#1474 = CARTESIAN_POINT('',(6.675159225996E+03,-16.82073713048,
    3.898700031334E+03));
#1475 = CARTESIAN_POINT('',(6.67511952197E+03,-16.76225109651,
    3.898051743855E+03));
#1476 = CARTESIAN_POINT('',(6.675060350454E+03,-16.67462071068,
    3.897406368898E+03));
#1477 = CARTESIAN_POINT('',(6.674982427469E+03,-16.55796879943,
    3.896765284307E+03));
#1478 = CARTESIAN_POINT('',(6.674886796746E+03,-16.41249031087,
    3.896129930409E+03));
#1479 = CARTESIAN_POINT('',(6.674668925342E+03,-16.07404465735,
    3.894908132324E+03));
#1480 = CARTESIAN_POINT('',(6.674548427645E+03,-15.88411305541,
    3.894320909832E+03));
#1481 = CARTESIAN_POINT('',(6.674414315031E+03,-15.66879837457,
    3.893740811474E+03));
#1482 = CARTESIAN_POINT('',(6.674267732535E+03,-15.42811448014,
    3.893168552827E+03));
#1483 = CARTESIAN_POINT('',(6.674109945971E+03,-15.16201741052,
    3.892604932399E+03));
#1484 = CARTESIAN_POINT('',(6.673942331436E+03,-14.87042324146,
    3.892050844234E+03));
#1485 = CARTESIAN_POINT('',(6.673475416856E+03,-14.02876333783,
    3.890608564033E+03));
#1486 = CARTESIAN_POINT('',(6.673161883744E+03,-13.43475241147,
    3.889739401239E+03));
#1487 = CARTESIAN_POINT('',(6.672831578288E+03,-12.7692473483,
    3.888901369928E+03));
#1488 = CARTESIAN_POINT('',(6.672490686375E+03,-12.0289870509,
    3.888097685165E+03));
#1489 = CARTESIAN_POINT('',(6.672146287378E+03,-11.20984039911,
    3.887333690151E+03));
#1490 = CARTESIAN_POINT('',(6.671807029796E+03,-10.30732836618,
    3.886617434346E+03));
#1491 = CARTESIAN_POINT('',(6.671373827374E+03,-8.981487653759,
    3.885737534944E+03));
#1492 = CARTESIAN_POINT('',(6.671265847139E+03,-8.635371389289,
    3.885521339342E+03));
#1493 = CARTESIAN_POINT('',(6.671160080748E+03,-8.278935837193,
    3.885312378888E+03));
#1494 = CARTESIAN_POINT('',(6.671056995916E+03,-7.912090509126,
    3.885111199169E+03));
#1495 = CARTESIAN_POINT('',(6.670957086344E+03,-7.534765113482,
    3.884918387529E+03));
#1496 = CARTESIAN_POINT('',(6.670860870375E+03,-7.146909771797,
    3.884734573679E+03));
#1497 = CARTESIAN_POINT('',(6.670656937431E+03,-6.263574129288,
    3.884348475718E+03));
#1498 = CARTESIAN_POINT('',(6.670551129045E+03,-5.76244682441,
    3.884150601192E+03));
#1499 = CARTESIAN_POINT('',(6.670452691304E+03,-5.245962286228,
    3.883968502415E+03));
#1500 = CARTESIAN_POINT('',(6.670362801514E+03,-4.715049008688,
    3.883803751237E+03));
#1501 = CARTESIAN_POINT('',(6.670282568762E+03,-4.170714832536,
    3.88365780502E+03));
#1502 = CARTESIAN_POINT('',(6.670213015212E+03,-3.614046763901,
    3.883532015973E+03));
#1503 = CARTESIAN_POINT('',(6.67011242783E+03,-2.628552047228,
    3.88335086949E+03));
#1504 = CARTESIAN_POINT('',(6.670076095076E+03,-2.205082321858,
    3.883285725808E+03));
#1505 = CARTESIAN_POINT('',(6.670046475058E+03,-1.776896665459,
    3.883232798339E+03));
#1506 = CARTESIAN_POINT('',(6.670023887975E+03,-1.345100905618,
    3.883192532597E+03));
#1507 = CARTESIAN_POINT('',(6.670008555214E+03,-0.910811501574,
    3.883165232411E+03));
#1508 = CARTESIAN_POINT('',(6.670000596275E+03,-0.475155396971,
    3.883151061619E+03));
#1509 = CARTESIAN_POINT('',(6.669999180596E+03,0.606343802521,
    3.883148541117E+03));
#1510 = CARTESIAN_POINT('',(6.670014546153E+03,1.251168753795,
    3.883175898354E+03));
#1511 = CARTESIAN_POINT('',(6.670046053311E+03,1.891881173876,
    3.883231987084E+03));
#1512 = CARTESIAN_POINT('',(6.670093188255E+03,2.525174483772,
    3.883316098382E+03));
#1513 = CARTESIAN_POINT('',(6.670154997096E+03,3.147794167324,
    3.883426947825E+03));
#1514 = CARTESIAN_POINT('',(6.670230115613E+03,3.756571426263,
    3.883562664621E+03));
#1515 = CARTESIAN_POINT('',(6.670370743542E+03,4.716517642288,
    3.883819082322E+03));
#1516 = CARTESIAN_POINT('',(6.670429197313E+03,5.0784056577,
    3.88392614995E+03));
#1517 = CARTESIAN_POINT('',(6.670491862759E+03,5.433875970975,
    3.884041540295E+03));
#1518 = CARTESIAN_POINT('',(6.670558406807E+03,5.782701224709,
    3.884164816028E+03));
#1519 = CARTESIAN_POINT('',(6.670628488185E+03,6.124670402341,
    3.884295530778E+03));
#1520 = CARTESIAN_POINT('',(6.670701759684E+03,6.459588795363,
    3.88443322802E+03));
#1521 = CARTESIAN_POINT('',(6.670870535395E+03,7.186240291697,
    3.884753018359E+03));
#1522 = CARTESIAN_POINT('',(6.670967425873E+03,7.574559359627,
    3.884938285349E+03));
#1523 = CARTESIAN_POINT('',(6.671067996096E+03,7.952270388984,
    3.885132564165E+03));
#1524 = CARTESIAN_POINT('',(6.671171724394E+03,8.319429173749,
    3.885335222235E+03));
#1525 = CARTESIAN_POINT('',(6.671278114461E+03,8.676111853709,
    3.885545670587E+03));
#1526 = CARTESIAN_POINT('',(6.671386696645E+03,9.022414680922,
    3.88576336325E+03));
#1527 = CARTESIAN_POINT('',(6.671580142181E+03,9.611590264033,
    3.886156861141E+03));
#1528 = CARTESIAN_POINT('',(6.671664259888E+03,9.85893779066,
    3.886329774437E+03));
#1529 = CARTESIAN_POINT('',(6.671749203855E+03,10.100572192832,
    3.886506342789E+03));
#1530 = CARTESIAN_POINT('',(6.671834804562E+03,10.336571098608,
    3.886686388681E+03));
#1531 = CARTESIAN_POINT('',(6.671920901463E+03,10.567013937358,
    3.886869750836E+03));
#1532 = CARTESIAN_POINT('',(6.672007342987E+03,10.791981939763,
    3.887056284208E+03));
#1533 = CARTESIAN_POINT('',(6.672160534722E+03,11.180207707891,
    3.887391467185E+03));
#1534 = CARTESIAN_POINT('',(6.672227201365E+03,11.34567499033,
    3.887538867913E+03));
#1535 = CARTESIAN_POINT('',(6.67229392149E+03,11.507996515895,
    3.887688003222E+03));
#1536 = CARTESIAN_POINT('',(6.672360632119E+03,11.667207557829,
    3.887838817996E+03));
#1537 = CARTESIAN_POINT('',(6.672427272274E+03,11.82334213185,
    3.88799126096E+03));
#1538 = CARTESIAN_POINT('',(6.672493782972E+03,11.976432996153,
    3.888145284673E+03));
#1539 = CARTESIAN_POINT('',(6.672742358171E+03,12.538909412107,
    3.888728307731E+03));
#1540 = CARTESIAN_POINT('',(6.672923240023E+03,12.928651707831,
    3.889167468383E+03));
#1541 = CARTESIAN_POINT('',(6.67310152774E+03,13.296287513301,
    3.889617338124E+03));
#1542 = CARTESIAN_POINT('',(6.673276093706E+03,13.642319765982,
    3.890077110824E+03));
#1543 = CARTESIAN_POINT('',(6.673445888688E+03,13.967190172891,
    3.890546138837E+03));
#1544 = CARTESIAN_POINT('',(6.673609922789E+03,14.271264017399,
    3.891023908236E+03));
#1545 = CARTESIAN_POINT('',(6.673943629962E+03,14.872718453866,
    3.892055012185E+03));
#1546 = CARTESIAN_POINT('',(6.674111613928E+03,15.164888751611,
    3.892610598059E+03));
#1547 = CARTESIAN_POINT('',(6.674269710716E+03,15.431431460632,
    3.893175760958E+03));
#1548 = CARTESIAN_POINT('',(6.674416533675E+03,15.672430219127,
    3.89374959931E+03));
#1549 = CARTESIAN_POINT('',(6.674550807777E+03,15.887928564563,
    3.894331307942E+03));
#1550 = CARTESIAN_POINT('',(6.674671380287E+03,16.077911796114,
    3.89492016533E+03));
#1551 = CARTESIAN_POINT('',(6.674888579483E+03,16.415202007489,
    3.89614179327E+03));
#1552 = CARTESIAN_POINT('',(6.674983637748E+03,16.559780515344,
    3.896775257291E+03));
#1553 = CARTESIAN_POINT('',(6.675061085738E+03,16.675709621319,
    3.897414400597E+03));
#1554 = CARTESIAN_POINT('',(6.675119892132E+03,16.762796363755,
    3.898057795818E+03));
#1555 = CARTESIAN_POINT('',(6.675159349544E+03,16.820919123436,
    3.89870407716E+03));
#1556 = CARTESIAN_POINT('',(6.675179091475E+03,16.85,3.899351916652E+03)
  );
#1557 = CARTESIAN_POINT('',(6.675179091475E+03,16.85,3.900650108106E+03)
  );
#1558 = CARTESIAN_POINT('',(6.675159225996E+03,16.820737130485,
    3.901299968666E+03));
#1559 = CARTESIAN_POINT('',(6.67511952197E+03,16.762251096517,
    3.901948256145E+03));
#1560 = CARTESIAN_POINT('',(6.675060350454E+03,16.674620710683,
    3.902593631102E+03));
#1561 = CARTESIAN_POINT('',(6.674982427469E+03,16.557968799436,
    3.903234715693E+03));
#1562 = CARTESIAN_POINT('',(6.674886796746E+03,16.412490310879,
    3.903870069591E+03));
#1563 = CARTESIAN_POINT('',(6.674668925343E+03,16.074044658997,
    3.90509186767E+03));
#1564 = CARTESIAN_POINT('',(6.674548427643E+03,15.88411305288,
    3.905679090174E+03));
#1565 = CARTESIAN_POINT('',(6.67441431503E+03,15.668798373209,
    3.906259188531E+03));
#1566 = CARTESIAN_POINT('',(6.674267732537E+03,15.428114482642,
    3.906831447169E+03));
#1567 = CARTESIAN_POINT('',(6.674109945972E+03,15.16201741282,
    3.907395067595E+03));
#1568 = CARTESIAN_POINT('',(6.673942331434E+03,14.870423238267,
    3.907949155771E+03));
#1569 = CARTESIAN_POINT('',(6.673475416856E+03,14.028763337831,
    3.909391435967E+03));
#1570 = CARTESIAN_POINT('',(6.673161883744E+03,13.434752411478,
    3.910260598761E+03));
#1571 = CARTESIAN_POINT('',(6.672831578288E+03,12.769247348316,
    3.911098630072E+03));
#1572 = CARTESIAN_POINT('',(6.672490686375E+03,12.028987050891,
    3.911902314835E+03));
#1573 = CARTESIAN_POINT('',(6.672146287378E+03,11.209840399121,
    3.912666309849E+03));
#1574 = CARTESIAN_POINT('',(6.671807029796E+03,10.307328366189,
    3.913382565654E+03));
#1575 = CARTESIAN_POINT('',(6.671373827374E+03,8.981487653758,
    3.914262465056E+03));
#1576 = CARTESIAN_POINT('',(6.671265847139E+03,8.63537138929,
    3.914478660658E+03));
#1577 = CARTESIAN_POINT('',(6.671160080748E+03,8.278935837194,
    3.914687621112E+03));
#1578 = CARTESIAN_POINT('',(6.671056995916E+03,7.912090509126,
    3.914888800831E+03));
#1579 = CARTESIAN_POINT('',(6.670957086344E+03,7.534765113481,
    3.915081612471E+03));
#1580 = CARTESIAN_POINT('',(6.670860870375E+03,7.146909771796,
    3.915265426321E+03));
#1581 = CARTESIAN_POINT('',(6.67069658523E+03,6.435308586395,
    3.915576460716E+03));
#1582 = CARTESIAN_POINT('',(6.670626889201E+03,6.11555953769,
    3.915707392409E+03));
#1583 = CARTESIAN_POINT('',(6.67056010566E+03,5.789403445152,
    3.915831959703E+03));
#1584 = CARTESIAN_POINT('',(6.670496535594E+03,5.457009124856,
    3.915949766752E+03));
#1585 = CARTESIAN_POINT('',(6.670436475098E+03,5.118558885786,
    3.916060426044E+03));
#1586 = CARTESIAN_POINT('',(6.670380213602E+03,4.77424856278,
    3.916163557534E+03));
#1587 = CARTESIAN_POINT('',(6.670239194672E+03,3.82848970204,
    3.916420914307E+03));
#1588 = CARTESIAN_POINT('',(6.67016202646E+03,3.215266410904,
    3.916560424982E+03));
#1589 = CARTESIAN_POINT('',(6.670098313131E+03,2.587719923943,
    3.916674740279E+03));
#1590 = CARTESIAN_POINT('',(6.670049477878E+03,1.949077332588,
    3.91676190883E+03));
#1591 = CARTESIAN_POINT('',(6.670016523389E+03,1.302656837807,
    3.9168205815E+03));
#1592 = CARTESIAN_POINT('',(6.67E+03,0.651832861023,3.91685E+03));
#1593 = CARTESIAN_POINT('',(6.67E+03,3.552713678801E-15,3.91685E+03));
#1594 = PCURVE('',#1146,#1595);
#1595 = DEFINITIONAL_REPRESENTATION('',(#1596),#1767);
#1596 = B_SPLINE_CURVE_WITH_KNOTS('',7,(#1597,#1598,#1599,#1600,#1601,
    #1602,#1603,#1604,#1605,#1606,#1607,#1608,#1609,#1610,#1611,#1612,
    #1613,#1614,#1615,#1616,#1617,#1618,#1619,#1620,#1621,#1622,#1623,
    #1624,#1625,#1626,#1627,#1628,#1629,#1630,#1631,#1632,#1633,#1634,
    #1635,#1636,#1637,#1638,#1639,#1640,#1641,#1642,#1643,#1644,#1645,
    #1646,#1647,#1648,#1649,#1650,#1651,#1652,#1653,#1654,#1655,#1656,
    #1657,#1658,#1659,#1660,#1661,#1662,#1663,#1664,#1665,#1666,#1667,
    #1668,#1669,#1670,#1671,#1672,#1673,#1674,#1675,#1676,#1677,#1678,
    #1679,#1680,#1681,#1682,#1683,#1684,#1685,#1686,#1687,#1688,#1689,
    #1690,#1691,#1692,#1693,#1694,#1695,#1696,#1697,#1698,#1699,#1700,
    #1701,#1702,#1703,#1704,#1705,#1706,#1707,#1708,#1709,#1710,#1711,
    #1712,#1713,#1714,#1715,#1716,#1717,#1718,#1719,#1720,#1721,#1722,
    #1723,#1724,#1725,#1726,#1727,#1728,#1729,#1730,#1731,#1732,#1733,
    #1734,#1735,#1736,#1737,#1738,#1739,#1740,#1741,#1742,#1743,#1744,
    #1745,#1746,#1747,#1748,#1749,#1750,#1751,#1752,#1753,#1754,#1755,
    #1756,#1757,#1758,#1759,#1760,#1761,#1762,#1763,#1764,#1765,#1766),
  .UNSPECIFIED.,.T.,.F.,(8,6,6,6,6,6,6,6,6,6,6,6,6,6,6,6,6,6,6,6,6,6,6,6
    ,6,6,6,6,8),(0.,3.368055526709E-02,5.480796010787E-02,
    8.053062388378E-02,9.990737023944E-02,0.114790039542,0.15568579055,
    0.201536112807,0.249767450093,0.298149472932,0.343882037992,
    0.419497502607,0.44515559332,0.476384749331,0.499354639921,
    0.533376589842,0.55453306918,0.580291131223,0.599694542905,
    0.614597693006,0.655549723915,0.70146314273,0.749760853668,
    0.798209457526,0.844004957092,0.919724480091,0.945417880239,
    0.965615009479,1.),.UNSPECIFIED.);
#1597 = CARTESIAN_POINT('',(3.14159265359,46.85));
#1598 = CARTESIAN_POINT('',(3.162925799175,46.85));
#1599 = CARTESIAN_POINT('',(3.184227489799,46.821640391591));
#1600 = CARTESIAN_POINT('',(3.205405947142,46.765072085472));
#1601 = CARTESIAN_POINT('',(3.226369835675,46.681002198002));
#1602 = CARTESIAN_POINT('',(3.247027481018,46.57069137927));
#1603 = CARTESIAN_POINT('',(3.267286465131,46.435964285354));
#1604 = CARTESIAN_POINT('',(3.299453281792,46.180917677827));
#1605 = CARTESIAN_POINT('',(3.31167124674,46.073850050462));
#1606 = CARTESIAN_POINT('',(3.323701013162,45.958459705394));
#1607 = CARTESIAN_POINT('',(3.335536172188,45.83518397178));
#1608 = CARTESIAN_POINT('',(3.347170395317,45.704469222259));
#1609 = CARTESIAN_POINT('',(3.358597443665,45.566771980019));
#1610 = CARTESIAN_POINT('',(3.383463923505,45.246981641387));
#1611 = CARTESIAN_POINT('',(3.396802960265,45.061714651164));
#1612 = CARTESIAN_POINT('',(3.40982947022,44.867435834709));
#1613 = CARTESIAN_POINT('',(3.422544629754,44.664777765329));
#1614 = CARTESIAN_POINT('',(3.434949709826,44.454329413487));
#1615 = CARTESIAN_POINT('',(3.447046176879,44.236636750185));
#1616 = CARTESIAN_POINT('',(3.467716849696,43.843138859194));
#1617 = CARTESIAN_POINT('',(3.476425028598,43.670225562834));
#1618 = CARTESIAN_POINT('',(3.484961993019,43.493657211133));
#1619 = CARTESIAN_POINT('',(3.493329389851,43.31361131856));
#1620 = CARTESIAN_POINT('',(3.501528850311,43.130249164185));
#1621 = CARTESIAN_POINT('',(3.509561989949,42.943715791682));
#1622 = CARTESIAN_POINT('',(3.523473893512,42.608532814765));
#1623 = CARTESIAN_POINT('',(3.529420157848,42.461132086748));
#1624 = CARTESIAN_POINT('',(3.535269894291,42.311996778076));
#1625 = CARTESIAN_POINT('',(3.541023735921,42.161182003576));
#1626 = CARTESIAN_POINT('',(3.546682256264,42.008739040104));
#1627 = CARTESIAN_POINT('',(3.55224596929,41.854715326546));
#1628 = CARTESIAN_POINT('',(3.572744460623,41.271692280815));
#1629 = CARTESIAN_POINT('',(3.587064419045,40.832531604011));
#1630 = CARTESIAN_POINT('',(3.600680938928,40.382661866513));
#1631 = CARTESIAN_POINT('',(3.613597402257,39.922889186204));
#1632 = CARTESIAN_POINT('',(3.625814570705,39.453861175441));
#1633 = CARTESIAN_POINT('',(3.637330317585,38.976091750752));
#1634 = CARTESIAN_POINT('',(3.660257930951,37.944987809288));
#1635 = CARTESIAN_POINT('',(3.671490608999,37.389401946341));
#1636 = CARTESIAN_POINT('',(3.681819308034,36.824239046579));
#1637 = CARTESIAN_POINT('',(3.691225050208,36.250400685675));
#1638 = CARTESIAN_POINT('',(3.699688160749,35.66869205185));
#1639 = CARTESIAN_POINT('',(3.707188462967,35.079834675613));
#1640 = CARTESIAN_POINT('',(3.720560913035,33.858206730266));
#1641 = CARTESIAN_POINT('',(3.726328282577,33.224742709128));
#1642 = CARTESIAN_POINT('',(3.730975465424,32.585599402703));
#1643 = CARTESIAN_POINT('',(3.73447819323,31.942204181712));
#1644 = CARTESIAN_POINT('',(3.736819883341,31.295922839875));
#1645 = CARTESIAN_POINT('',(3.737991510134,30.648083347532));
#1646 = CARTESIAN_POINT('',(3.737991510134,29.34989189422));
#1647 = CARTESIAN_POINT('',(3.736812551132,28.700031334019));
#1648 = CARTESIAN_POINT('',(3.73445622509,28.051743854655));
#1649 = CARTESIAN_POINT('',(3.73093166849,27.406368898405));
#1650 = CARTESIAN_POINT('',(3.726255658596,26.765284307127));
#1651 = CARTESIAN_POINT('',(3.720452743972,26.129930409213));
#1652 = CARTESIAN_POINT('',(3.707035780867,24.908132323997));
#1653 = CARTESIAN_POINT('',(3.699538267981,24.32090983202));
#1654 = CARTESIAN_POINT('',(3.691083199713,23.740811473952));
#1655 = CARTESIAN_POINT('',(3.681690587444,23.168552826887));
#1656 = CARTESIAN_POINT('',(3.671379932085,22.604932399273));
#1657 = CARTESIAN_POINT('',(3.660170031359,22.050844234165));
#1658 = CARTESIAN_POINT('',(3.628086795542,20.608564032669));
#1659 = CARTESIAN_POINT('',(3.60570236718,19.739401239362));
#1660 = CARTESIAN_POINT('',(3.580949738975,18.901369928164));
#1661 = CARTESIAN_POINT('',(3.553806733538,18.097685165373));
#1662 = CARTESIAN_POINT('',(3.524218358902,17.333690151256));
#1663 = CARTESIAN_POINT('',(3.492110129699,16.617434345946));
#1664 = CARTESIAN_POINT('',(3.445616188236,15.737534944084));
#1665 = CARTESIAN_POINT('',(3.433531643132,15.521339342483));
#1666 = CARTESIAN_POINT('',(3.421140380909,15.312378887754));
#1667 = CARTESIAN_POINT('',(3.408441086162,15.111199169063));
#1668 = CARTESIAN_POINT('',(3.395432640539,14.918387528911));
#1669 = CARTESIAN_POINT('',(3.3821140232,14.7345736788));
#1670 = CARTESIAN_POINT('',(3.351894998604,14.348475717775));
#1671 = CARTESIAN_POINT('',(3.334825480623,14.150601191923));
#1672 = CARTESIAN_POINT('',(3.317305021157,13.968502414623));
#1673 = CARTESIAN_POINT('',(3.299363146101,13.803751236853));
#1674 = CARTESIAN_POINT('',(3.281029619525,13.657805020038));
#1675 = CARTESIAN_POINT('',(3.262334519785,13.532015972797));
#1676 = CARTESIAN_POINT('',(3.229314026855,13.350869489701));
#1677 = CARTESIAN_POINT('',(3.215148350263,13.28572580823));
#1678 = CARTESIAN_POINT('',(3.200844539293,13.232798339018));
#1679 = CARTESIAN_POINT('',(3.186435366165,13.192532597068));
#1680 = CARTESIAN_POINT('',(3.171953382452,13.16523241124));
#1681 = CARTESIAN_POINT('',(3.157431179644,13.151061618872));
#1682 = CARTESIAN_POINT('',(3.121381175442,13.148541117321));
#1683 = CARTESIAN_POINT('',(3.099887695855,13.175898353632));
#1684 = CARTESIAN_POINT('',(3.078515741137,13.23198708443));
#1685 = CARTESIAN_POINT('',(3.057359368274,13.316098382103));
#1686 = CARTESIAN_POINT('',(3.036512982803,13.426947825041));
#1687 = CARTESIAN_POINT('',(3.016071766197,13.562664621016));
#1688 = CARTESIAN_POINT('',(2.983732025388,13.819082322169));
#1689 = CARTESIAN_POINT('',(2.97151406044,13.926149949537));
#1690 = CARTESIAN_POINT('',(2.959484294018,14.041540294609));
#1691 = CARTESIAN_POINT('',(2.947649134991,14.164816028225));
#1692 = CARTESIAN_POINT('',(2.936014911863,14.295530777741));
#1693 = CARTESIAN_POINT('',(2.924587863515,14.433228019976));
#1694 = CARTESIAN_POINT('',(2.899721383674,14.753018358613));
#1695 = CARTESIAN_POINT('',(2.886382346915,14.938285348836));
#1696 = CARTESIAN_POINT('',(2.873355836959,15.132564165291));
#1697 = CARTESIAN_POINT('',(2.860640677425,15.335222234671));
#1698 = CARTESIAN_POINT('',(2.848235597354,15.545670586513));
#1699 = CARTESIAN_POINT('',(2.8361391303,15.763363249815));
#1700 = CARTESIAN_POINT('',(2.815468457483,16.156861140806));
#1701 = CARTESIAN_POINT('',(2.806760278582,16.329774437166));
#1702 = CARTESIAN_POINT('',(2.79822331416,16.506342788867));
#1703 = CARTESIAN_POINT('',(2.789855917329,16.68638868144));
#1704 = CARTESIAN_POINT('',(2.781656456869,16.869750835815));
#1705 = CARTESIAN_POINT('',(2.773623317231,17.056284208318));
#1706 = CARTESIAN_POINT('',(2.759711413668,17.391467185235));
#1707 = CARTESIAN_POINT('',(2.753765149331,17.538867913252));
#1708 = CARTESIAN_POINT('',(2.747915412889,17.688003221924));
#1709 = CARTESIAN_POINT('',(2.742161571259,17.838817996424));
#1710 = CARTESIAN_POINT('',(2.736503050915,17.991260959896));
#1711 = CARTESIAN_POINT('',(2.730939337889,18.145284673454));
#1712 = CARTESIAN_POINT('',(2.710440846124,18.728307731472));
#1713 = CARTESIAN_POINT('',(2.696120888486,19.167468383079));
#1714 = CARTESIAN_POINT('',(2.682504368592,19.617338123565));
#1715 = CARTESIAN_POINT('',(2.669587904684,20.077110824369));
#1716 = CARTESIAN_POINT('',(2.657370736102,20.546138837295));
#1717 = CARTESIAN_POINT('',(2.645854989889,21.023908235996));
#1718 = CARTESIAN_POINT('',(2.622927376353,22.05501218511));
#1719 = CARTESIAN_POINT('',(2.61169469809,22.610598059472));
#1720 = CARTESIAN_POINT('',(2.601365999048,23.175760957938));
#1721 = CARTESIAN_POINT('',(2.591960257025,23.749599309595));
#1722 = CARTESIAN_POINT('',(2.58349714653,24.331307942391));
#1723 = CARTESIAN_POINT('',(2.575996844148,24.920165330299));
#1724 = CARTESIAN_POINT('',(2.562624394144,26.141793269734));
#1725 = CARTESIAN_POINT('',(2.556857024602,26.77525729087));
#1726 = CARTESIAN_POINT('',(2.552209841755,27.414400597296));
#1727 = CARTESIAN_POINT('',(2.548707113949,28.057795818288));
#1728 = CARTESIAN_POINT('',(2.546365423838,28.704077160125));
#1729 = CARTESIAN_POINT('',(2.545193797045,29.351916652469));
#1730 = CARTESIAN_POINT('',(2.545193797045,30.650108105779));
#1731 = CARTESIAN_POINT('',(2.546372756048,31.29996866598));
#1732 = CARTESIAN_POINT('',(2.54872908209,31.948256145347));
#1733 = CARTESIAN_POINT('',(2.55225363869,32.593631101597));
#1734 = CARTESIAN_POINT('',(2.556929648583,33.234715692871));
#1735 = CARTESIAN_POINT('',(2.562732563207,33.870069590786));
#1736 = CARTESIAN_POINT('',(2.576149526247,35.091867670083));
#1737 = CARTESIAN_POINT('',(2.583647039297,35.679090173677));
#1738 = CARTESIAN_POINT('',(2.59210210752,36.259188530783));
#1739 = CARTESIAN_POINT('',(2.60149471964,36.83144716869));
#1740 = CARTESIAN_POINT('',(2.611805375006,37.395067594962));
#1741 = CARTESIAN_POINT('',(2.623015275942,37.94915577132));
#1742 = CARTESIAN_POINT('',(2.655098511638,39.391435967332));
#1743 = CARTESIAN_POINT('',(2.67748294,40.260598760632));
#1744 = CARTESIAN_POINT('',(2.702235568204,41.098630071842));
#1745 = CARTESIAN_POINT('',(2.729378573642,41.902314834625));
#1746 = CARTESIAN_POINT('',(2.758966948277,42.666309848746));
#1747 = CARTESIAN_POINT('',(2.791075177481,43.382565654053));
#1748 = CARTESIAN_POINT('',(2.837569118943,44.262465055916));
#1749 = CARTESIAN_POINT('',(2.849653664048,44.478660657517));
#1750 = CARTESIAN_POINT('',(2.862044926271,44.687621112246));
#1751 = CARTESIAN_POINT('',(2.874744221018,44.888800830937));
#1752 = CARTESIAN_POINT('',(2.88775266664,45.081612471089));
#1753 = CARTESIAN_POINT('',(2.90107128398,45.265426321201));
#1754 = CARTESIAN_POINT('',(2.925415250972,45.576460715744));
#1755 = CARTESIAN_POINT('',(2.936322988372,45.707392408567));
#1756 = CARTESIAN_POINT('',(2.947418988375,45.831959703345));
#1757 = CARTESIAN_POINT('',(2.958697849723,45.949766751859));
#1758 = CARTESIAN_POINT('',(2.970154096872,46.060426044096));
#1759 = CARTESIAN_POINT('',(2.981782187211,46.163557534435));
#1760 = CARTESIAN_POINT('',(3.013656003723,46.420914307407));
#1761 = CARTESIAN_POINT('',(3.034252625121,46.560424981766));
#1762 = CARTESIAN_POINT('',(3.055268531008,46.674740278976));
#1763 = CARTESIAN_POINT('',(3.07660666409,46.761908829509));
#1764 = CARTESIAN_POINT('',(3.098170755473,46.820581500082));
#1765 = CARTESIAN_POINT('',(3.119864891556,46.85));
#1766 = CARTESIAN_POINT('',(3.14159265359,46.85));
#1767 = ( GEOMETRIC_REPRESENTATION_CONTEXT(2) 
PARAMETRIC_REPRESENTATION_CONTEXT() REPRESENTATION_CONTEXT('2D SPACE',''
  ) );
#1768 = PCURVE('',#1769,#1774);
#1769 = CYLINDRICAL_SURFACE('',#1770,16.85);
#1770 = AXIS2_PLACEMENT_3D('',#1771,#1772,#1773);
#1771 = CARTESIAN_POINT('',(6.E+03,0.,3.9E+03));
#1772 = DIRECTION('',(1.,0.,0.));
#1773 = DIRECTION('',(-0.,0.,1.));
#1774 = DEFINITIONAL_REPRESENTATION('',(#1775),#1946);
#1775 = B_SPLINE_CURVE_WITH_KNOTS('',7,(#1776,#1777,#1778,#1779,#1780,
    #1781,#1782,#1783,#1784,#1785,#1786,#1787,#1788,#1789,#1790,#1791,
    #1792,#1793,#1794,#1795,#1796,#1797,#1798,#1799,#1800,#1801,#1802,
    #1803,#1804,#1805,#1806,#1807,#1808,#1809,#1810,#1811,#1812,#1813,
    #1814,#1815,#1816,#1817,#1818,#1819,#1820,#1821,#1822,#1823,#1824,
    #1825,#1826,#1827,#1828,#1829,#1830,#1831,#1832,#1833,#1834,#1835,
    #1836,#1837,#1838,#1839,#1840,#1841,#1842,#1843,#1844,#1845,#1846,
    #1847,#1848,#1849,#1850,#1851,#1852,#1853,#1854,#1855,#1856,#1857,
    #1858,#1859,#1860,#1861,#1862,#1863,#1864,#1865,#1866,#1867,#1868,
    #1869,#1870,#1871,#1872,#1873,#1874,#1875,#1876,#1877,#1878,#1879,
    #1880,#1881,#1882,#1883,#1884,#1885,#1886,#1887,#1888,#1889,#1890,
    #1891,#1892,#1893,#1894,#1895,#1896,#1897,#1898,#1899,#1900,#1901,
    #1902,#1903,#1904,#1905,#1906,#1907,#1908,#1909,#1910,#1911,#1912,
    #1913,#1914,#1915,#1916,#1917,#1918,#1919,#1920,#1921,#1922,#1923,
    #1924,#1925,#1926,#1927,#1928,#1929,#1930,#1931,#1932,#1933,#1934,
    #1935,#1936,#1937,#1938,#1939,#1940,#1941,#1942,#1943,#1944,#1945),
  .UNSPECIFIED.,.F.,.F.,(8,6,6,6,6,6,6,6,6,6,6,6,6,6,6,6,6,6,6,6,6,6,6,6
    ,6,6,6,6,8),(0.,3.368055526709E-02,5.480796010787E-02,
    8.053062388378E-02,9.990737023944E-02,0.114790039542,0.15568579055,
    0.201536112807,0.249767450093,0.298149472932,0.343882037992,
    0.419497502607,0.44515559332,0.476384749331,0.499354639921,
    0.533376589842,0.55453306918,0.580291131223,0.599694542905,
    0.614597693006,0.655549723915,0.70146314273,0.749760853668,
    0.798209457526,0.844004957092,0.919724480091,0.945417880239,
    0.965615009479,1.),.UNSPECIFIED.);
#1776 = CARTESIAN_POINT('',(0.,670.));
#1777 = CARTESIAN_POINT('',(3.798186157682E-02,670.));
#1778 = CARTESIAN_POINT('',(7.590771305779E-02,670.01592864518));
#1779 = CARTESIAN_POINT('',(0.113675454284,670.04770118152));
#1780 = CARTESIAN_POINT('',(0.151182819168,670.09480481545));
#1781 = CARTESIAN_POINT('',(0.188322923889,670.15630369668));
#1782 = CARTESIAN_POINT('',(0.224979603228,670.23086756596));
#1783 = CARTESIAN_POINT('',(0.283631830068,670.3707435418));
#1784 = CARTESIAN_POINT('',(0.306021175044,670.42919731262));
#1785 = CARTESIAN_POINT('',(0.32818888799,670.49186275914));
#1786 = CARTESIAN_POINT('',(0.350132469187,670.55840680685));
#1787 = CARTESIAN_POINT('',(0.371848559935,670.62848818503));
#1788 = CARTESIAN_POINT('',(0.393332901344,670.70175968367));
#1789 = CARTESIAN_POINT('',(0.440449041278,670.8705353945));
#1790 = CARTESIAN_POINT('',(0.465971268213,670.96742587273));
#1791 = CARTESIAN_POINT('',(0.491160957999,671.06799609606));
#1792 = CARTESIAN_POINT('',(0.516030920076,671.17172439405));
#1793 = CARTESIAN_POINT('',(0.540593189234,671.27811446148));
#1794 = CARTESIAN_POINT('',(0.564859425596,671.386696645));
#1795 = CARTESIAN_POINT('',(0.606906744521,671.58014218129));
#1796 = CARTESIAN_POINT('',(0.624813390928,671.66425988784));
#1797 = CARTESIAN_POINT('',(0.642568113206,671.74920385476));
#1798 = CARTESIAN_POINT('',(0.660177793385,671.83480456184));
#1799 = CARTESIAN_POINT('',(0.677649336133,671.92090146322));
#1800 = CARTESIAN_POINT('',(0.694989668749,672.00734298743));
#1801 = CARTESIAN_POINT('',(0.725428864794,672.16053472232));
#1802 = CARTESIAN_POINT('',(0.73857860724,672.22720136521));
#1803 = CARTESIAN_POINT('',(0.75165807239,672.29392149011));
#1804 = CARTESIAN_POINT('',(0.764670302516,672.36063211939));
#1805 = CARTESIAN_POINT('',(0.777618278276,672.42727227367));
#1806 = CARTESIAN_POINT('',(0.790504918718,672.49378297186));
#1807 = CARTESIAN_POINT('',(0.838583299582,672.74235816585));
#1808 = CARTESIAN_POINT('',(0.873399672161,672.92324002816));
#1809 = CARTESIAN_POINT('',(0.907833975877,673.10152774467));
#1810 = CARTESIAN_POINT('',(0.941936288663,673.27609370252));
#1811 = CARTESIAN_POINT('',(0.975755553738,673.44588868269));
#1812 = CARTESIAN_POINT('',(1.009340143826,673.60992279323));
#1813 = CARTESIAN_POINT('',(1.080182950407,673.94362996338));
#1814 = CARTESIAN_POINT('',(1.11740074275,674.11161392699));
#1815 = CARTESIAN_POINT('',(1.154428930246,674.26971071439));
#1816 = CARTESIAN_POINT('',(1.191304849386,674.41653367635));
#1817 = CARTESIAN_POINT('',(1.228066674436,674.55080777843));
#1818 = CARTESIAN_POINT('',(1.264754046559,674.67138028612));
#1819 = CARTESIAN_POINT('',(1.339966841849,674.88857948259));
#1820 = CARTESIAN_POINT('',(1.378488844842,674.98363774771));
#1821 = CARTESIAN_POINT('',(1.416976888178,675.06108573771));
#1822 = CARTESIAN_POINT('',(1.455439036722,675.11989213198));
#1823 = CARTESIAN_POINT('',(1.493886965397,675.15934954401));
#1824 = CARTESIAN_POINT('',(1.53233440706,675.17909147512));
#1825 = CARTESIAN_POINT('',(1.609378410224,675.17909147512));
#1826 = CARTESIAN_POINT('',(1.647945796445,675.15922599582));
#1827 = CARTESIAN_POINT('',(1.686513657888,675.11952196991));
#1828 = CARTESIAN_POINT('',(1.725095912104,675.06035045356));
#1829 = CARTESIAN_POINT('',(1.763704390271,674.98242746941));
#1830 = CARTESIAN_POINT('',(1.802347264539,674.88679674555));
#1831 = CARTESIAN_POINT('',(1.877588069573,674.66892534154));
#1832 = CARTESIAN_POINT('',(1.914182426872,674.54842764485));
#1833 = CARTESIAN_POINT('',(1.950851266029,674.41431503073));
#1834 = CARTESIAN_POINT('',(1.98763397921,674.26773253531));
#1835 = CARTESIAN_POINT('',(2.024568514324,674.10994597086));
#1836 = CARTESIAN_POINT('',(2.061691998526,673.94233143604));
#1837 = CARTESIAN_POINT('',(2.160795812788,673.47541685597));
#1838 = CARTESIAN_POINT('',(2.223115216695,673.16188374422));
#1839 = CARTESIAN_POINT('',(2.286362171551,672.83157828759));
#1840 = CARTESIAN_POINT('',(2.350885451361,672.49068637499));
#1841 = CARTESIAN_POINT('',(2.417035295719,672.14628737794));
#1842 = CARTESIAN_POINT('',(2.485168306865,671.80702979637));
#1843 = CARTESIAN_POINT('',(2.579604508452,671.37382737404));
#1844 = CARTESIAN_POINT('',(2.603814251371,671.26584713895));
#1845 = CARTESIAN_POINT('',(2.628319221921,671.16008074841));
#1846 = CARTESIAN_POINT('',(2.653130723964,671.05699591632));
#1847 = CARTESIAN_POINT('',(2.678260451815,670.95708634369));
#1848 = CARTESIAN_POINT('',(2.703720879294,670.86087037487));
#1849 = CARTESIAN_POINT('',(2.760933331488,670.65693743138));
#1850 = CARTESIAN_POINT('',(2.792887617543,670.55112904534));
#1851 = CARTESIAN_POINT('',(2.825352700967,670.45269130438));
#1852 = CARTESIAN_POINT('',(2.858299184,670.36280151352));
#1853 = CARTESIAN_POINT('',(2.891703121196,670.2825687621));
#1854 = CARTESIAN_POINT('',(2.925545063515,670.21301521153));
#1855 = CARTESIAN_POINT('',(2.985011231621,670.11242782958));
#1856 = CARTESIAN_POINT('',(3.010427795125,670.07609507553));
#1857 = CARTESIAN_POINT('',(3.036014698764,670.04647505798));
#1858 = CARTESIAN_POINT('',(3.061730763959,670.02388797521));
#1859 = CARTESIAN_POINT('',(3.087536595258,670.00855521368));
#1860 = CARTESIAN_POINT('',(3.113393447876,670.00059627484));
#1861 = CARTESIAN_POINT('',(3.177577550937,669.99918059577));
#1862 = CARTESIAN_POINT('',(3.215842204644,670.01454615294));
#1863 = CARTESIAN_POINT('',(3.253950701228,670.04605331113));
#1864 = CARTESIAN_POINT('',(3.291797653304,670.0931882552));
#1865 = CARTESIAN_POINT('',(3.329272967944,670.15499709567));
#1866 = CARTESIAN_POINT('',(3.36625695094,670.23011561297));
#1867 = CARTESIAN_POINT('',(3.425224483657,670.3707435418));
#1868 = CARTESIAN_POINT('',(3.447613828633,670.42919731262));
#1869 = CARTESIAN_POINT('',(3.469781541581,670.49186275914));
#1870 = CARTESIAN_POINT('',(3.491725122778,670.55840680685));
#1871 = CARTESIAN_POINT('',(3.513441213525,670.62848818503));
#1872 = CARTESIAN_POINT('',(3.534925554933,670.70175968367));
#1873 = CARTESIAN_POINT('',(3.582041694868,670.8705353945));
#1874 = CARTESIAN_POINT('',(3.607563921803,670.96742587273));
#1875 = CARTESIAN_POINT('',(3.632753611589,671.06799609606));
#1876 = CARTESIAN_POINT('',(3.657623573665,671.17172439405));
#1877 = CARTESIAN_POINT('',(3.682185842824,671.27811446148));
#1878 = CARTESIAN_POINT('',(3.706452079186,671.386696645));
#1879 = CARTESIAN_POINT('',(3.74849939811,671.58014218129));
#1880 = CARTESIAN_POINT('',(3.766406044518,671.66425988784));
#1881 = CARTESIAN_POINT('',(3.784160766795,671.74920385476));
#1882 = CARTESIAN_POINT('',(3.801770446975,671.83480456184));
#1883 = CARTESIAN_POINT('',(3.819241989723,671.92090146322));
#1884 = CARTESIAN_POINT('',(3.836582322339,672.00734298743));
#1885 = CARTESIAN_POINT('',(3.867021518384,672.16053472232));
#1886 = CARTESIAN_POINT('',(3.88017126083,672.22720136521));
#1887 = CARTESIAN_POINT('',(3.89325072598,672.29392149011));
#1888 = CARTESIAN_POINT('',(3.906262956105,672.36063211939));
#1889 = CARTESIAN_POINT('',(3.919210931866,672.42727227367));
#1890 = CARTESIAN_POINT('',(3.932097572308,672.49378297186));
#1891 = CARTESIAN_POINT('',(3.980175954185,672.74235817109));
#1892 = CARTESIAN_POINT('',(4.014992324797,672.92324002345));
#1893 = CARTESIAN_POINT('',(4.049426628659,673.10152774049));
#1894 = CARTESIAN_POINT('',(4.083528942983,673.27609370599));
#1895 = CARTESIAN_POINT('',(4.117348208295,673.44588868754));
#1896 = CARTESIAN_POINT('',(4.150932796506,673.60992278894));
#1897 = CARTESIAN_POINT('',(4.221775603612,673.94362996157));
#1898 = CARTESIAN_POINT('',(4.258993396713,674.11161392837));
#1899 = CARTESIAN_POINT('',(4.296021584143,674.26971071582));
#1900 = CARTESIAN_POINT('',(4.332897502684,674.41653367548));
#1901 = CARTESIAN_POINT('',(4.36965932765,674.55080777693));
#1902 = CARTESIAN_POINT('',(4.406346700513,674.67138028718));
#1903 = CARTESIAN_POINT('',(4.481559495439,674.88857948259));
#1904 = CARTESIAN_POINT('',(4.520081498432,674.98363774771));
#1905 = CARTESIAN_POINT('',(4.558569541768,675.06108573771));
#1906 = CARTESIAN_POINT('',(4.597031690312,675.11989213198));
#1907 = CARTESIAN_POINT('',(4.635479618987,675.15934954401));
#1908 = CARTESIAN_POINT('',(4.67392706065,675.17909147512));
#1909 = CARTESIAN_POINT('',(4.750971063814,675.17909147512));
#1910 = CARTESIAN_POINT('',(4.789538450035,675.15922599582));
#1911 = CARTESIAN_POINT('',(4.828106311478,675.11952196991));
#1912 = CARTESIAN_POINT('',(4.866688565694,675.06035045356));
#1913 = CARTESIAN_POINT('',(4.905297043861,674.98242746941));
#1914 = CARTESIAN_POINT('',(4.943939918128,674.88679674555));
#1915 = CARTESIAN_POINT('',(5.019180722798,674.6689253426));
#1916 = CARTESIAN_POINT('',(5.055775080834,674.54842764337));
#1917 = CARTESIAN_POINT('',(5.092443919911,674.41431502985));
#1918 = CARTESIAN_POINT('',(5.129226632498,674.26773253671));
#1919 = CARTESIAN_POINT('',(5.166161167543,674.10994597223));
#1920 = CARTESIAN_POINT('',(5.203284652493,673.94233143426));
#1921 = CARTESIAN_POINT('',(5.302388466378,673.47541685597));
#1922 = CARTESIAN_POINT('',(5.364707870284,673.16188374422));
#1923 = CARTESIAN_POINT('',(5.427954825141,672.83157828759));
#1924 = CARTESIAN_POINT('',(5.492478104952,672.49068637499));
#1925 = CARTESIAN_POINT('',(5.558627949309,672.14628737794));
#1926 = CARTESIAN_POINT('',(5.626760960455,671.80702979637));
#1927 = CARTESIAN_POINT('',(5.721197162042,671.37382737404));
#1928 = CARTESIAN_POINT('',(5.74540690496,671.26584713895));
#1929 = CARTESIAN_POINT('',(5.769911875511,671.16008074841));
#1930 = CARTESIAN_POINT('',(5.794723377554,671.05699591632));
#1931 = CARTESIAN_POINT('',(5.819853105405,670.95708634369));
#1932 = CARTESIAN_POINT('',(5.845313532884,670.86087037487));
#1933 = CARTESIAN_POINT('',(5.891402977079,670.69658522962));
#1934 = CARTESIAN_POINT('',(5.91190286419,670.62688920064));
#1935 = CARTESIAN_POINT('',(5.932613525975,670.56010566047));
#1936 = CARTESIAN_POINT('',(5.953531301206,670.49653559385));
#1937 = CARTESIAN_POINT('',(5.974653272423,670.43647509765));
#1938 = CARTESIAN_POINT('',(5.995977233209,670.38021360168));
#1939 = CARTESIAN_POINT('',(6.054146321474,670.23919467213));
#1940 = CARTESIAN_POINT('',(6.091436434555,670.16202646028));
#1941 = CARTESIAN_POINT('',(6.129234530915,670.09831313138));
#1942 = CARTESIAN_POINT('',(6.167418501707,670.04947787759));
#1943 = CARTESIAN_POINT('',(6.205876297718,670.01652338893));
#1944 = CARTESIAN_POINT('',(6.244500864389,670.));
#1945 = CARTESIAN_POINT('',(6.28318530718,670.));
#1946 = ( GEOMETRIC_REPRESENTATION_CONTEXT(2) 
PARAMETRIC_REPRESENTATION_CONTEXT() REPRESENTATION_CONTEXT('2D SPACE',''
  ) );
#1947 = ADVANCED_FACE('',(#1948),#1203,.F.);
#1948 = FACE_BOUND('',#1949,.F.);
#1949 = EDGE_LOOP('',(#1950,#1951,#1952,#1953));
#1950 = ORIENTED_EDGE('',*,*,#1187,.F.);
#1951 = ORIENTED_EDGE('',*,*,#1289,.T.);
#1952 = ORIENTED_EDGE('',*,*,#1339,.T.);
#1953 = ORIENTED_EDGE('',*,*,#1240,.F.);
#1954 = ADVANCED_FACE('',(#1955,#1958),#1403,.T.);
#1955 = FACE_BOUND('',#1956,.T.);
#1956 = EDGE_LOOP('',(#1957));
#1957 = ORIENTED_EDGE('',*,*,#1388,.T.);
#1958 = FACE_BOUND('',#1959,.T.);
#1959 = EDGE_LOOP('',(#1960));
#1960 = ORIENTED_EDGE('',*,*,#1961,.F.);
#1961 = EDGE_CURVE('',#1962,#1962,#1964,.T.);
#1962 = VERTEX_POINT('',#1963);
#1963 = CARTESIAN_POINT('',(6.72E+03,-4.898587196589E-15,3.93E+03));
#1964 = SURFACE_CURVE('',#1965,(#1970,#1977),.PCURVE_S1.);
#1965 = CIRCLE('',#1966,20.);
#1966 = AXIS2_PLACEMENT_3D('',#1967,#1968,#1969);
#1967 = CARTESIAN_POINT('',(6.7E+03,0.,3.93E+03));
#1968 = DIRECTION('',(0.,0.,1.));
#1969 = DIRECTION('',(1.,0.,-0.));
#1970 = PCURVE('',#1403,#1971);
#1971 = DEFINITIONAL_REPRESENTATION('',(#1972),#1976);
#1972 = CIRCLE('',#1973,20.);
#1973 = AXIS2_PLACEMENT_2D('',#1974,#1975);
#1974 = CARTESIAN_POINT('',(0.,0.));
#1975 = DIRECTION('',(1.,0.));
#1976 = ( GEOMETRIC_REPRESENTATION_CONTEXT(2) 
PARAMETRIC_REPRESENTATION_CONTEXT() REPRESENTATION_CONTEXT('2D SPACE',''
  ) );
#1977 = PCURVE('',#1978,#1983);
#1978 = CYLINDRICAL_SURFACE('',#1979,20.);
#1979 = AXIS2_PLACEMENT_3D('',#1980,#1981,#1982);
#1980 = CARTESIAN_POINT('',(6.7E+03,0.,2.25E+03));
#1981 = DIRECTION('',(0.,0.,1.));
#1982 = DIRECTION('',(1.,0.,-0.));
#1983 = DEFINITIONAL_REPRESENTATION('',(#1984),#1988);
#1984 = LINE('',#1985,#1986);
#1985 = CARTESIAN_POINT('',(0.,1.68E+03));
#1986 = VECTOR('',#1987,1.);
#1987 = DIRECTION('',(1.,0.));
#1988 = ( GEOMETRIC_REPRESENTATION_CONTEXT(2) 
PARAMETRIC_REPRESENTATION_CONTEXT() REPRESENTATION_CONTEXT('2D SPACE',''
  ) );
#1989 = ADVANCED_FACE('',(#1990),#1769,.T.);
#1990 = FACE_BOUND('',#1991,.T.);
#1991 = EDGE_LOOP('',(#1992,#2021,#2042,#2043));
#1992 = ORIENTED_EDGE('',*,*,#1993,.T.);
#1993 = EDGE_CURVE('',#1994,#1994,#1996,.T.);
#1994 = VERTEX_POINT('',#1995);
#1995 = CARTESIAN_POINT('',(6.012E+03,4.127059713127E-15,3.91685E+03));
#1996 = SURFACE_CURVE('',#1997,(#2002,#2009),.PCURVE_S1.);
#1997 = CIRCLE('',#1998,16.85);
#1998 = AXIS2_PLACEMENT_3D('',#1999,#2000,#2001);
#1999 = CARTESIAN_POINT('',(6.012E+03,0.,3.9E+03));
#2000 = DIRECTION('',(1.,0.,0.));
#2001 = DIRECTION('',(-0.,0.,1.));
#2002 = PCURVE('',#1769,#2003);
#2003 = DEFINITIONAL_REPRESENTATION('',(#2004),#2008);
#2004 = LINE('',#2005,#2006);
#2005 = CARTESIAN_POINT('',(0.,12.));
#2006 = VECTOR('',#2007,1.);
#2007 = DIRECTION('',(1.,0.));
#2008 = ( GEOMETRIC_REPRESENTATION_CONTEXT(2) 
PARAMETRIC_REPRESENTATION_CONTEXT() REPRESENTATION_CONTEXT('2D SPACE',''
  ) );
#2009 = PCURVE('',#2010,#2015);
#2010 = PLANE('',#2011);
#2011 = AXIS2_PLACEMENT_3D('',#2012,#2013,#2014);
#2012 = CARTESIAN_POINT('',(6.012E+03,-70.,3.83E+03));
#2013 = DIRECTION('',(1.,0.,-0.));
#2014 = DIRECTION('',(0.,0.,1.));
#2015 = DEFINITIONAL_REPRESENTATION('',(#2016),#2020);
#2016 = CIRCLE('',#2017,16.85);
#2017 = AXIS2_PLACEMENT_2D('',#2018,#2019);
#2018 = CARTESIAN_POINT('',(70.,-70.));
#2019 = DIRECTION('',(1.,0.));
#2020 = ( GEOMETRIC_REPRESENTATION_CONTEXT(2) 
PARAMETRIC_REPRESENTATION_CONTEXT() REPRESENTATION_CONTEXT('2D SPACE',''
  ) );
#2021 = ORIENTED_EDGE('',*,*,#2022,.T.);
#2022 = EDGE_CURVE('',#1994,#1420,#2023,.T.);
#2023 = SEAM_CURVE('',#2024,(#2028,#2035),.PCURVE_S1.);
#2024 = LINE('',#2025,#2026);
#2025 = CARTESIAN_POINT('',(6.E+03,4.127059713127E-15,3.91685E+03));
#2026 = VECTOR('',#2027,1.);
#2027 = DIRECTION('',(1.,0.,0.));
#2028 = PCURVE('',#1769,#2029);
#2029 = DEFINITIONAL_REPRESENTATION('',(#2030),#2034);
#2030 = LINE('',#2031,#2032);
#2031 = CARTESIAN_POINT('',(0.,-0.));
#2032 = VECTOR('',#2033,1.);
#2033 = DIRECTION('',(0.,1.));
#2034 = ( GEOMETRIC_REPRESENTATION_CONTEXT(2) 
PARAMETRIC_REPRESENTATION_CONTEXT() REPRESENTATION_CONTEXT('2D SPACE',''
  ) );
#2035 = PCURVE('',#1769,#2036);
#2036 = DEFINITIONAL_REPRESENTATION('',(#2037),#2041);
#2037 = LINE('',#2038,#2039);
#2038 = CARTESIAN_POINT('',(6.28318530718,-0.));
#2039 = VECTOR('',#2040,1.);
#2040 = DIRECTION('',(0.,1.));
#2041 = ( GEOMETRIC_REPRESENTATION_CONTEXT(2) 
PARAMETRIC_REPRESENTATION_CONTEXT() REPRESENTATION_CONTEXT('2D SPACE',''
  ) );
#2042 = ORIENTED_EDGE('',*,*,#1419,.F.);
#2043 = ORIENTED_EDGE('',*,*,#2022,.F.);
#2044 = ADVANCED_FACE('',(#2045),#1978,.T.);
#2045 = FACE_BOUND('',#2046,.T.);
#2046 = EDGE_LOOP('',(#2047,#2048,#2071,#2098));
#2047 = ORIENTED_EDGE('',*,*,#1961,.T.);
#2048 = ORIENTED_EDGE('',*,*,#2049,.T.);
#2049 = EDGE_CURVE('',#1962,#2050,#2052,.T.);
#2050 = VERTEX_POINT('',#2051);
#2051 = CARTESIAN_POINT('',(6.72E+03,-4.898587196589E-15,4.7E+03));
#2052 = SEAM_CURVE('',#2053,(#2057,#2064),.PCURVE_S1.);
#2053 = LINE('',#2054,#2055);
#2054 = CARTESIAN_POINT('',(6.72E+03,-4.898587196589E-15,2.25E+03));
#2055 = VECTOR('',#2056,1.);
#2056 = DIRECTION('',(0.,0.,1.));
#2057 = PCURVE('',#1978,#2058);
#2058 = DEFINITIONAL_REPRESENTATION('',(#2059),#2063);
#2059 = LINE('',#2060,#2061);
#2060 = CARTESIAN_POINT('',(0.,-0.));
#2061 = VECTOR('',#2062,1.);
#2062 = DIRECTION('',(0.,1.));
#2063 = ( GEOMETRIC_REPRESENTATION_CONTEXT(2) 
PARAMETRIC_REPRESENTATION_CONTEXT() REPRESENTATION_CONTEXT('2D SPACE',''
  ) );
#2064 = PCURVE('',#1978,#2065);
#2065 = DEFINITIONAL_REPRESENTATION('',(#2066),#2070);
#2066 = LINE('',#2067,#2068);
#2067 = CARTESIAN_POINT('',(6.28318530718,-0.));
#2068 = VECTOR('',#2069,1.);
#2069 = DIRECTION('',(0.,1.));
#2070 = ( GEOMETRIC_REPRESENTATION_CONTEXT(2) 
PARAMETRIC_REPRESENTATION_CONTEXT() REPRESENTATION_CONTEXT('2D SPACE',''
  ) );
#2071 = ORIENTED_EDGE('',*,*,#2072,.F.);
#2072 = EDGE_CURVE('',#2050,#2050,#2073,.T.);
#2073 = SURFACE_CURVE('',#2074,(#2079,#2086),.PCURVE_S1.);
#2074 = CIRCLE('',#2075,20.);
#2075 = AXIS2_PLACEMENT_3D('',#2076,#2077,#2078);
#2076 = CARTESIAN_POINT('',(6.7E+03,0.,4.7E+03));
#2077 = DIRECTION('',(0.,0.,1.));
#2078 = DIRECTION('',(1.,0.,-0.));
#2079 = PCURVE('',#1978,#2080);
#2080 = DEFINITIONAL_REPRESENTATION('',(#2081),#2085);
#2081 = LINE('',#2082,#2083);
#2082 = CARTESIAN_POINT('',(0.,2.45E+03));
#2083 = VECTOR('',#2084,1.);
#2084 = DIRECTION('',(1.,0.));
#2085 = ( GEOMETRIC_REPRESENTATION_CONTEXT(2) 
PARAMETRIC_REPRESENTATION_CONTEXT() REPRESENTATION_CONTEXT('2D SPACE',''
  ) );
#2086 = PCURVE('',#2087,#2092);
#2087 = PLANE('',#2088);
#2088 = AXIS2_PLACEMENT_3D('',#2089,#2090,#2091);
#2089 = CARTESIAN_POINT('',(6.7E+03,0.,4.7E+03));
#2090 = DIRECTION('',(0.,0.,1.));
#2091 = DIRECTION('',(1.,0.,-0.));
#2092 = DEFINITIONAL_REPRESENTATION('',(#2093),#2097);
#2093 = CIRCLE('',#2094,20.);
#2094 = AXIS2_PLACEMENT_2D('',#2095,#2096);
#2095 = CARTESIAN_POINT('',(0.,0.));
#2096 = DIRECTION('',(1.,0.));
#2097 = ( GEOMETRIC_REPRESENTATION_CONTEXT(2) 
PARAMETRIC_REPRESENTATION_CONTEXT() REPRESENTATION_CONTEXT('2D SPACE',''
  ) );
#2098 = ORIENTED_EDGE('',*,*,#2049,.F.);
#2099 = ADVANCED_FACE('',(#2100,#2214),#2010,.T.);
#2100 = FACE_BOUND('',#2101,.T.);
#2101 = EDGE_LOOP('',(#2102,#2132,#2160,#2188));
#2102 = ORIENTED_EDGE('',*,*,#2103,.F.);
#2103 = EDGE_CURVE('',#2104,#2106,#2108,.T.);
#2104 = VERTEX_POINT('',#2105);
#2105 = CARTESIAN_POINT('',(6.012E+03,-70.,3.83E+03));
#2106 = VERTEX_POINT('',#2107);
#2107 = CARTESIAN_POINT('',(6.012E+03,-70.,3.97E+03));
#2108 = SURFACE_CURVE('',#2109,(#2113,#2120),.PCURVE_S1.);
#2109 = LINE('',#2110,#2111);
#2110 = CARTESIAN_POINT('',(6.012E+03,-70.,3.83E+03));
#2111 = VECTOR('',#2112,1.);
#2112 = DIRECTION('',(0.,0.,1.));
#2113 = PCURVE('',#2010,#2114);
#2114 = DEFINITIONAL_REPRESENTATION('',(#2115),#2119);
#2115 = LINE('',#2116,#2117);
#2116 = CARTESIAN_POINT('',(0.,0.));
#2117 = VECTOR('',#2118,1.);
#2118 = DIRECTION('',(1.,0.));
#2119 = ( GEOMETRIC_REPRESENTATION_CONTEXT(2) 
PARAMETRIC_REPRESENTATION_CONTEXT() REPRESENTATION_CONTEXT('2D SPACE',''
  ) );
#2120 = PCURVE('',#2121,#2126);
#2121 = PLANE('',#2122);
#2122 = AXIS2_PLACEMENT_3D('',#2123,#2124,#2125);
#2123 = CARTESIAN_POINT('',(6.E+03,-70.,3.83E+03));
#2124 = DIRECTION('',(-0.,1.,0.));
#2125 = DIRECTION('',(0.,0.,1.));
#2126 = DEFINITIONAL_REPRESENTATION('',(#2127),#2131);
#2127 = LINE('',#2128,#2129);
#2128 = CARTESIAN_POINT('',(0.,12.));
#2129 = VECTOR('',#2130,1.);
#2130 = DIRECTION('',(1.,0.));
#2131 = ( GEOMETRIC_REPRESENTATION_CONTEXT(2) 
PARAMETRIC_REPRESENTATION_CONTEXT() REPRESENTATION_CONTEXT('2D SPACE',''
  ) );
#2132 = ORIENTED_EDGE('',*,*,#2133,.T.);
#2133 = EDGE_CURVE('',#2104,#2134,#2136,.T.);
#2134 = VERTEX_POINT('',#2135);
#2135 = CARTESIAN_POINT('',(6.012E+03,70.,3.83E+03));
#2136 = SURFACE_CURVE('',#2137,(#2141,#2148),.PCURVE_S1.);
#2137 = LINE('',#2138,#2139);
#2138 = CARTESIAN_POINT('',(6.012E+03,-70.,3.83E+03));
#2139 = VECTOR('',#2140,1.);
#2140 = DIRECTION('',(-0.,1.,0.));
#2141 = PCURVE('',#2010,#2142);
#2142 = DEFINITIONAL_REPRESENTATION('',(#2143),#2147);
#2143 = LINE('',#2144,#2145);
#2144 = CARTESIAN_POINT('',(0.,0.));
#2145 = VECTOR('',#2146,1.);
#2146 = DIRECTION('',(0.,-1.));
#2147 = ( GEOMETRIC_REPRESENTATION_CONTEXT(2) 
PARAMETRIC_REPRESENTATION_CONTEXT() REPRESENTATION_CONTEXT('2D SPACE',''
  ) );
#2148 = PCURVE('',#2149,#2154);
#2149 = PLANE('',#2150);
#2150 = AXIS2_PLACEMENT_3D('',#2151,#2152,#2153);
#2151 = CARTESIAN_POINT('',(6.E+03,-70.,3.83E+03));
#2152 = DIRECTION('',(0.,0.,1.));
#2153 = DIRECTION('',(1.,0.,-0.));
#2154 = DEFINITIONAL_REPRESENTATION('',(#2155),#2159);
#2155 = LINE('',#2156,#2157);
#2156 = CARTESIAN_POINT('',(12.,0.));
#2157 = VECTOR('',#2158,1.);
#2158 = DIRECTION('',(0.,1.));
#2159 = ( GEOMETRIC_REPRESENTATION_CONTEXT(2) 
PARAMETRIC_REPRESENTATION_CONTEXT() REPRESENTATION_CONTEXT('2D SPACE',''
  ) );
#2160 = ORIENTED_EDGE('',*,*,#2161,.T.);
#2161 = EDGE_CURVE('',#2134,#2162,#2164,.T.);
#2162 = VERTEX_POINT('',#2163);
#2163 = CARTESIAN_POINT('',(6.012E+03,70.,3.97E+03));
#2164 = SURFACE_CURVE('',#2165,(#2169,#2176),.PCURVE_S1.);
#2165 = LINE('',#2166,#2167);
#2166 = CARTESIAN_POINT('',(6.012E+03,70.,3.83E+03));
#2167 = VECTOR('',#2168,1.);
#2168 = DIRECTION('',(0.,0.,1.));
#2169 = PCURVE('',#2010,#2170);
#2170 = DEFINITIONAL_REPRESENTATION('',(#2171),#2175);
#2171 = LINE('',#2172,#2173);
#2172 = CARTESIAN_POINT('',(0.,-140.));
#2173 = VECTOR('',#2174,1.);
#2174 = DIRECTION('',(1.,0.));
#2175 = ( GEOMETRIC_REPRESENTATION_CONTEXT(2) 
PARAMETRIC_REPRESENTATION_CONTEXT() REPRESENTATION_CONTEXT('2D SPACE',''
  ) );
#2176 = PCURVE('',#2177,#2182);
#2177 = PLANE('',#2178);
#2178 = AXIS2_PLACEMENT_3D('',#2179,#2180,#2181);
#2179 = CARTESIAN_POINT('',(6.E+03,70.,3.83E+03));
#2180 = DIRECTION('',(-0.,1.,0.));
#2181 = DIRECTION('',(0.,0.,1.));
#2182 = DEFINITIONAL_REPRESENTATION('',(#2183),#2187);
#2183 = LINE('',#2184,#2185);
#2184 = CARTESIAN_POINT('',(0.,12.));
#2185 = VECTOR('',#2186,1.);
#2186 = DIRECTION('',(1.,0.));
#2187 = ( GEOMETRIC_REPRESENTATION_CONTEXT(2) 
PARAMETRIC_REPRESENTATION_CONTEXT() REPRESENTATION_CONTEXT('2D SPACE',''
  ) );
#2188 = ORIENTED_EDGE('',*,*,#2189,.F.);
#2189 = EDGE_CURVE('',#2106,#2162,#2190,.T.);
#2190 = SURFACE_CURVE('',#2191,(#2195,#2202),.PCURVE_S1.);
#2191 = LINE('',#2192,#2193);
#2192 = CARTESIAN_POINT('',(6.012E+03,-70.,3.97E+03));
#2193 = VECTOR('',#2194,1.);
#2194 = DIRECTION('',(-0.,1.,0.));
#2195 = PCURVE('',#2010,#2196);
#2196 = DEFINITIONAL_REPRESENTATION('',(#2197),#2201);
#2197 = LINE('',#2198,#2199);
#2198 = CARTESIAN_POINT('',(140.,0.));
#2199 = VECTOR('',#2200,1.);
#2200 = DIRECTION('',(0.,-1.));
#2201 = ( GEOMETRIC_REPRESENTATION_CONTEXT(2) 
PARAMETRIC_REPRESENTATION_CONTEXT() REPRESENTATION_CONTEXT('2D SPACE',''
  ) );
#2202 = PCURVE('',#2203,#2208);
#2203 = PLANE('',#2204);
#2204 = AXIS2_PLACEMENT_3D('',#2205,#2206,#2207);
#2205 = CARTESIAN_POINT('',(6.E+03,-70.,3.97E+03));
#2206 = DIRECTION('',(0.,0.,1.));
#2207 = DIRECTION('',(1.,0.,-0.));
#2208 = DEFINITIONAL_REPRESENTATION('',(#2209),#2213);
#2209 = LINE('',#2210,#2211);
#2210 = CARTESIAN_POINT('',(12.,0.));
#2211 = VECTOR('',#2212,1.);
#2212 = DIRECTION('',(0.,1.));
#2213 = ( GEOMETRIC_REPRESENTATION_CONTEXT(2) 
PARAMETRIC_REPRESENTATION_CONTEXT() REPRESENTATION_CONTEXT('2D SPACE',''
  ) );
#2214 = FACE_BOUND('',#2215,.T.);
#2215 = EDGE_LOOP('',(#2216));
#2216 = ORIENTED_EDGE('',*,*,#1993,.F.);
#2217 = ADVANCED_FACE('',(#2218,#2221),#2087,.T.);
#2218 = FACE_BOUND('',#2219,.T.);
#2219 = EDGE_LOOP('',(#2220));
#2220 = ORIENTED_EDGE('',*,*,#2072,.T.);
#2221 = FACE_BOUND('',#2222,.T.);
#2222 = EDGE_LOOP('',(#2223));
#2223 = ORIENTED_EDGE('',*,*,#2224,.F.);
#2224 = EDGE_CURVE('',#2225,#2225,#2227,.T.);
#2225 = VERTEX_POINT('',#2226);
#2226 = CARTESIAN_POINT('',(6.718E+03,-4.40872847693E-15,4.7E+03));
#2227 = SURFACE_CURVE('',#2228,(#2233,#2240),.PCURVE_S1.);
#2228 = CIRCLE('',#2229,18.);
#2229 = AXIS2_PLACEMENT_3D('',#2230,#2231,#2232);
#2230 = CARTESIAN_POINT('',(6.7E+03,0.,4.7E+03));
#2231 = DIRECTION('',(0.,0.,1.));
#2232 = DIRECTION('',(1.,0.,-0.));
#2233 = PCURVE('',#2087,#2234);
#2234 = DEFINITIONAL_REPRESENTATION('',(#2235),#2239);
#2235 = CIRCLE('',#2236,18.);
#2236 = AXIS2_PLACEMENT_2D('',#2237,#2238);
#2237 = CARTESIAN_POINT('',(0.,0.));
#2238 = DIRECTION('',(1.,0.));
#2239 = ( GEOMETRIC_REPRESENTATION_CONTEXT(2) 
PARAMETRIC_REPRESENTATION_CONTEXT() REPRESENTATION_CONTEXT('2D SPACE',''
  ) );
#2240 = PCURVE('',#2241,#2246);
#2241 = CYLINDRICAL_SURFACE('',#2242,18.);
#2242 = AXIS2_PLACEMENT_3D('',#2243,#2244,#2245);
#2243 = CARTESIAN_POINT('',(6.7E+03,0.,2.249E+03));
#2244 = DIRECTION('',(0.,0.,1.));
#2245 = DIRECTION('',(1.,0.,-0.));
#2246 = DEFINITIONAL_REPRESENTATION('',(#2247),#2251);
#2247 = LINE('',#2248,#2249);
#2248 = CARTESIAN_POINT('',(0.,2.451E+03));
#2249 = VECTOR('',#2250,1.);
#2250 = DIRECTION('',(1.,0.));
#2251 = ( GEOMETRIC_REPRESENTATION_CONTEXT(2) 
PARAMETRIC_REPRESENTATION_CONTEXT() REPRESENTATION_CONTEXT('2D SPACE',''
  ) );
#2252 = ADVANCED_FACE('',(#2253),#2121,.F.);
#2253 = FACE_BOUND('',#2254,.F.);
#2254 = EDGE_LOOP('',(#2255,#2278,#2306,#2327));
#2255 = ORIENTED_EDGE('',*,*,#2256,.F.);
#2256 = EDGE_CURVE('',#2257,#2104,#2259,.T.);
#2257 = VERTEX_POINT('',#2258);
#2258 = CARTESIAN_POINT('',(6.E+03,-70.,3.83E+03));
#2259 = SURFACE_CURVE('',#2260,(#2264,#2271),.PCURVE_S1.);
#2260 = LINE('',#2261,#2262);
#2261 = CARTESIAN_POINT('',(6.E+03,-70.,3.83E+03));
#2262 = VECTOR('',#2263,1.);
#2263 = DIRECTION('',(1.,0.,-0.));
#2264 = PCURVE('',#2121,#2265);
#2265 = DEFINITIONAL_REPRESENTATION('',(#2266),#2270);
#2266 = LINE('',#2267,#2268);
#2267 = CARTESIAN_POINT('',(0.,0.));
#2268 = VECTOR('',#2269,1.);
#2269 = DIRECTION('',(0.,1.));
#2270 = ( GEOMETRIC_REPRESENTATION_CONTEXT(2) 
PARAMETRIC_REPRESENTATION_CONTEXT() REPRESENTATION_CONTEXT('2D SPACE',''
  ) );
#2271 = PCURVE('',#2149,#2272);
#2272 = DEFINITIONAL_REPRESENTATION('',(#2273),#2277);
#2273 = LINE('',#2274,#2275);
#2274 = CARTESIAN_POINT('',(0.,0.));
#2275 = VECTOR('',#2276,1.);
#2276 = DIRECTION('',(1.,0.));
#2277 = ( GEOMETRIC_REPRESENTATION_CONTEXT(2) 
PARAMETRIC_REPRESENTATION_CONTEXT() REPRESENTATION_CONTEXT('2D SPACE',''
  ) );
#2278 = ORIENTED_EDGE('',*,*,#2279,.T.);
#2279 = EDGE_CURVE('',#2257,#2280,#2282,.T.);
#2280 = VERTEX_POINT('',#2281);
#2281 = CARTESIAN_POINT('',(6.E+03,-70.,3.97E+03));
#2282 = SURFACE_CURVE('',#2283,(#2287,#2294),.PCURVE_S1.);
#2283 = LINE('',#2284,#2285);
#2284 = CARTESIAN_POINT('',(6.E+03,-70.,3.83E+03));
#2285 = VECTOR('',#2286,1.);
#2286 = DIRECTION('',(0.,0.,1.));
#2287 = PCURVE('',#2121,#2288);
#2288 = DEFINITIONAL_REPRESENTATION('',(#2289),#2293);
#2289 = LINE('',#2290,#2291);
#2290 = CARTESIAN_POINT('',(0.,0.));
#2291 = VECTOR('',#2292,1.);
#2292 = DIRECTION('',(1.,0.));
#2293 = ( GEOMETRIC_REPRESENTATION_CONTEXT(2) 
PARAMETRIC_REPRESENTATION_CONTEXT() REPRESENTATION_CONTEXT('2D SPACE',''
  ) );
#2294 = PCURVE('',#2295,#2300);
#2295 = PLANE('',#2296);
#2296 = AXIS2_PLACEMENT_3D('',#2297,#2298,#2299);
#2297 = CARTESIAN_POINT('',(6.E+03,-70.,3.83E+03));
#2298 = DIRECTION('',(1.,0.,-0.));
#2299 = DIRECTION('',(0.,0.,1.));
#2300 = DEFINITIONAL_REPRESENTATION('',(#2301),#2305);
#2301 = LINE('',#2302,#2303);
#2302 = CARTESIAN_POINT('',(0.,0.));
#2303 = VECTOR('',#2304,1.);
#2304 = DIRECTION('',(1.,0.));
#2305 = ( GEOMETRIC_REPRESENTATION_CONTEXT(2) 
PARAMETRIC_REPRESENTATION_CONTEXT() REPRESENTATION_CONTEXT('2D SPACE',''
  ) );
#2306 = ORIENTED_EDGE('',*,*,#2307,.T.);
#2307 = EDGE_CURVE('',#2280,#2106,#2308,.T.);
#2308 = SURFACE_CURVE('',#2309,(#2313,#2320),.PCURVE_S1.);
#2309 = LINE('',#2310,#2311);
#2310 = CARTESIAN_POINT('',(6.E+03,-70.,3.97E+03));
#2311 = VECTOR('',#2312,1.);
#2312 = DIRECTION('',(1.,0.,-0.));
#2313 = PCURVE('',#2121,#2314);
#2314 = DEFINITIONAL_REPRESENTATION('',(#2315),#2319);
#2315 = LINE('',#2316,#2317);
#2316 = CARTESIAN_POINT('',(140.,0.));
#2317 = VECTOR('',#2318,1.);
#2318 = DIRECTION('',(0.,1.));
#2319 = ( GEOMETRIC_REPRESENTATION_CONTEXT(2) 
PARAMETRIC_REPRESENTATION_CONTEXT() REPRESENTATION_CONTEXT('2D SPACE',''
  ) );
#2320 = PCURVE('',#2203,#2321);
#2321 = DEFINITIONAL_REPRESENTATION('',(#2322),#2326);
#2322 = LINE('',#2323,#2324);
#2323 = CARTESIAN_POINT('',(0.,0.));
#2324 = VECTOR('',#2325,1.);
#2325 = DIRECTION('',(1.,0.));
#2326 = ( GEOMETRIC_REPRESENTATION_CONTEXT(2) 
PARAMETRIC_REPRESENTATION_CONTEXT() REPRESENTATION_CONTEXT('2D SPACE',''
  ) );
#2327 = ORIENTED_EDGE('',*,*,#2103,.F.);
#2328 = ADVANCED_FACE('',(#2329),#2203,.T.);
#2329 = FACE_BOUND('',#2330,.T.);
#2330 = EDGE_LOOP('',(#2331,#2354,#2355,#2356));
#2331 = ORIENTED_EDGE('',*,*,#2332,.F.);
#2332 = EDGE_CURVE('',#2280,#2333,#2335,.T.);
#2333 = VERTEX_POINT('',#2334);
#2334 = CARTESIAN_POINT('',(6.E+03,70.,3.97E+03));
#2335 = SURFACE_CURVE('',#2336,(#2340,#2347),.PCURVE_S1.);
#2336 = LINE('',#2337,#2338);
#2337 = CARTESIAN_POINT('',(6.E+03,-70.,3.97E+03));
#2338 = VECTOR('',#2339,1.);
#2339 = DIRECTION('',(-0.,1.,0.));
#2340 = PCURVE('',#2203,#2341);
#2341 = DEFINITIONAL_REPRESENTATION('',(#2342),#2346);
#2342 = LINE('',#2343,#2344);
#2343 = CARTESIAN_POINT('',(0.,0.));
#2344 = VECTOR('',#2345,1.);
#2345 = DIRECTION('',(0.,1.));
#2346 = ( GEOMETRIC_REPRESENTATION_CONTEXT(2) 
PARAMETRIC_REPRESENTATION_CONTEXT() REPRESENTATION_CONTEXT('2D SPACE',''
  ) );
#2347 = PCURVE('',#2295,#2348);
#2348 = DEFINITIONAL_REPRESENTATION('',(#2349),#2353);
#2349 = LINE('',#2350,#2351);
#2350 = CARTESIAN_POINT('',(140.,0.));
#2351 = VECTOR('',#2352,1.);
#2352 = DIRECTION('',(0.,-1.));
#2353 = ( GEOMETRIC_REPRESENTATION_CONTEXT(2) 
PARAMETRIC_REPRESENTATION_CONTEXT() REPRESENTATION_CONTEXT('2D SPACE',''
  ) );
#2354 = ORIENTED_EDGE('',*,*,#2307,.T.);
#2355 = ORIENTED_EDGE('',*,*,#2189,.T.);
#2356 = ORIENTED_EDGE('',*,*,#2357,.F.);
#2357 = EDGE_CURVE('',#2333,#2162,#2358,.T.);
#2358 = SURFACE_CURVE('',#2359,(#2363,#2370),.PCURVE_S1.);
#2359 = LINE('',#2360,#2361);
#2360 = CARTESIAN_POINT('',(6.E+03,70.,3.97E+03));
#2361 = VECTOR('',#2362,1.);
#2362 = DIRECTION('',(1.,0.,-0.));
#2363 = PCURVE('',#2203,#2364);
#2364 = DEFINITIONAL_REPRESENTATION('',(#2365),#2369);
#2365 = LINE('',#2366,#2367);
#2366 = CARTESIAN_POINT('',(0.,140.));
#2367 = VECTOR('',#2368,1.);
#2368 = DIRECTION('',(1.,0.));
#2369 = ( GEOMETRIC_REPRESENTATION_CONTEXT(2) 
PARAMETRIC_REPRESENTATION_CONTEXT() REPRESENTATION_CONTEXT('2D SPACE',''
  ) );
#2370 = PCURVE('',#2177,#2371);
#2371 = DEFINITIONAL_REPRESENTATION('',(#2372),#2376);
#2372 = LINE('',#2373,#2374);
#2373 = CARTESIAN_POINT('',(140.,0.));
#2374 = VECTOR('',#2375,1.);
#2375 = DIRECTION('',(0.,1.));
#2376 = ( GEOMETRIC_REPRESENTATION_CONTEXT(2) 
PARAMETRIC_REPRESENTATION_CONTEXT() REPRESENTATION_CONTEXT('2D SPACE',''
  ) );
#2377 = ADVANCED_FACE('',(#2378),#2149,.F.);
#2378 = FACE_BOUND('',#2379,.F.);
#2379 = EDGE_LOOP('',(#2380,#2403,#2404,#2405));
#2380 = ORIENTED_EDGE('',*,*,#2381,.F.);
#2381 = EDGE_CURVE('',#2257,#2382,#2384,.T.);
#2382 = VERTEX_POINT('',#2383);
#2383 = CARTESIAN_POINT('',(6.E+03,70.,3.83E+03));
#2384 = SURFACE_CURVE('',#2385,(#2389,#2396),.PCURVE_S1.);
#2385 = LINE('',#2386,#2387);
#2386 = CARTESIAN_POINT('',(6.E+03,-70.,3.83E+03));
#2387 = VECTOR('',#2388,1.);
#2388 = DIRECTION('',(-0.,1.,0.));
#2389 = PCURVE('',#2149,#2390);
#2390 = DEFINITIONAL_REPRESENTATION('',(#2391),#2395);
#2391 = LINE('',#2392,#2393);
#2392 = CARTESIAN_POINT('',(0.,0.));
#2393 = VECTOR('',#2394,1.);
#2394 = DIRECTION('',(0.,1.));
#2395 = ( GEOMETRIC_REPRESENTATION_CONTEXT(2) 
PARAMETRIC_REPRESENTATION_CONTEXT() REPRESENTATION_CONTEXT('2D SPACE',''
  ) );
#2396 = PCURVE('',#2295,#2397);
#2397 = DEFINITIONAL_REPRESENTATION('',(#2398),#2402);
#2398 = LINE('',#2399,#2400);
#2399 = CARTESIAN_POINT('',(0.,0.));
#2400 = VECTOR('',#2401,1.);
#2401 = DIRECTION('',(0.,-1.));
#2402 = ( GEOMETRIC_REPRESENTATION_CONTEXT(2) 
PARAMETRIC_REPRESENTATION_CONTEXT() REPRESENTATION_CONTEXT('2D SPACE',''
  ) );
#2403 = ORIENTED_EDGE('',*,*,#2256,.T.);
#2404 = ORIENTED_EDGE('',*,*,#2133,.T.);
#2405 = ORIENTED_EDGE('',*,*,#2406,.F.);
#2406 = EDGE_CURVE('',#2382,#2134,#2407,.T.);
#2407 = SURFACE_CURVE('',#2408,(#2412,#2419),.PCURVE_S1.);
#2408 = LINE('',#2409,#2410);
#2409 = CARTESIAN_POINT('',(6.E+03,70.,3.83E+03));
#2410 = VECTOR('',#2411,1.);
#2411 = DIRECTION('',(1.,0.,-0.));
#2412 = PCURVE('',#2149,#2413);
#2413 = DEFINITIONAL_REPRESENTATION('',(#2414),#2418);
#2414 = LINE('',#2415,#2416);
#2415 = CARTESIAN_POINT('',(0.,140.));
#2416 = VECTOR('',#2417,1.);
#2417 = DIRECTION('',(1.,0.));
#2418 = ( GEOMETRIC_REPRESENTATION_CONTEXT(2) 
PARAMETRIC_REPRESENTATION_CONTEXT() REPRESENTATION_CONTEXT('2D SPACE',''
  ) );
#2419 = PCURVE('',#2177,#2420);
#2420 = DEFINITIONAL_REPRESENTATION('',(#2421),#2425);
#2421 = LINE('',#2422,#2423);
#2422 = CARTESIAN_POINT('',(0.,0.));
#2423 = VECTOR('',#2424,1.);
#2424 = DIRECTION('',(0.,1.));
#2425 = ( GEOMETRIC_REPRESENTATION_CONTEXT(2) 
PARAMETRIC_REPRESENTATION_CONTEXT() REPRESENTATION_CONTEXT('2D SPACE',''
  ) );
#2426 = ADVANCED_FACE('',(#2427),#2177,.T.);
#2427 = FACE_BOUND('',#2428,.T.);
#2428 = EDGE_LOOP('',(#2429,#2430,#2451,#2452));
#2429 = ORIENTED_EDGE('',*,*,#2406,.F.);
#2430 = ORIENTED_EDGE('',*,*,#2431,.T.);
#2431 = EDGE_CURVE('',#2382,#2333,#2432,.T.);
#2432 = SURFACE_CURVE('',#2433,(#2437,#2444),.PCURVE_S1.);
#2433 = LINE('',#2434,#2435);
#2434 = CARTESIAN_POINT('',(6.E+03,70.,3.83E+03));
#2435 = VECTOR('',#2436,1.);
#2436 = DIRECTION('',(0.,0.,1.));
#2437 = PCURVE('',#2177,#2438);
#2438 = DEFINITIONAL_REPRESENTATION('',(#2439),#2443);
#2439 = LINE('',#2440,#2441);
#2440 = CARTESIAN_POINT('',(0.,0.));
#2441 = VECTOR('',#2442,1.);
#2442 = DIRECTION('',(1.,0.));
#2443 = ( GEOMETRIC_REPRESENTATION_CONTEXT(2) 
PARAMETRIC_REPRESENTATION_CONTEXT() REPRESENTATION_CONTEXT('2D SPACE',''
  ) );
#2444 = PCURVE('',#2295,#2445);
#2445 = DEFINITIONAL_REPRESENTATION('',(#2446),#2450);
#2446 = LINE('',#2447,#2448);
#2447 = CARTESIAN_POINT('',(0.,-140.));
#2448 = VECTOR('',#2449,1.);
#2449 = DIRECTION('',(1.,0.));
#2450 = ( GEOMETRIC_REPRESENTATION_CONTEXT(2) 
PARAMETRIC_REPRESENTATION_CONTEXT() REPRESENTATION_CONTEXT('2D SPACE',''
  ) );
#2451 = ORIENTED_EDGE('',*,*,#2357,.T.);
#2452 = ORIENTED_EDGE('',*,*,#2161,.F.);
#2453 = ADVANCED_FACE('',(#2454),#2241,.F.);
#2454 = FACE_BOUND('',#2455,.F.);
#2455 = EDGE_LOOP('',(#2456,#2485,#2506,#2507));
#2456 = ORIENTED_EDGE('',*,*,#2457,.T.);
#2457 = EDGE_CURVE('',#2458,#2458,#2460,.T.);
#2458 = VERTEX_POINT('',#2459);
#2459 = CARTESIAN_POINT('',(6.718E+03,-4.40872847693E-15,3.93E+03));
#2460 = SURFACE_CURVE('',#2461,(#2466,#2473),.PCURVE_S1.);
#2461 = CIRCLE('',#2462,18.);
#2462 = AXIS2_PLACEMENT_3D('',#2463,#2464,#2465);
#2463 = CARTESIAN_POINT('',(6.7E+03,0.,3.93E+03));
#2464 = DIRECTION('',(0.,0.,1.));
#2465 = DIRECTION('',(1.,0.,-0.));
#2466 = PCURVE('',#2241,#2467);
#2467 = DEFINITIONAL_REPRESENTATION('',(#2468),#2472);
#2468 = LINE('',#2469,#2470);
#2469 = CARTESIAN_POINT('',(0.,1.681E+03));
#2470 = VECTOR('',#2471,1.);
#2471 = DIRECTION('',(1.,0.));
#2472 = ( GEOMETRIC_REPRESENTATION_CONTEXT(2) 
PARAMETRIC_REPRESENTATION_CONTEXT() REPRESENTATION_CONTEXT('2D SPACE',''
  ) );
#2473 = PCURVE('',#2474,#2479);
#2474 = PLANE('',#2475);
#2475 = AXIS2_PLACEMENT_3D('',#2476,#2477,#2478);
#2476 = CARTESIAN_POINT('',(6.7E+03,0.,3.93E+03));
#2477 = DIRECTION('',(0.,0.,1.));
#2478 = DIRECTION('',(1.,0.,-0.));
#2479 = DEFINITIONAL_REPRESENTATION('',(#2480),#2484);
#2480 = CIRCLE('',#2481,18.);
#2481 = AXIS2_PLACEMENT_2D('',#2482,#2483);
#2482 = CARTESIAN_POINT('',(0.,0.));
#2483 = DIRECTION('',(1.,0.));
#2484 = ( GEOMETRIC_REPRESENTATION_CONTEXT(2) 
PARAMETRIC_REPRESENTATION_CONTEXT() REPRESENTATION_CONTEXT('2D SPACE',''
  ) );
#2485 = ORIENTED_EDGE('',*,*,#2486,.T.);
#2486 = EDGE_CURVE('',#2458,#2225,#2487,.T.);
#2487 = SEAM_CURVE('',#2488,(#2492,#2499),.PCURVE_S1.);
#2488 = LINE('',#2489,#2490);
#2489 = CARTESIAN_POINT('',(6.718E+03,-4.40872847693E-15,2.249E+03));
#2490 = VECTOR('',#2491,1.);
#2491 = DIRECTION('',(0.,0.,1.));
#2492 = PCURVE('',#2241,#2493);
#2493 = DEFINITIONAL_REPRESENTATION('',(#2494),#2498);
#2494 = LINE('',#2495,#2496);
#2495 = CARTESIAN_POINT('',(0.,-0.));
#2496 = VECTOR('',#2497,1.);
#2497 = DIRECTION('',(0.,1.));
#2498 = ( GEOMETRIC_REPRESENTATION_CONTEXT(2) 
PARAMETRIC_REPRESENTATION_CONTEXT() REPRESENTATION_CONTEXT('2D SPACE',''
  ) );
#2499 = PCURVE('',#2241,#2500);
#2500 = DEFINITIONAL_REPRESENTATION('',(#2501),#2505);
#2501 = LINE('',#2502,#2503);
#2502 = CARTESIAN_POINT('',(6.28318530718,-0.));
#2503 = VECTOR('',#2504,1.);
#2504 = DIRECTION('',(0.,1.));
#2505 = ( GEOMETRIC_REPRESENTATION_CONTEXT(2) 
PARAMETRIC_REPRESENTATION_CONTEXT() REPRESENTATION_CONTEXT('2D SPACE',''
  ) );
#2506 = ORIENTED_EDGE('',*,*,#2224,.F.);
#2507 = ORIENTED_EDGE('',*,*,#2486,.F.);
#2508 = ADVANCED_FACE('',(#2509),#2295,.F.);
#2509 = FACE_BOUND('',#2510,.F.);
#2510 = EDGE_LOOP('',(#2511,#2512,#2513,#2514));
#2511 = ORIENTED_EDGE('',*,*,#2279,.F.);
#2512 = ORIENTED_EDGE('',*,*,#2381,.T.);
#2513 = ORIENTED_EDGE('',*,*,#2431,.T.);
#2514 = ORIENTED_EDGE('',*,*,#2332,.F.);
#2515 = ADVANCED_FACE('',(#2516),#2474,.T.);
#2516 = FACE_BOUND('',#2517,.T.);
#2517 = EDGE_LOOP('',(#2518));
#2518 = ORIENTED_EDGE('',*,*,#2457,.T.);
#2519 = ORIENTED_CLOSED_SHELL('',*,#2520,.F.);
#2520 = CLOSED_SHELL('',(#2521,#2609,#2613));
#2521 = ADVANCED_FACE('',(#2522),#2535,.T.);
#2522 = FACE_BOUND('',#2523,.T.);
#2523 = EDGE_LOOP('',(#2524,#2558,#2581,#2608));
#2524 = ORIENTED_EDGE('',*,*,#2525,.T.);
#2525 = EDGE_CURVE('',#2526,#2526,#2528,.T.);
#2526 = VERTEX_POINT('',#2527);
#2527 = CARTESIAN_POINT('',(6.718E+03,-4.40872847693E-15,2.48E+03));
#2528 = SURFACE_CURVE('',#2529,(#2534,#2546),.PCURVE_S1.);
#2529 = CIRCLE('',#2530,18.);
#2530 = AXIS2_PLACEMENT_3D('',#2531,#2532,#2533);
#2531 = CARTESIAN_POINT('',(6.7E+03,0.,2.48E+03));
#2532 = DIRECTION('',(0.,0.,1.));
#2533 = DIRECTION('',(1.,0.,-0.));
#2534 = PCURVE('',#2535,#2540);
#2535 = CYLINDRICAL_SURFACE('',#2536,18.);
#2536 = AXIS2_PLACEMENT_3D('',#2537,#2538,#2539);
#2537 = CARTESIAN_POINT('',(6.7E+03,0.,2.249E+03));
#2538 = DIRECTION('',(0.,0.,1.));
#2539 = DIRECTION('',(1.,0.,-0.));
#2540 = DEFINITIONAL_REPRESENTATION('',(#2541),#2545);
#2541 = LINE('',#2542,#2543);
#2542 = CARTESIAN_POINT('',(0.,231.));
#2543 = VECTOR('',#2544,1.);
#2544 = DIRECTION('',(1.,0.));
#2545 = ( GEOMETRIC_REPRESENTATION_CONTEXT(2) 
PARAMETRIC_REPRESENTATION_CONTEXT() REPRESENTATION_CONTEXT('2D SPACE',''
  ) );
#2546 = PCURVE('',#2547,#2552);
#2547 = PLANE('',#2548);
#2548 = AXIS2_PLACEMENT_3D('',#2549,#2550,#2551);
#2549 = CARTESIAN_POINT('',(6.7E+03,0.,2.48E+03));
#2550 = DIRECTION('',(0.,0.,1.));
#2551 = DIRECTION('',(1.,0.,-0.));
#2552 = DEFINITIONAL_REPRESENTATION('',(#2553),#2557);
#2553 = CIRCLE('',#2554,18.);
#2554 = AXIS2_PLACEMENT_2D('',#2555,#2556);
#2555 = CARTESIAN_POINT('',(0.,0.));
#2556 = DIRECTION('',(1.,0.));
#2557 = ( GEOMETRIC_REPRESENTATION_CONTEXT(2) 
PARAMETRIC_REPRESENTATION_CONTEXT() REPRESENTATION_CONTEXT('2D SPACE',''
  ) );
#2558 = ORIENTED_EDGE('',*,*,#2559,.T.);
#2559 = EDGE_CURVE('',#2526,#2560,#2562,.T.);
#2560 = VERTEX_POINT('',#2561);
#2561 = CARTESIAN_POINT('',(6.718E+03,-4.40872847693E-15,3.87E+03));
#2562 = SEAM_CURVE('',#2563,(#2567,#2574),.PCURVE_S1.);
#2563 = LINE('',#2564,#2565);
#2564 = CARTESIAN_POINT('',(6.718E+03,-4.40872847693E-15,2.249E+03));
#2565 = VECTOR('',#2566,1.);
#2566 = DIRECTION('',(0.,0.,1.));
#2567 = PCURVE('',#2535,#2568);
#2568 = DEFINITIONAL_REPRESENTATION('',(#2569),#2573);
#2569 = LINE('',#2570,#2571);
#2570 = CARTESIAN_POINT('',(0.,-0.));
#2571 = VECTOR('',#2572,1.);
#2572 = DIRECTION('',(0.,1.));
#2573 = ( GEOMETRIC_REPRESENTATION_CONTEXT(2) 
PARAMETRIC_REPRESENTATION_CONTEXT() REPRESENTATION_CONTEXT('2D SPACE',''
  ) );
#2574 = PCURVE('',#2535,#2575);
#2575 = DEFINITIONAL_REPRESENTATION('',(#2576),#2580);
#2576 = LINE('',#2577,#2578);
#2577 = CARTESIAN_POINT('',(6.28318530718,-0.));
#2578 = VECTOR('',#2579,1.);
#2579 = DIRECTION('',(0.,1.));
#2580 = ( GEOMETRIC_REPRESENTATION_CONTEXT(2) 
PARAMETRIC_REPRESENTATION_CONTEXT() REPRESENTATION_CONTEXT('2D SPACE',''
  ) );
#2581 = ORIENTED_EDGE('',*,*,#2582,.F.);
#2582 = EDGE_CURVE('',#2560,#2560,#2583,.T.);
#2583 = SURFACE_CURVE('',#2584,(#2589,#2596),.PCURVE_S1.);
#2584 = CIRCLE('',#2585,18.);
#2585 = AXIS2_PLACEMENT_3D('',#2586,#2587,#2588);
#2586 = CARTESIAN_POINT('',(6.7E+03,0.,3.87E+03));
#2587 = DIRECTION('',(0.,0.,1.));
#2588 = DIRECTION('',(1.,0.,-0.));
#2589 = PCURVE('',#2535,#2590);
#2590 = DEFINITIONAL_REPRESENTATION('',(#2591),#2595);
#2591 = LINE('',#2592,#2593);
#2592 = CARTESIAN_POINT('',(0.,1.621E+03));
#2593 = VECTOR('',#2594,1.);
#2594 = DIRECTION('',(1.,0.));
#2595 = ( GEOMETRIC_REPRESENTATION_CONTEXT(2) 
PARAMETRIC_REPRESENTATION_CONTEXT() REPRESENTATION_CONTEXT('2D SPACE',''
  ) );
#2596 = PCURVE('',#2597,#2602);
#2597 = PLANE('',#2598);
#2598 = AXIS2_PLACEMENT_3D('',#2599,#2600,#2601);
#2599 = CARTESIAN_POINT('',(6.7E+03,0.,3.87E+03));
#2600 = DIRECTION('',(0.,0.,1.));
#2601 = DIRECTION('',(1.,0.,-0.));
#2602 = DEFINITIONAL_REPRESENTATION('',(#2603),#2607);
#2603 = CIRCLE('',#2604,18.);
#2604 = AXIS2_PLACEMENT_2D('',#2605,#2606);
#2605 = CARTESIAN_POINT('',(0.,0.));
#2606 = DIRECTION('',(1.,0.));
#2607 = ( GEOMETRIC_REPRESENTATION_CONTEXT(2) 
PARAMETRIC_REPRESENTATION_CONTEXT() REPRESENTATION_CONTEXT('2D SPACE',''
  ) );
#2608 = ORIENTED_EDGE('',*,*,#2559,.F.);
#2609 = ADVANCED_FACE('',(#2610),#2547,.F.);
#2610 = FACE_BOUND('',#2611,.F.);
#2611 = EDGE_LOOP('',(#2612));
#2612 = ORIENTED_EDGE('',*,*,#2525,.T.);
#2613 = ADVANCED_FACE('',(#2614),#2597,.T.);
#2614 = FACE_BOUND('',#2615,.T.);
#2615 = EDGE_LOOP('',(#2616));
#2616 = ORIENTED_EDGE('',*,*,#2582,.T.);
#2617 = ( GEOMETRIC_REPRESENTATION_CONTEXT(3) 
GLOBAL_UNCERTAINTY_ASSIGNED_CONTEXT((#2621)) 
GLOBAL_UNIT_ASSIGNED_CONTEXT((#2618,#2619,#2620)) REPRESENTATION_CONTEXT
('Context #1','3D Context with UNIT and UNCERTAINTY') );
#2618 = ( LENGTH_UNIT() NAMED_UNIT(*) SI_UNIT(.MILLI.,.METRE.) );
#2619 = ( NAMED_UNIT(*) PLANE_ANGLE_UNIT() SI_UNIT($,.RADIAN.) );
#2620 = ( NAMED_UNIT(*) SI_UNIT($,.STERADIAN.) SOLID_ANGLE_UNIT() );
#2621 = UNCERTAINTY_MEASURE_WITH_UNIT(LENGTH_MEASURE(1.E-07),#2618,
  'distance_accuracy_value','confusion accuracy');
#2622 = CONTEXT_DEPENDENT_SHAPE_REPRESENTATION(#2623,#2625);
#2623 = ( REPRESENTATION_RELATIONSHIP('','',#56,#10) 
REPRESENTATION_RELATIONSHIP_WITH_TRANSFORMATION(#2624) 
SHAPE_REPRESENTATION_RELATIONSHIP() );
#2624 = ITEM_DEFINED_TRANSFORMATION('','',#11,#15);
#2625 = PRODUCT_DEFINITION_SHAPE('Placement','Placement of an item',
  #2626);
#2626 = NEXT_ASSEMBLY_USAGE_OCCURRENCE('16','=>[0:1:1:2]','',#5,#51,$);
#2627 = PRODUCT_RELATED_PRODUCT_CATEGORY('part',$,(#53));
#2628 = SHAPE_DEFINITION_REPRESENTATION(#2629,#2635);
#2629 = PRODUCT_DEFINITION_SHAPE('','',#2630);
#2630 = PRODUCT_DEFINITION('design','',#2631,#2634);
#2631 = PRODUCT_DEFINITION_FORMATION('','',#2632);
#2632 = PRODUCT('COMPOUND','COMPOUND','',(#2633));
#2633 = PRODUCT_CONTEXT('',#2,'mechanical');
#2634 = PRODUCT_DEFINITION_CONTEXT('part definition',#2,'design');
#2635 = SHAPE_REPRESENTATION('',(#11,#2636,#3296),#3626);
#2636 = BREP_WITH_VOIDS('',#2637,(#2966));
#2637 = CLOSED_SHELL('',(#2638,#2758,#2834,#2883,#2932,#2959));
#2638 = ADVANCED_FACE('',(#2639),#2653,.F.);
#2639 = FACE_BOUND('',#2640,.F.);
#2640 = EDGE_LOOP('',(#2641,#2676,#2704,#2732));
#2641 = ORIENTED_EDGE('',*,*,#2642,.F.);
#2642 = EDGE_CURVE('',#2643,#2645,#2647,.T.);
#2643 = VERTEX_POINT('',#2644);
#2644 = CARTESIAN_POINT('',(6.62E+03,-120.,4.7E+03));
#2645 = VERTEX_POINT('',#2646);
#2646 = CARTESIAN_POINT('',(6.62E+03,-120.,4.82E+03));
#2647 = SURFACE_CURVE('',#2648,(#2652,#2664),.PCURVE_S1.);
#2648 = LINE('',#2649,#2650);
#2649 = CARTESIAN_POINT('',(6.62E+03,-120.,4.7E+03));
#2650 = VECTOR('',#2651,1.);
#2651 = DIRECTION('',(0.,0.,1.));
#2652 = PCURVE('',#2653,#2658);
#2653 = PLANE('',#2654);
#2654 = AXIS2_PLACEMENT_3D('',#2655,#2656,#2657);
#2655 = CARTESIAN_POINT('',(6.62E+03,-120.,4.7E+03));
#2656 = DIRECTION('',(1.,0.,-0.));
#2657 = DIRECTION('',(0.,0.,1.));
#2658 = DEFINITIONAL_REPRESENTATION('',(#2659),#2663);
#2659 = LINE('',#2660,#2661);
#2660 = CARTESIAN_POINT('',(0.,0.));
#2661 = VECTOR('',#2662,1.);
#2662 = DIRECTION('',(1.,0.));
#2663 = ( GEOMETRIC_REPRESENTATION_CONTEXT(2) 
PARAMETRIC_REPRESENTATION_CONTEXT() REPRESENTATION_CONTEXT('2D SPACE',''
  ) );
#2664 = PCURVE('',#2665,#2670);
#2665 = PLANE('',#2666);
#2666 = AXIS2_PLACEMENT_3D('',#2667,#2668,#2669);
#2667 = CARTESIAN_POINT('',(6.62E+03,-120.,4.7E+03));
#2668 = DIRECTION('',(-0.,1.,0.));
#2669 = DIRECTION('',(0.,0.,1.));
#2670 = DEFINITIONAL_REPRESENTATION('',(#2671),#2675);
#2671 = LINE('',#2672,#2673);
#2672 = CARTESIAN_POINT('',(0.,0.));
#2673 = VECTOR('',#2674,1.);
#2674 = DIRECTION('',(1.,0.));
#2675 = ( GEOMETRIC_REPRESENTATION_CONTEXT(2) 
PARAMETRIC_REPRESENTATION_CONTEXT() REPRESENTATION_CONTEXT('2D SPACE',''
  ) );
#2676 = ORIENTED_EDGE('',*,*,#2677,.T.);
#2677 = EDGE_CURVE('',#2643,#2678,#2680,.T.);
#2678 = VERTEX_POINT('',#2679);
#2679 = CARTESIAN_POINT('',(6.62E+03,120.,4.7E+03));
#2680 = SURFACE_CURVE('',#2681,(#2685,#2692),.PCURVE_S1.);
#2681 = LINE('',#2682,#2683);
#2682 = CARTESIAN_POINT('',(6.62E+03,-120.,4.7E+03));
#2683 = VECTOR('',#2684,1.);
#2684 = DIRECTION('',(-0.,1.,0.));
#2685 = PCURVE('',#2653,#2686);
#2686 = DEFINITIONAL_REPRESENTATION('',(#2687),#2691);
#2687 = LINE('',#2688,#2689);
#2688 = CARTESIAN_POINT('',(0.,0.));
#2689 = VECTOR('',#2690,1.);
#2690 = DIRECTION('',(0.,-1.));
#2691 = ( GEOMETRIC_REPRESENTATION_CONTEXT(2) 
PARAMETRIC_REPRESENTATION_CONTEXT() REPRESENTATION_CONTEXT('2D SPACE',''
  ) );
#2692 = PCURVE('',#2693,#2698);
#2693 = PLANE('',#2694);
#2694 = AXIS2_PLACEMENT_3D('',#2695,#2696,#2697);
#2695 = CARTESIAN_POINT('',(6.62E+03,-120.,4.7E+03));
#2696 = DIRECTION('',(0.,0.,1.));
#2697 = DIRECTION('',(1.,0.,-0.));
#2698 = DEFINITIONAL_REPRESENTATION('',(#2699),#2703);
#2699 = LINE('',#2700,#2701);
#2700 = CARTESIAN_POINT('',(0.,0.));
#2701 = VECTOR('',#2702,1.);
#2702 = DIRECTION('',(0.,1.));
#2703 = ( GEOMETRIC_REPRESENTATION_CONTEXT(2) 
PARAMETRIC_REPRESENTATION_CONTEXT() REPRESENTATION_CONTEXT('2D SPACE',''
  ) );
#2704 = ORIENTED_EDGE('',*,*,#2705,.T.);
#2705 = EDGE_CURVE('',#2678,#2706,#2708,.T.);
#2706 = VERTEX_POINT('',#2707);
#2707 = CARTESIAN_POINT('',(6.62E+03,120.,4.82E+03));
#2708 = SURFACE_CURVE('',#2709,(#2713,#2720),.PCURVE_S1.);
#2709 = LINE('',#2710,#2711);
#2710 = CARTESIAN_POINT('',(6.62E+03,120.,4.7E+03));
#2711 = VECTOR('',#2712,1.);
#2712 = DIRECTION('',(0.,0.,1.));
#2713 = PCURVE('',#2653,#2714);
#2714 = DEFINITIONAL_REPRESENTATION('',(#2715),#2719);
#2715 = LINE('',#2716,#2717);
#2716 = CARTESIAN_POINT('',(0.,-240.));
#2717 = VECTOR('',#2718,1.);
#2718 = DIRECTION('',(1.,0.));
#2719 = ( GEOMETRIC_REPRESENTATION_CONTEXT(2) 
PARAMETRIC_REPRESENTATION_CONTEXT() REPRESENTATION_CONTEXT('2D SPACE',''
  ) );
#2720 = PCURVE('',#2721,#2726);
#2721 = PLANE('',#2722);
#2722 = AXIS2_PLACEMENT_3D('',#2723,#2724,#2725);
#2723 = CARTESIAN_POINT('',(6.62E+03,120.,4.7E+03));
#2724 = DIRECTION('',(-0.,1.,0.));
#2725 = DIRECTION('',(0.,0.,1.));
#2726 = DEFINITIONAL_REPRESENTATION('',(#2727),#2731);
#2727 = LINE('',#2728,#2729);
#2728 = CARTESIAN_POINT('',(0.,0.));
#2729 = VECTOR('',#2730,1.);
#2730 = DIRECTION('',(1.,0.));
#2731 = ( GEOMETRIC_REPRESENTATION_CONTEXT(2) 
PARAMETRIC_REPRESENTATION_CONTEXT() REPRESENTATION_CONTEXT('2D SPACE',''
  ) );
#2732 = ORIENTED_EDGE('',*,*,#2733,.F.);
#2733 = EDGE_CURVE('',#2645,#2706,#2734,.T.);
#2734 = SURFACE_CURVE('',#2735,(#2739,#2746),.PCURVE_S1.);
#2735 = LINE('',#2736,#2737);
#2736 = CARTESIAN_POINT('',(6.62E+03,-120.,4.82E+03));
#2737 = VECTOR('',#2738,1.);
#2738 = DIRECTION('',(-0.,1.,0.));
#2739 = PCURVE('',#2653,#2740);
#2740 = DEFINITIONAL_REPRESENTATION('',(#2741),#2745);
#2741 = LINE('',#2742,#2743);
#2742 = CARTESIAN_POINT('',(120.,0.));
#2743 = VECTOR('',#2744,1.);
#2744 = DIRECTION('',(0.,-1.));
#2745 = ( GEOMETRIC_REPRESENTATION_CONTEXT(2) 
PARAMETRIC_REPRESENTATION_CONTEXT() REPRESENTATION_CONTEXT('2D SPACE',''
  ) );
#2746 = PCURVE('',#2747,#2752);
#2747 = PLANE('',#2748);
#2748 = AXIS2_PLACEMENT_3D('',#2749,#2750,#2751);
#2749 = CARTESIAN_POINT('',(6.62E+03,-120.,4.82E+03));
#2750 = DIRECTION('',(0.,0.,1.));
#2751 = DIRECTION('',(1.,0.,-0.));
#2752 = DEFINITIONAL_REPRESENTATION('',(#2753),#2757);
#2753 = LINE('',#2754,#2755);
#2754 = CARTESIAN_POINT('',(0.,0.));
#2755 = VECTOR('',#2756,1.);
#2756 = DIRECTION('',(0.,1.));
#2757 = ( GEOMETRIC_REPRESENTATION_CONTEXT(2) 
PARAMETRIC_REPRESENTATION_CONTEXT() REPRESENTATION_CONTEXT('2D SPACE',''
  ) );
#2758 = ADVANCED_FACE('',(#2759),#2665,.F.);
#2759 = FACE_BOUND('',#2760,.F.);
#2760 = EDGE_LOOP('',(#2761,#2784,#2785,#2808));
#2761 = ORIENTED_EDGE('',*,*,#2762,.F.);
#2762 = EDGE_CURVE('',#2643,#2763,#2765,.T.);
#2763 = VERTEX_POINT('',#2764);
#2764 = CARTESIAN_POINT('',(6.78E+03,-120.,4.7E+03));
#2765 = SURFACE_CURVE('',#2766,(#2770,#2777),.PCURVE_S1.);
#2766 = LINE('',#2767,#2768);
#2767 = CARTESIAN_POINT('',(6.62E+03,-120.,4.7E+03));
#2768 = VECTOR('',#2769,1.);
#2769 = DIRECTION('',(1.,0.,-0.));
#2770 = PCURVE('',#2665,#2771);
#2771 = DEFINITIONAL_REPRESENTATION('',(#2772),#2776);
#2772 = LINE('',#2773,#2774);
#2773 = CARTESIAN_POINT('',(0.,0.));
#2774 = VECTOR('',#2775,1.);
#2775 = DIRECTION('',(0.,1.));
#2776 = ( GEOMETRIC_REPRESENTATION_CONTEXT(2) 
PARAMETRIC_REPRESENTATION_CONTEXT() REPRESENTATION_CONTEXT('2D SPACE',''
  ) );
#2777 = PCURVE('',#2693,#2778);
#2778 = DEFINITIONAL_REPRESENTATION('',(#2779),#2783);
#2779 = LINE('',#2780,#2781);
#2780 = CARTESIAN_POINT('',(0.,0.));
#2781 = VECTOR('',#2782,1.);
#2782 = DIRECTION('',(1.,0.));
#2783 = ( GEOMETRIC_REPRESENTATION_CONTEXT(2) 
PARAMETRIC_REPRESENTATION_CONTEXT() REPRESENTATION_CONTEXT('2D SPACE',''
  ) );
#2784 = ORIENTED_EDGE('',*,*,#2642,.T.);
#2785 = ORIENTED_EDGE('',*,*,#2786,.T.);
#2786 = EDGE_CURVE('',#2645,#2787,#2789,.T.);
#2787 = VERTEX_POINT('',#2788);
#2788 = CARTESIAN_POINT('',(6.78E+03,-120.,4.82E+03));
#2789 = SURFACE_CURVE('',#2790,(#2794,#2801),.PCURVE_S1.);
#2790 = LINE('',#2791,#2792);
#2791 = CARTESIAN_POINT('',(6.62E+03,-120.,4.82E+03));
#2792 = VECTOR('',#2793,1.);
#2793 = DIRECTION('',(1.,0.,-0.));
#2794 = PCURVE('',#2665,#2795);
#2795 = DEFINITIONAL_REPRESENTATION('',(#2796),#2800);
#2796 = LINE('',#2797,#2798);
#2797 = CARTESIAN_POINT('',(120.,0.));
#2798 = VECTOR('',#2799,1.);
#2799 = DIRECTION('',(0.,1.));
#2800 = ( GEOMETRIC_REPRESENTATION_CONTEXT(2) 
PARAMETRIC_REPRESENTATION_CONTEXT() REPRESENTATION_CONTEXT('2D SPACE',''
  ) );
#2801 = PCURVE('',#2747,#2802);
#2802 = DEFINITIONAL_REPRESENTATION('',(#2803),#2807);
#2803 = LINE('',#2804,#2805);
#2804 = CARTESIAN_POINT('',(0.,0.));
#2805 = VECTOR('',#2806,1.);
#2806 = DIRECTION('',(1.,0.));
#2807 = ( GEOMETRIC_REPRESENTATION_CONTEXT(2) 
PARAMETRIC_REPRESENTATION_CONTEXT() REPRESENTATION_CONTEXT('2D SPACE',''
  ) );
#2808 = ORIENTED_EDGE('',*,*,#2809,.F.);
#2809 = EDGE_CURVE('',#2763,#2787,#2810,.T.);
#2810 = SURFACE_CURVE('',#2811,(#2815,#2822),.PCURVE_S1.);
#2811 = LINE('',#2812,#2813);
#2812 = CARTESIAN_POINT('',(6.78E+03,-120.,4.7E+03));
#2813 = VECTOR('',#2814,1.);
#2814 = DIRECTION('',(0.,0.,1.));
#2815 = PCURVE('',#2665,#2816);
#2816 = DEFINITIONAL_REPRESENTATION('',(#2817),#2821);
#2817 = LINE('',#2818,#2819);
#2818 = CARTESIAN_POINT('',(0.,160.));
#2819 = VECTOR('',#2820,1.);
#2820 = DIRECTION('',(1.,0.));
#2821 = ( GEOMETRIC_REPRESENTATION_CONTEXT(2) 
PARAMETRIC_REPRESENTATION_CONTEXT() REPRESENTATION_CONTEXT('2D SPACE',''
  ) );
#2822 = PCURVE('',#2823,#2828);
#2823 = PLANE('',#2824);
#2824 = AXIS2_PLACEMENT_3D('',#2825,#2826,#2827);
#2825 = CARTESIAN_POINT('',(6.78E+03,-120.,4.7E+03));
#2826 = DIRECTION('',(1.,0.,-0.));
#2827 = DIRECTION('',(0.,0.,1.));
#2828 = DEFINITIONAL_REPRESENTATION('',(#2829),#2833);
#2829 = LINE('',#2830,#2831);
#2830 = CARTESIAN_POINT('',(0.,0.));
#2831 = VECTOR('',#2832,1.);
#2832 = DIRECTION('',(1.,0.));
#2833 = ( GEOMETRIC_REPRESENTATION_CONTEXT(2) 
PARAMETRIC_REPRESENTATION_CONTEXT() REPRESENTATION_CONTEXT('2D SPACE',''
  ) );
#2834 = ADVANCED_FACE('',(#2835),#2747,.T.);
#2835 = FACE_BOUND('',#2836,.T.);
#2836 = EDGE_LOOP('',(#2837,#2838,#2839,#2862));
#2837 = ORIENTED_EDGE('',*,*,#2733,.F.);
#2838 = ORIENTED_EDGE('',*,*,#2786,.T.);
#2839 = ORIENTED_EDGE('',*,*,#2840,.T.);
#2840 = EDGE_CURVE('',#2787,#2841,#2843,.T.);
#2841 = VERTEX_POINT('',#2842);
#2842 = CARTESIAN_POINT('',(6.78E+03,120.,4.82E+03));
#2843 = SURFACE_CURVE('',#2844,(#2848,#2855),.PCURVE_S1.);
#2844 = LINE('',#2845,#2846);
#2845 = CARTESIAN_POINT('',(6.78E+03,-120.,4.82E+03));
#2846 = VECTOR('',#2847,1.);
#2847 = DIRECTION('',(-0.,1.,0.));
#2848 = PCURVE('',#2747,#2849);
#2849 = DEFINITIONAL_REPRESENTATION('',(#2850),#2854);
#2850 = LINE('',#2851,#2852);
#2851 = CARTESIAN_POINT('',(160.,0.));
#2852 = VECTOR('',#2853,1.);
#2853 = DIRECTION('',(0.,1.));
#2854 = ( GEOMETRIC_REPRESENTATION_CONTEXT(2) 
PARAMETRIC_REPRESENTATION_CONTEXT() REPRESENTATION_CONTEXT('2D SPACE',''
  ) );
#2855 = PCURVE('',#2823,#2856);
#2856 = DEFINITIONAL_REPRESENTATION('',(#2857),#2861);
#2857 = LINE('',#2858,#2859);
#2858 = CARTESIAN_POINT('',(120.,0.));
#2859 = VECTOR('',#2860,1.);
#2860 = DIRECTION('',(0.,-1.));
#2861 = ( GEOMETRIC_REPRESENTATION_CONTEXT(2) 
PARAMETRIC_REPRESENTATION_CONTEXT() REPRESENTATION_CONTEXT('2D SPACE',''
  ) );
#2862 = ORIENTED_EDGE('',*,*,#2863,.F.);
#2863 = EDGE_CURVE('',#2706,#2841,#2864,.T.);
#2864 = SURFACE_CURVE('',#2865,(#2869,#2876),.PCURVE_S1.);
#2865 = LINE('',#2866,#2867);
#2866 = CARTESIAN_POINT('',(6.62E+03,120.,4.82E+03));
#2867 = VECTOR('',#2868,1.);
#2868 = DIRECTION('',(1.,0.,-0.));
#2869 = PCURVE('',#2747,#2870);
#2870 = DEFINITIONAL_REPRESENTATION('',(#2871),#2875);
#2871 = LINE('',#2872,#2873);
#2872 = CARTESIAN_POINT('',(0.,240.));
#2873 = VECTOR('',#2874,1.);
#2874 = DIRECTION('',(1.,0.));
#2875 = ( GEOMETRIC_REPRESENTATION_CONTEXT(2) 
PARAMETRIC_REPRESENTATION_CONTEXT() REPRESENTATION_CONTEXT('2D SPACE',''
  ) );
#2876 = PCURVE('',#2721,#2877);
#2877 = DEFINITIONAL_REPRESENTATION('',(#2878),#2882);
#2878 = LINE('',#2879,#2880);
#2879 = CARTESIAN_POINT('',(120.,0.));
#2880 = VECTOR('',#2881,1.);
#2881 = DIRECTION('',(0.,1.));
#2882 = ( GEOMETRIC_REPRESENTATION_CONTEXT(2) 
PARAMETRIC_REPRESENTATION_CONTEXT() REPRESENTATION_CONTEXT('2D SPACE',''
  ) );
#2883 = ADVANCED_FACE('',(#2884),#2721,.T.);
#2884 = FACE_BOUND('',#2885,.T.);
#2885 = EDGE_LOOP('',(#2886,#2909,#2910,#2911));
#2886 = ORIENTED_EDGE('',*,*,#2887,.F.);
#2887 = EDGE_CURVE('',#2678,#2888,#2890,.T.);
#2888 = VERTEX_POINT('',#2889);
#2889 = CARTESIAN_POINT('',(6.78E+03,120.,4.7E+03));
#2890 = SURFACE_CURVE('',#2891,(#2895,#2902),.PCURVE_S1.);
#2891 = LINE('',#2892,#2893);
#2892 = CARTESIAN_POINT('',(6.62E+03,120.,4.7E+03));
#2893 = VECTOR('',#2894,1.);
#2894 = DIRECTION('',(1.,0.,-0.));
#2895 = PCURVE('',#2721,#2896);
#2896 = DEFINITIONAL_REPRESENTATION('',(#2897),#2901);
#2897 = LINE('',#2898,#2899);
#2898 = CARTESIAN_POINT('',(0.,0.));
#2899 = VECTOR('',#2900,1.);
#2900 = DIRECTION('',(0.,1.));
#2901 = ( GEOMETRIC_REPRESENTATION_CONTEXT(2) 
PARAMETRIC_REPRESENTATION_CONTEXT() REPRESENTATION_CONTEXT('2D SPACE',''
  ) );
#2902 = PCURVE('',#2693,#2903);
#2903 = DEFINITIONAL_REPRESENTATION('',(#2904),#2908);
#2904 = LINE('',#2905,#2906);
#2905 = CARTESIAN_POINT('',(0.,240.));
#2906 = VECTOR('',#2907,1.);
#2907 = DIRECTION('',(1.,0.));
#2908 = ( GEOMETRIC_REPRESENTATION_CONTEXT(2) 
PARAMETRIC_REPRESENTATION_CONTEXT() REPRESENTATION_CONTEXT('2D SPACE',''
  ) );
#2909 = ORIENTED_EDGE('',*,*,#2705,.T.);
#2910 = ORIENTED_EDGE('',*,*,#2863,.T.);
#2911 = ORIENTED_EDGE('',*,*,#2912,.F.);
#2912 = EDGE_CURVE('',#2888,#2841,#2913,.T.);
#2913 = SURFACE_CURVE('',#2914,(#2918,#2925),.PCURVE_S1.);
#2914 = LINE('',#2915,#2916);
#2915 = CARTESIAN_POINT('',(6.78E+03,120.,4.7E+03));
#2916 = VECTOR('',#2917,1.);
#2917 = DIRECTION('',(0.,0.,1.));
#2918 = PCURVE('',#2721,#2919);
#2919 = DEFINITIONAL_REPRESENTATION('',(#2920),#2924);
#2920 = LINE('',#2921,#2922);
#2921 = CARTESIAN_POINT('',(0.,160.));
#2922 = VECTOR('',#2923,1.);
#2923 = DIRECTION('',(1.,0.));
#2924 = ( GEOMETRIC_REPRESENTATION_CONTEXT(2) 
PARAMETRIC_REPRESENTATION_CONTEXT() REPRESENTATION_CONTEXT('2D SPACE',''
  ) );
#2925 = PCURVE('',#2823,#2926);
#2926 = DEFINITIONAL_REPRESENTATION('',(#2927),#2931);
#2927 = LINE('',#2928,#2929);
#2928 = CARTESIAN_POINT('',(0.,-240.));
#2929 = VECTOR('',#2930,1.);
#2930 = DIRECTION('',(1.,0.));
#2931 = ( GEOMETRIC_REPRESENTATION_CONTEXT(2) 
PARAMETRIC_REPRESENTATION_CONTEXT() REPRESENTATION_CONTEXT('2D SPACE',''
  ) );
#2932 = ADVANCED_FACE('',(#2933),#2693,.F.);
#2933 = FACE_BOUND('',#2934,.F.);
#2934 = EDGE_LOOP('',(#2935,#2936,#2937,#2958));
#2935 = ORIENTED_EDGE('',*,*,#2677,.F.);
#2936 = ORIENTED_EDGE('',*,*,#2762,.T.);
#2937 = ORIENTED_EDGE('',*,*,#2938,.T.);
#2938 = EDGE_CURVE('',#2763,#2888,#2939,.T.);
#2939 = SURFACE_CURVE('',#2940,(#2944,#2951),.PCURVE_S1.);
#2940 = LINE('',#2941,#2942);
#2941 = CARTESIAN_POINT('',(6.78E+03,-120.,4.7E+03));
#2942 = VECTOR('',#2943,1.);
#2943 = DIRECTION('',(-0.,1.,0.));
#2944 = PCURVE('',#2693,#2945);
#2945 = DEFINITIONAL_REPRESENTATION('',(#2946),#2950);
#2946 = LINE('',#2947,#2948);
#2947 = CARTESIAN_POINT('',(160.,0.));
#2948 = VECTOR('',#2949,1.);
#2949 = DIRECTION('',(0.,1.));
#2950 = ( GEOMETRIC_REPRESENTATION_CONTEXT(2) 
PARAMETRIC_REPRESENTATION_CONTEXT() REPRESENTATION_CONTEXT('2D SPACE',''
  ) );
#2951 = PCURVE('',#2823,#2952);
#2952 = DEFINITIONAL_REPRESENTATION('',(#2953),#2957);
#2953 = LINE('',#2954,#2955);
#2954 = CARTESIAN_POINT('',(0.,0.));
#2955 = VECTOR('',#2956,1.);
#2956 = DIRECTION('',(0.,-1.));
#2957 = ( GEOMETRIC_REPRESENTATION_CONTEXT(2) 
PARAMETRIC_REPRESENTATION_CONTEXT() REPRESENTATION_CONTEXT('2D SPACE',''
  ) );
#2958 = ORIENTED_EDGE('',*,*,#2887,.F.);
#2959 = ADVANCED_FACE('',(#2960),#2823,.T.);
#2960 = FACE_BOUND('',#2961,.T.);
#2961 = EDGE_LOOP('',(#2962,#2963,#2964,#2965));
#2962 = ORIENTED_EDGE('',*,*,#2809,.F.);
#2963 = ORIENTED_EDGE('',*,*,#2938,.T.);
#2964 = ORIENTED_EDGE('',*,*,#2912,.T.);
#2965 = ORIENTED_EDGE('',*,*,#2840,.F.);
#2966 = ORIENTED_CLOSED_SHELL('',*,#2967,.F.);
#2967 = CLOSED_SHELL('',(#2968,#3088,#3164,#3213,#3262,#3289));
#2968 = ADVANCED_FACE('',(#2969),#2983,.F.);
#2969 = FACE_BOUND('',#2970,.F.);
#2970 = EDGE_LOOP('',(#2971,#3006,#3034,#3062));
#2971 = ORIENTED_EDGE('',*,*,#2972,.F.);
#2972 = EDGE_CURVE('',#2973,#2975,#2977,.T.);
#2973 = VERTEX_POINT('',#2974);
#2974 = CARTESIAN_POINT('',(6.63E+03,-110.,4.71E+03));
#2975 = VERTEX_POINT('',#2976);
#2976 = CARTESIAN_POINT('',(6.63E+03,-110.,4.81E+03));
#2977 = SURFACE_CURVE('',#2978,(#2982,#2994),.PCURVE_S1.);
#2978 = LINE('',#2979,#2980);
#2979 = CARTESIAN_POINT('',(6.63E+03,-110.,4.71E+03));
#2980 = VECTOR('',#2981,1.);
#2981 = DIRECTION('',(0.,0.,1.));
#2982 = PCURVE('',#2983,#2988);
#2983 = PLANE('',#2984);
#2984 = AXIS2_PLACEMENT_3D('',#2985,#2986,#2987);
#2985 = CARTESIAN_POINT('',(6.63E+03,-110.,4.71E+03));
#2986 = DIRECTION('',(1.,0.,-0.));
#2987 = DIRECTION('',(0.,0.,1.));
#2988 = DEFINITIONAL_REPRESENTATION('',(#2989),#2993);
#2989 = LINE('',#2990,#2991);
#2990 = CARTESIAN_POINT('',(0.,0.));
#2991 = VECTOR('',#2992,1.);
#2992 = DIRECTION('',(1.,0.));
#2993 = ( GEOMETRIC_REPRESENTATION_CONTEXT(2) 
PARAMETRIC_REPRESENTATION_CONTEXT() REPRESENTATION_CONTEXT('2D SPACE',''
  ) );
#2994 = PCURVE('',#2995,#3000);
#2995 = PLANE('',#2996);
#2996 = AXIS2_PLACEMENT_3D('',#2997,#2998,#2999);
#2997 = CARTESIAN_POINT('',(6.63E+03,-110.,4.71E+03));
#2998 = DIRECTION('',(-0.,1.,0.));
#2999 = DIRECTION('',(0.,0.,1.));
#3000 = DEFINITIONAL_REPRESENTATION('',(#3001),#3005);
#3001 = LINE('',#3002,#3003);
#3002 = CARTESIAN_POINT('',(0.,0.));
#3003 = VECTOR('',#3004,1.);
#3004 = DIRECTION('',(1.,0.));
#3005 = ( GEOMETRIC_REPRESENTATION_CONTEXT(2) 
PARAMETRIC_REPRESENTATION_CONTEXT() REPRESENTATION_CONTEXT('2D SPACE',''
  ) );
#3006 = ORIENTED_EDGE('',*,*,#3007,.T.);
#3007 = EDGE_CURVE('',#2973,#3008,#3010,.T.);
#3008 = VERTEX_POINT('',#3009);
#3009 = CARTESIAN_POINT('',(6.63E+03,110.,4.71E+03));
#3010 = SURFACE_CURVE('',#3011,(#3015,#3022),.PCURVE_S1.);
#3011 = LINE('',#3012,#3013);
#3012 = CARTESIAN_POINT('',(6.63E+03,-110.,4.71E+03));
#3013 = VECTOR('',#3014,1.);
#3014 = DIRECTION('',(-0.,1.,0.));
#3015 = PCURVE('',#2983,#3016);
#3016 = DEFINITIONAL_REPRESENTATION('',(#3017),#3021);
#3017 = LINE('',#3018,#3019);
#3018 = CARTESIAN_POINT('',(0.,0.));
#3019 = VECTOR('',#3020,1.);
#3020 = DIRECTION('',(0.,-1.));
#3021 = ( GEOMETRIC_REPRESENTATION_CONTEXT(2) 
PARAMETRIC_REPRESENTATION_CONTEXT() REPRESENTATION_CONTEXT('2D SPACE',''
  ) );
#3022 = PCURVE('',#3023,#3028);
#3023 = PLANE('',#3024);
#3024 = AXIS2_PLACEMENT_3D('',#3025,#3026,#3027);
#3025 = CARTESIAN_POINT('',(6.63E+03,-110.,4.71E+03));
#3026 = DIRECTION('',(0.,0.,1.));
#3027 = DIRECTION('',(1.,0.,-0.));
#3028 = DEFINITIONAL_REPRESENTATION('',(#3029),#3033);
#3029 = LINE('',#3030,#3031);
#3030 = CARTESIAN_POINT('',(0.,0.));
#3031 = VECTOR('',#3032,1.);
#3032 = DIRECTION('',(0.,1.));
#3033 = ( GEOMETRIC_REPRESENTATION_CONTEXT(2) 
PARAMETRIC_REPRESENTATION_CONTEXT() REPRESENTATION_CONTEXT('2D SPACE',''
  ) );
#3034 = ORIENTED_EDGE('',*,*,#3035,.T.);
#3035 = EDGE_CURVE('',#3008,#3036,#3038,.T.);
#3036 = VERTEX_POINT('',#3037);
#3037 = CARTESIAN_POINT('',(6.63E+03,110.,4.81E+03));
#3038 = SURFACE_CURVE('',#3039,(#3043,#3050),.PCURVE_S1.);
#3039 = LINE('',#3040,#3041);
#3040 = CARTESIAN_POINT('',(6.63E+03,110.,4.71E+03));
#3041 = VECTOR('',#3042,1.);
#3042 = DIRECTION('',(0.,0.,1.));
#3043 = PCURVE('',#2983,#3044);
#3044 = DEFINITIONAL_REPRESENTATION('',(#3045),#3049);
#3045 = LINE('',#3046,#3047);
#3046 = CARTESIAN_POINT('',(0.,-220.));
#3047 = VECTOR('',#3048,1.);
#3048 = DIRECTION('',(1.,0.));
#3049 = ( GEOMETRIC_REPRESENTATION_CONTEXT(2) 
PARAMETRIC_REPRESENTATION_CONTEXT() REPRESENTATION_CONTEXT('2D SPACE',''
  ) );
#3050 = PCURVE('',#3051,#3056);
#3051 = PLANE('',#3052);
#3052 = AXIS2_PLACEMENT_3D('',#3053,#3054,#3055);
#3053 = CARTESIAN_POINT('',(6.63E+03,110.,4.71E+03));
#3054 = DIRECTION('',(-0.,1.,0.));
#3055 = DIRECTION('',(0.,0.,1.));
#3056 = DEFINITIONAL_REPRESENTATION('',(#3057),#3061);
#3057 = LINE('',#3058,#3059);
#3058 = CARTESIAN_POINT('',(0.,0.));
#3059 = VECTOR('',#3060,1.);
#3060 = DIRECTION('',(1.,0.));
#3061 = ( GEOMETRIC_REPRESENTATION_CONTEXT(2) 
PARAMETRIC_REPRESENTATION_CONTEXT() REPRESENTATION_CONTEXT('2D SPACE',''
  ) );
#3062 = ORIENTED_EDGE('',*,*,#3063,.F.);
#3063 = EDGE_CURVE('',#2975,#3036,#3064,.T.);
#3064 = SURFACE_CURVE('',#3065,(#3069,#3076),.PCURVE_S1.);
#3065 = LINE('',#3066,#3067);
#3066 = CARTESIAN_POINT('',(6.63E+03,-110.,4.81E+03));
#3067 = VECTOR('',#3068,1.);
#3068 = DIRECTION('',(-0.,1.,0.));
#3069 = PCURVE('',#2983,#3070);
#3070 = DEFINITIONAL_REPRESENTATION('',(#3071),#3075);
#3071 = LINE('',#3072,#3073);
#3072 = CARTESIAN_POINT('',(100.,0.));
#3073 = VECTOR('',#3074,1.);
#3074 = DIRECTION('',(0.,-1.));
#3075 = ( GEOMETRIC_REPRESENTATION_CONTEXT(2) 
PARAMETRIC_REPRESENTATION_CONTEXT() REPRESENTATION_CONTEXT('2D SPACE',''
  ) );
#3076 = PCURVE('',#3077,#3082);
#3077 = PLANE('',#3078);
#3078 = AXIS2_PLACEMENT_3D('',#3079,#3080,#3081);
#3079 = CARTESIAN_POINT('',(6.63E+03,-110.,4.81E+03));
#3080 = DIRECTION('',(0.,0.,1.));
#3081 = DIRECTION('',(1.,0.,-0.));
#3082 = DEFINITIONAL_REPRESENTATION('',(#3083),#3087);
#3083 = LINE('',#3084,#3085);
#3084 = CARTESIAN_POINT('',(0.,0.));
#3085 = VECTOR('',#3086,1.);
#3086 = DIRECTION('',(0.,1.));
#3087 = ( GEOMETRIC_REPRESENTATION_CONTEXT(2) 
PARAMETRIC_REPRESENTATION_CONTEXT() REPRESENTATION_CONTEXT('2D SPACE',''
  ) );
#3088 = ADVANCED_FACE('',(#3089),#2995,.F.);
#3089 = FACE_BOUND('',#3090,.F.);
#3090 = EDGE_LOOP('',(#3091,#3114,#3115,#3138));
#3091 = ORIENTED_EDGE('',*,*,#3092,.F.);
#3092 = EDGE_CURVE('',#2973,#3093,#3095,.T.);
#3093 = VERTEX_POINT('',#3094);
#3094 = CARTESIAN_POINT('',(6.77E+03,-110.,4.71E+03));
#3095 = SURFACE_CURVE('',#3096,(#3100,#3107),.PCURVE_S1.);
#3096 = LINE('',#3097,#3098);
#3097 = CARTESIAN_POINT('',(6.63E+03,-110.,4.71E+03));
#3098 = VECTOR('',#3099,1.);
#3099 = DIRECTION('',(1.,0.,-0.));
#3100 = PCURVE('',#2995,#3101);
#3101 = DEFINITIONAL_REPRESENTATION('',(#3102),#3106);
#3102 = LINE('',#3103,#3104);
#3103 = CARTESIAN_POINT('',(0.,0.));
#3104 = VECTOR('',#3105,1.);
#3105 = DIRECTION('',(0.,1.));
#3106 = ( GEOMETRIC_REPRESENTATION_CONTEXT(2) 
PARAMETRIC_REPRESENTATION_CONTEXT() REPRESENTATION_CONTEXT('2D SPACE',''
  ) );
#3107 = PCURVE('',#3023,#3108);
#3108 = DEFINITIONAL_REPRESENTATION('',(#3109),#3113);
#3109 = LINE('',#3110,#3111);
#3110 = CARTESIAN_POINT('',(0.,0.));
#3111 = VECTOR('',#3112,1.);
#3112 = DIRECTION('',(1.,0.));
#3113 = ( GEOMETRIC_REPRESENTATION_CONTEXT(2) 
PARAMETRIC_REPRESENTATION_CONTEXT() REPRESENTATION_CONTEXT('2D SPACE',''
  ) );
#3114 = ORIENTED_EDGE('',*,*,#2972,.T.);
#3115 = ORIENTED_EDGE('',*,*,#3116,.T.);
#3116 = EDGE_CURVE('',#2975,#3117,#3119,.T.);
#3117 = VERTEX_POINT('',#3118);
#3118 = CARTESIAN_POINT('',(6.77E+03,-110.,4.81E+03));
#3119 = SURFACE_CURVE('',#3120,(#3124,#3131),.PCURVE_S1.);
#3120 = LINE('',#3121,#3122);
#3121 = CARTESIAN_POINT('',(6.63E+03,-110.,4.81E+03));
#3122 = VECTOR('',#3123,1.);
#3123 = DIRECTION('',(1.,0.,-0.));
#3124 = PCURVE('',#2995,#3125);
#3125 = DEFINITIONAL_REPRESENTATION('',(#3126),#3130);
#3126 = LINE('',#3127,#3128);
#3127 = CARTESIAN_POINT('',(100.,0.));
#3128 = VECTOR('',#3129,1.);
#3129 = DIRECTION('',(0.,1.));
#3130 = ( GEOMETRIC_REPRESENTATION_CONTEXT(2) 
PARAMETRIC_REPRESENTATION_CONTEXT() REPRESENTATION_CONTEXT('2D SPACE',''
  ) );
#3131 = PCURVE('',#3077,#3132);
#3132 = DEFINITIONAL_REPRESENTATION('',(#3133),#3137);
#3133 = LINE('',#3134,#3135);
#3134 = CARTESIAN_POINT('',(0.,0.));
#3135 = VECTOR('',#3136,1.);
#3136 = DIRECTION('',(1.,0.));
#3137 = ( GEOMETRIC_REPRESENTATION_CONTEXT(2) 
PARAMETRIC_REPRESENTATION_CONTEXT() REPRESENTATION_CONTEXT('2D SPACE',''
  ) );
#3138 = ORIENTED_EDGE('',*,*,#3139,.F.);
#3139 = EDGE_CURVE('',#3093,#3117,#3140,.T.);
#3140 = SURFACE_CURVE('',#3141,(#3145,#3152),.PCURVE_S1.);
#3141 = LINE('',#3142,#3143);
#3142 = CARTESIAN_POINT('',(6.77E+03,-110.,4.71E+03));
#3143 = VECTOR('',#3144,1.);
#3144 = DIRECTION('',(0.,0.,1.));
#3145 = PCURVE('',#2995,#3146);
#3146 = DEFINITIONAL_REPRESENTATION('',(#3147),#3151);
#3147 = LINE('',#3148,#3149);
#3148 = CARTESIAN_POINT('',(0.,140.));
#3149 = VECTOR('',#3150,1.);
#3150 = DIRECTION('',(1.,0.));
#3151 = ( GEOMETRIC_REPRESENTATION_CONTEXT(2) 
PARAMETRIC_REPRESENTATION_CONTEXT() REPRESENTATION_CONTEXT('2D SPACE',''
  ) );
#3152 = PCURVE('',#3153,#3158);
#3153 = PLANE('',#3154);
#3154 = AXIS2_PLACEMENT_3D('',#3155,#3156,#3157);
#3155 = CARTESIAN_POINT('',(6.77E+03,-110.,4.71E+03));
#3156 = DIRECTION('',(1.,0.,-0.));
#3157 = DIRECTION('',(0.,0.,1.));
#3158 = DEFINITIONAL_REPRESENTATION('',(#3159),#3163);
#3159 = LINE('',#3160,#3161);
#3160 = CARTESIAN_POINT('',(0.,0.));
#3161 = VECTOR('',#3162,1.);
#3162 = DIRECTION('',(1.,0.));
#3163 = ( GEOMETRIC_REPRESENTATION_CONTEXT(2) 
PARAMETRIC_REPRESENTATION_CONTEXT() REPRESENTATION_CONTEXT('2D SPACE',''
  ) );
#3164 = ADVANCED_FACE('',(#3165),#3077,.T.);
#3165 = FACE_BOUND('',#3166,.T.);
#3166 = EDGE_LOOP('',(#3167,#3168,#3169,#3192));
#3167 = ORIENTED_EDGE('',*,*,#3063,.F.);
#3168 = ORIENTED_EDGE('',*,*,#3116,.T.);
#3169 = ORIENTED_EDGE('',*,*,#3170,.T.);
#3170 = EDGE_CURVE('',#3117,#3171,#3173,.T.);
#3171 = VERTEX_POINT('',#3172);
#3172 = CARTESIAN_POINT('',(6.77E+03,110.,4.81E+03));
#3173 = SURFACE_CURVE('',#3174,(#3178,#3185),.PCURVE_S1.);
#3174 = LINE('',#3175,#3176);
#3175 = CARTESIAN_POINT('',(6.77E+03,-110.,4.81E+03));
#3176 = VECTOR('',#3177,1.);
#3177 = DIRECTION('',(-0.,1.,0.));
#3178 = PCURVE('',#3077,#3179);
#3179 = DEFINITIONAL_REPRESENTATION('',(#3180),#3184);
#3180 = LINE('',#3181,#3182);
#3181 = CARTESIAN_POINT('',(140.,0.));
#3182 = VECTOR('',#3183,1.);
#3183 = DIRECTION('',(0.,1.));
#3184 = ( GEOMETRIC_REPRESENTATION_CONTEXT(2) 
PARAMETRIC_REPRESENTATION_CONTEXT() REPRESENTATION_CONTEXT('2D SPACE',''
  ) );
#3185 = PCURVE('',#3153,#3186);
#3186 = DEFINITIONAL_REPRESENTATION('',(#3187),#3191);
#3187 = LINE('',#3188,#3189);
#3188 = CARTESIAN_POINT('',(100.,0.));
#3189 = VECTOR('',#3190,1.);
#3190 = DIRECTION('',(0.,-1.));
#3191 = ( GEOMETRIC_REPRESENTATION_CONTEXT(2) 
PARAMETRIC_REPRESENTATION_CONTEXT() REPRESENTATION_CONTEXT('2D SPACE',''
  ) );
#3192 = ORIENTED_EDGE('',*,*,#3193,.F.);
#3193 = EDGE_CURVE('',#3036,#3171,#3194,.T.);
#3194 = SURFACE_CURVE('',#3195,(#3199,#3206),.PCURVE_S1.);
#3195 = LINE('',#3196,#3197);
#3196 = CARTESIAN_POINT('',(6.63E+03,110.,4.81E+03));
#3197 = VECTOR('',#3198,1.);
#3198 = DIRECTION('',(1.,0.,-0.));
#3199 = PCURVE('',#3077,#3200);
#3200 = DEFINITIONAL_REPRESENTATION('',(#3201),#3205);
#3201 = LINE('',#3202,#3203);
#3202 = CARTESIAN_POINT('',(0.,220.));
#3203 = VECTOR('',#3204,1.);
#3204 = DIRECTION('',(1.,0.));
#3205 = ( GEOMETRIC_REPRESENTATION_CONTEXT(2) 
PARAMETRIC_REPRESENTATION_CONTEXT() REPRESENTATION_CONTEXT('2D SPACE',''
  ) );
#3206 = PCURVE('',#3051,#3207);
#3207 = DEFINITIONAL_REPRESENTATION('',(#3208),#3212);
#3208 = LINE('',#3209,#3210);
#3209 = CARTESIAN_POINT('',(100.,0.));
#3210 = VECTOR('',#3211,1.);
#3211 = DIRECTION('',(0.,1.));
#3212 = ( GEOMETRIC_REPRESENTATION_CONTEXT(2) 
PARAMETRIC_REPRESENTATION_CONTEXT() REPRESENTATION_CONTEXT('2D SPACE',''
  ) );
#3213 = ADVANCED_FACE('',(#3214),#3051,.T.);
#3214 = FACE_BOUND('',#3215,.T.);
#3215 = EDGE_LOOP('',(#3216,#3239,#3240,#3241));
#3216 = ORIENTED_EDGE('',*,*,#3217,.F.);
#3217 = EDGE_CURVE('',#3008,#3218,#3220,.T.);
#3218 = VERTEX_POINT('',#3219);
#3219 = CARTESIAN_POINT('',(6.77E+03,110.,4.71E+03));
#3220 = SURFACE_CURVE('',#3221,(#3225,#3232),.PCURVE_S1.);
#3221 = LINE('',#3222,#3223);
#3222 = CARTESIAN_POINT('',(6.63E+03,110.,4.71E+03));
#3223 = VECTOR('',#3224,1.);
#3224 = DIRECTION('',(1.,0.,-0.));
#3225 = PCURVE('',#3051,#3226);
#3226 = DEFINITIONAL_REPRESENTATION('',(#3227),#3231);
#3227 = LINE('',#3228,#3229);
#3228 = CARTESIAN_POINT('',(0.,0.));
#3229 = VECTOR('',#3230,1.);
#3230 = DIRECTION('',(0.,1.));
#3231 = ( GEOMETRIC_REPRESENTATION_CONTEXT(2) 
PARAMETRIC_REPRESENTATION_CONTEXT() REPRESENTATION_CONTEXT('2D SPACE',''
  ) );
#3232 = PCURVE('',#3023,#3233);
#3233 = DEFINITIONAL_REPRESENTATION('',(#3234),#3238);
#3234 = LINE('',#3235,#3236);
#3235 = CARTESIAN_POINT('',(0.,220.));
#3236 = VECTOR('',#3237,1.);
#3237 = DIRECTION('',(1.,0.));
#3238 = ( GEOMETRIC_REPRESENTATION_CONTEXT(2) 
PARAMETRIC_REPRESENTATION_CONTEXT() REPRESENTATION_CONTEXT('2D SPACE',''
  ) );
#3239 = ORIENTED_EDGE('',*,*,#3035,.T.);
#3240 = ORIENTED_EDGE('',*,*,#3193,.T.);
#3241 = ORIENTED_EDGE('',*,*,#3242,.F.);
#3242 = EDGE_CURVE('',#3218,#3171,#3243,.T.);
#3243 = SURFACE_CURVE('',#3244,(#3248,#3255),.PCURVE_S1.);
#3244 = LINE('',#3245,#3246);
#3245 = CARTESIAN_POINT('',(6.77E+03,110.,4.71E+03));
#3246 = VECTOR('',#3247,1.);
#3247 = DIRECTION('',(0.,0.,1.));
#3248 = PCURVE('',#3051,#3249);
#3249 = DEFINITIONAL_REPRESENTATION('',(#3250),#3254);
#3250 = LINE('',#3251,#3252);
#3251 = CARTESIAN_POINT('',(0.,140.));
#3252 = VECTOR('',#3253,1.);
#3253 = DIRECTION('',(1.,0.));
#3254 = ( GEOMETRIC_REPRESENTATION_CONTEXT(2) 
PARAMETRIC_REPRESENTATION_CONTEXT() REPRESENTATION_CONTEXT('2D SPACE',''
  ) );
#3255 = PCURVE('',#3153,#3256);
#3256 = DEFINITIONAL_REPRESENTATION('',(#3257),#3261);
#3257 = LINE('',#3258,#3259);
#3258 = CARTESIAN_POINT('',(0.,-220.));
#3259 = VECTOR('',#3260,1.);
#3260 = DIRECTION('',(1.,0.));
#3261 = ( GEOMETRIC_REPRESENTATION_CONTEXT(2) 
PARAMETRIC_REPRESENTATION_CONTEXT() REPRESENTATION_CONTEXT('2D SPACE',''
  ) );
#3262 = ADVANCED_FACE('',(#3263),#3023,.F.);
#3263 = FACE_BOUND('',#3264,.F.);
#3264 = EDGE_LOOP('',(#3265,#3266,#3267,#3288));
#3265 = ORIENTED_EDGE('',*,*,#3007,.F.);
#3266 = ORIENTED_EDGE('',*,*,#3092,.T.);
#3267 = ORIENTED_EDGE('',*,*,#3268,.T.);
#3268 = EDGE_CURVE('',#3093,#3218,#3269,.T.);
#3269 = SURFACE_CURVE('',#3270,(#3274,#3281),.PCURVE_S1.);
#3270 = LINE('',#3271,#3272);
#3271 = CARTESIAN_POINT('',(6.77E+03,-110.,4.71E+03));
#3272 = VECTOR('',#3273,1.);
#3273 = DIRECTION('',(-0.,1.,0.));
#3274 = PCURVE('',#3023,#3275);
#3275 = DEFINITIONAL_REPRESENTATION('',(#3276),#3280);
#3276 = LINE('',#3277,#3278);
#3277 = CARTESIAN_POINT('',(140.,0.));
#3278 = VECTOR('',#3279,1.);
#3279 = DIRECTION('',(0.,1.));
#3280 = ( GEOMETRIC_REPRESENTATION_CONTEXT(2) 
PARAMETRIC_REPRESENTATION_CONTEXT() REPRESENTATION_CONTEXT('2D SPACE',''
  ) );
#3281 = PCURVE('',#3153,#3282);
#3282 = DEFINITIONAL_REPRESENTATION('',(#3283),#3287);
#3283 = LINE('',#3284,#3285);
#3284 = CARTESIAN_POINT('',(0.,0.));
#3285 = VECTOR('',#3286,1.);
#3286 = DIRECTION('',(0.,-1.));
#3287 = ( GEOMETRIC_REPRESENTATION_CONTEXT(2) 
PARAMETRIC_REPRESENTATION_CONTEXT() REPRESENTATION_CONTEXT('2D SPACE',''
  ) );
#3288 = ORIENTED_EDGE('',*,*,#3217,.F.);
#3289 = ADVANCED_FACE('',(#3290),#3153,.T.);
#3290 = FACE_BOUND('',#3291,.T.);
#3291 = EDGE_LOOP('',(#3292,#3293,#3294,#3295));
#3292 = ORIENTED_EDGE('',*,*,#3139,.F.);
#3293 = ORIENTED_EDGE('',*,*,#3268,.T.);
#3294 = ORIENTED_EDGE('',*,*,#3242,.T.);
#3295 = ORIENTED_EDGE('',*,*,#3170,.F.);
#3296 = MANIFOLD_SOLID_BREP('',#3297);
#3297 = CLOSED_SHELL('',(#3298,#3418,#3518,#3565,#3612,#3619));
#3298 = ADVANCED_FACE('',(#3299),#3313,.F.);
#3299 = FACE_BOUND('',#3300,.F.);
#3300 = EDGE_LOOP('',(#3301,#3336,#3364,#3392));
#3301 = ORIENTED_EDGE('',*,*,#3302,.F.);
#3302 = EDGE_CURVE('',#3303,#3305,#3307,.T.);
#3303 = VERTEX_POINT('',#3304);
#3304 = CARTESIAN_POINT('',(6.57E+03,-170.,4.822E+03));
#3305 = VERTEX_POINT('',#3306);
#3306 = CARTESIAN_POINT('',(6.57E+03,-170.,4.83E+03));
#3307 = SURFACE_CURVE('',#3308,(#3312,#3324),.PCURVE_S1.);
#3308 = LINE('',#3309,#3310);
#3309 = CARTESIAN_POINT('',(6.57E+03,-170.,4.822E+03));
#3310 = VECTOR('',#3311,1.);
#3311 = DIRECTION('',(0.,0.,1.));
#3312 = PCURVE('',#3313,#3318);
#3313 = PLANE('',#3314);
#3314 = AXIS2_PLACEMENT_3D('',#3315,#3316,#3317);
#3315 = CARTESIAN_POINT('',(6.57E+03,-170.,4.822E+03));
#3316 = DIRECTION('',(1.,0.,-0.));
#3317 = DIRECTION('',(0.,0.,1.));
#3318 = DEFINITIONAL_REPRESENTATION('',(#3319),#3323);
#3319 = LINE('',#3320,#3321);
#3320 = CARTESIAN_POINT('',(0.,0.));
#3321 = VECTOR('',#3322,1.);
#3322 = DIRECTION('',(1.,0.));
#3323 = ( GEOMETRIC_REPRESENTATION_CONTEXT(2) 
PARAMETRIC_REPRESENTATION_CONTEXT() REPRESENTATION_CONTEXT('2D SPACE',''
  ) );
#3324 = PCURVE('',#3325,#3330);
#3325 = PLANE('',#3326);
#3326 = AXIS2_PLACEMENT_3D('',#3327,#3328,#3329);
#3327 = CARTESIAN_POINT('',(6.57E+03,-170.,4.822E+03));
#3328 = DIRECTION('',(-0.,1.,0.));
#3329 = DIRECTION('',(0.,0.,1.));
#3330 = DEFINITIONAL_REPRESENTATION('',(#3331),#3335);
#3331 = LINE('',#3332,#3333);
#3332 = CARTESIAN_POINT('',(0.,0.));
#3333 = VECTOR('',#3334,1.);
#3334 = DIRECTION('',(1.,0.));
#3335 = ( GEOMETRIC_REPRESENTATION_CONTEXT(2) 
PARAMETRIC_REPRESENTATION_CONTEXT() REPRESENTATION_CONTEXT('2D SPACE',''
  ) );
#3336 = ORIENTED_EDGE('',*,*,#3337,.T.);
#3337 = EDGE_CURVE('',#3303,#3338,#3340,.T.);
#3338 = VERTEX_POINT('',#3339);
#3339 = CARTESIAN_POINT('',(6.57E+03,170.,4.822E+03));
#3340 = SURFACE_CURVE('',#3341,(#3345,#3352),.PCURVE_S1.);
#3341 = LINE('',#3342,#3343);
#3342 = CARTESIAN_POINT('',(6.57E+03,-170.,4.822E+03));
#3343 = VECTOR('',#3344,1.);
#3344 = DIRECTION('',(-0.,1.,0.));
#3345 = PCURVE('',#3313,#3346);
#3346 = DEFINITIONAL_REPRESENTATION('',(#3347),#3351);
#3347 = LINE('',#3348,#3349);
#3348 = CARTESIAN_POINT('',(0.,0.));
#3349 = VECTOR('',#3350,1.);
#3350 = DIRECTION('',(0.,-1.));
#3351 = ( GEOMETRIC_REPRESENTATION_CONTEXT(2) 
PARAMETRIC_REPRESENTATION_CONTEXT() REPRESENTATION_CONTEXT('2D SPACE',''
  ) );
#3352 = PCURVE('',#3353,#3358);
#3353 = PLANE('',#3354);
#3354 = AXIS2_PLACEMENT_3D('',#3355,#3356,#3357);
#3355 = CARTESIAN_POINT('',(6.57E+03,-170.,4.822E+03));
#3356 = DIRECTION('',(0.,0.,1.));
#3357 = DIRECTION('',(1.,0.,-0.));
#3358 = DEFINITIONAL_REPRESENTATION('',(#3359),#3363);
#3359 = LINE('',#3360,#3361);
#3360 = CARTESIAN_POINT('',(0.,0.));
#3361 = VECTOR('',#3362,1.);
#3362 = DIRECTION('',(0.,1.));
#3363 = ( GEOMETRIC_REPRESENTATION_CONTEXT(2) 
PARAMETRIC_REPRESENTATION_CONTEXT() REPRESENTATION_CONTEXT('2D SPACE',''
  ) );
#3364 = ORIENTED_EDGE('',*,*,#3365,.T.);
#3365 = EDGE_CURVE('',#3338,#3366,#3368,.T.);
#3366 = VERTEX_POINT('',#3367);
#3367 = CARTESIAN_POINT('',(6.57E+03,170.,4.83E+03));
#3368 = SURFACE_CURVE('',#3369,(#3373,#3380),.PCURVE_S1.);
#3369 = LINE('',#3370,#3371);
#3370 = CARTESIAN_POINT('',(6.57E+03,170.,4.822E+03));
#3371 = VECTOR('',#3372,1.);
#3372 = DIRECTION('',(0.,0.,1.));
#3373 = PCURVE('',#3313,#3374);
#3374 = DEFINITIONAL_REPRESENTATION('',(#3375),#3379);
#3375 = LINE('',#3376,#3377);
#3376 = CARTESIAN_POINT('',(0.,-340.));
#3377 = VECTOR('',#3378,1.);
#3378 = DIRECTION('',(1.,0.));
#3379 = ( GEOMETRIC_REPRESENTATION_CONTEXT(2) 
PARAMETRIC_REPRESENTATION_CONTEXT() REPRESENTATION_CONTEXT('2D SPACE',''
  ) );
#3380 = PCURVE('',#3381,#3386);
#3381 = PLANE('',#3382);
#3382 = AXIS2_PLACEMENT_3D('',#3383,#3384,#3385);
#3383 = CARTESIAN_POINT('',(6.57E+03,170.,4.822E+03));
#3384 = DIRECTION('',(-0.,1.,0.));
#3385 = DIRECTION('',(0.,0.,1.));
#3386 = DEFINITIONAL_REPRESENTATION('',(#3387),#3391);
#3387 = LINE('',#3388,#3389);
#3388 = CARTESIAN_POINT('',(0.,0.));
#3389 = VECTOR('',#3390,1.);
#3390 = DIRECTION('',(1.,0.));
#3391 = ( GEOMETRIC_REPRESENTATION_CONTEXT(2) 
PARAMETRIC_REPRESENTATION_CONTEXT() REPRESENTATION_CONTEXT('2D SPACE',''
  ) );
#3392 = ORIENTED_EDGE('',*,*,#3393,.F.);
#3393 = EDGE_CURVE('',#3305,#3366,#3394,.T.);
#3394 = SURFACE_CURVE('',#3395,(#3399,#3406),.PCURVE_S1.);
#3395 = LINE('',#3396,#3397);
#3396 = CARTESIAN_POINT('',(6.57E+03,-170.,4.83E+03));
#3397 = VECTOR('',#3398,1.);
#3398 = DIRECTION('',(-0.,1.,0.));
#3399 = PCURVE('',#3313,#3400);
#3400 = DEFINITIONAL_REPRESENTATION('',(#3401),#3405);
#3401 = LINE('',#3402,#3403);
#3402 = CARTESIAN_POINT('',(8.,0.));
#3403 = VECTOR('',#3404,1.);
#3404 = DIRECTION('',(0.,-1.));
#3405 = ( GEOMETRIC_REPRESENTATION_CONTEXT(2) 
PARAMETRIC_REPRESENTATION_CONTEXT() REPRESENTATION_CONTEXT('2D SPACE',''
  ) );
#3406 = PCURVE('',#3407,#3412);
#3407 = PLANE('',#3408);
#3408 = AXIS2_PLACEMENT_3D('',#3409,#3410,#3411);
#3409 = CARTESIAN_POINT('',(6.57E+03,-170.,4.83E+03));
#3410 = DIRECTION('',(0.,0.,1.));
#3411 = DIRECTION('',(1.,0.,-0.));
#3412 = DEFINITIONAL_REPRESENTATION('',(#3413),#3417);
#3413 = LINE('',#3414,#3415);
#3414 = CARTESIAN_POINT('',(0.,0.));
#3415 = VECTOR('',#3416,1.);
#3416 = DIRECTION('',(0.,1.));
#3417 = ( GEOMETRIC_REPRESENTATION_CONTEXT(2) 
PARAMETRIC_REPRESENTATION_CONTEXT() REPRESENTATION_CONTEXT('2D SPACE',''
  ) );
#3418 = ADVANCED_FACE('',(#3419),#3433,.T.);
#3419 = FACE_BOUND('',#3420,.T.);
#3420 = EDGE_LOOP('',(#3421,#3451,#3474,#3497));
#3421 = ORIENTED_EDGE('',*,*,#3422,.F.);
#3422 = EDGE_CURVE('',#3423,#3425,#3427,.T.);
#3423 = VERTEX_POINT('',#3424);
#3424 = CARTESIAN_POINT('',(6.83E+03,-170.,4.822E+03));
#3425 = VERTEX_POINT('',#3426);
#3426 = CARTESIAN_POINT('',(6.83E+03,-170.,4.83E+03));
#3427 = SURFACE_CURVE('',#3428,(#3432,#3444),.PCURVE_S1.);
#3428 = LINE('',#3429,#3430);
#3429 = CARTESIAN_POINT('',(6.83E+03,-170.,4.822E+03));
#3430 = VECTOR('',#3431,1.);
#3431 = DIRECTION('',(0.,0.,1.));
#3432 = PCURVE('',#3433,#3438);
#3433 = PLANE('',#3434);
#3434 = AXIS2_PLACEMENT_3D('',#3435,#3436,#3437);
#3435 = CARTESIAN_POINT('',(6.83E+03,-170.,4.822E+03));
#3436 = DIRECTION('',(1.,0.,-0.));
#3437 = DIRECTION('',(0.,0.,1.));
#3438 = DEFINITIONAL_REPRESENTATION('',(#3439),#3443);
#3439 = LINE('',#3440,#3441);
#3440 = CARTESIAN_POINT('',(0.,0.));
#3441 = VECTOR('',#3442,1.);
#3442 = DIRECTION('',(1.,0.));
#3443 = ( GEOMETRIC_REPRESENTATION_CONTEXT(2) 
PARAMETRIC_REPRESENTATION_CONTEXT() REPRESENTATION_CONTEXT('2D SPACE',''
  ) );
#3444 = PCURVE('',#3325,#3445);
#3445 = DEFINITIONAL_REPRESENTATION('',(#3446),#3450);
#3446 = LINE('',#3447,#3448);
#3447 = CARTESIAN_POINT('',(0.,260.));
#3448 = VECTOR('',#3449,1.);
#3449 = DIRECTION('',(1.,0.));
#3450 = ( GEOMETRIC_REPRESENTATION_CONTEXT(2) 
PARAMETRIC_REPRESENTATION_CONTEXT() REPRESENTATION_CONTEXT('2D SPACE',''
  ) );
#3451 = ORIENTED_EDGE('',*,*,#3452,.T.);
#3452 = EDGE_CURVE('',#3423,#3453,#3455,.T.);
#3453 = VERTEX_POINT('',#3454);
#3454 = CARTESIAN_POINT('',(6.83E+03,170.,4.822E+03));
#3455 = SURFACE_CURVE('',#3456,(#3460,#3467),.PCURVE_S1.);
#3456 = LINE('',#3457,#3458);
#3457 = CARTESIAN_POINT('',(6.83E+03,-170.,4.822E+03));
#3458 = VECTOR('',#3459,1.);
#3459 = DIRECTION('',(-0.,1.,0.));
#3460 = PCURVE('',#3433,#3461);
#3461 = DEFINITIONAL_REPRESENTATION('',(#3462),#3466);
#3462 = LINE('',#3463,#3464);
#3463 = CARTESIAN_POINT('',(0.,0.));
#3464 = VECTOR('',#3465,1.);
#3465 = DIRECTION('',(0.,-1.));
#3466 = ( GEOMETRIC_REPRESENTATION_CONTEXT(2) 
PARAMETRIC_REPRESENTATION_CONTEXT() REPRESENTATION_CONTEXT('2D SPACE',''
  ) );
#3467 = PCURVE('',#3353,#3468);
#3468 = DEFINITIONAL_REPRESENTATION('',(#3469),#3473);
#3469 = LINE('',#3470,#3471);
#3470 = CARTESIAN_POINT('',(260.,0.));
#3471 = VECTOR('',#3472,1.);
#3472 = DIRECTION('',(0.,1.));
#3473 = ( GEOMETRIC_REPRESENTATION_CONTEXT(2) 
PARAMETRIC_REPRESENTATION_CONTEXT() REPRESENTATION_CONTEXT('2D SPACE',''
  ) );
#3474 = ORIENTED_EDGE('',*,*,#3475,.T.);
#3475 = EDGE_CURVE('',#3453,#3476,#3478,.T.);
#3476 = VERTEX_POINT('',#3477);
#3477 = CARTESIAN_POINT('',(6.83E+03,170.,4.83E+03));
#3478 = SURFACE_CURVE('',#3479,(#3483,#3490),.PCURVE_S1.);
#3479 = LINE('',#3480,#3481);
#3480 = CARTESIAN_POINT('',(6.83E+03,170.,4.822E+03));
#3481 = VECTOR('',#3482,1.);
#3482 = DIRECTION('',(0.,0.,1.));
#3483 = PCURVE('',#3433,#3484);
#3484 = DEFINITIONAL_REPRESENTATION('',(#3485),#3489);
#3485 = LINE('',#3486,#3487);
#3486 = CARTESIAN_POINT('',(0.,-340.));
#3487 = VECTOR('',#3488,1.);
#3488 = DIRECTION('',(1.,0.));
#3489 = ( GEOMETRIC_REPRESENTATION_CONTEXT(2) 
PARAMETRIC_REPRESENTATION_CONTEXT() REPRESENTATION_CONTEXT('2D SPACE',''
  ) );
#3490 = PCURVE('',#3381,#3491);
#3491 = DEFINITIONAL_REPRESENTATION('',(#3492),#3496);
#3492 = LINE('',#3493,#3494);
#3493 = CARTESIAN_POINT('',(0.,260.));
#3494 = VECTOR('',#3495,1.);
#3495 = DIRECTION('',(1.,0.));
#3496 = ( GEOMETRIC_REPRESENTATION_CONTEXT(2) 
PARAMETRIC_REPRESENTATION_CONTEXT() REPRESENTATION_CONTEXT('2D SPACE',''
  ) );
#3497 = ORIENTED_EDGE('',*,*,#3498,.F.);
#3498 = EDGE_CURVE('',#3425,#3476,#3499,.T.);
#3499 = SURFACE_CURVE('',#3500,(#3504,#3511),.PCURVE_S1.);
#3500 = LINE('',#3501,#3502);
#3501 = CARTESIAN_POINT('',(6.83E+03,-170.,4.83E+03));
#3502 = VECTOR('',#3503,1.);
#3503 = DIRECTION('',(-0.,1.,0.));
#3504 = PCURVE('',#3433,#3505);
#3505 = DEFINITIONAL_REPRESENTATION('',(#3506),#3510);
#3506 = LINE('',#3507,#3508);
#3507 = CARTESIAN_POINT('',(8.,0.));
#3508 = VECTOR('',#3509,1.);
#3509 = DIRECTION('',(0.,-1.));
#3510 = ( GEOMETRIC_REPRESENTATION_CONTEXT(2) 
PARAMETRIC_REPRESENTATION_CONTEXT() REPRESENTATION_CONTEXT('2D SPACE',''
  ) );
#3511 = PCURVE('',#3407,#3512);
#3512 = DEFINITIONAL_REPRESENTATION('',(#3513),#3517);
#3513 = LINE('',#3514,#3515);
#3514 = CARTESIAN_POINT('',(260.,0.));
#3515 = VECTOR('',#3516,1.);
#3516 = DIRECTION('',(0.,1.));
#3517 = ( GEOMETRIC_REPRESENTATION_CONTEXT(2) 
PARAMETRIC_REPRESENTATION_CONTEXT() REPRESENTATION_CONTEXT('2D SPACE',''
  ) );
#3518 = ADVANCED_FACE('',(#3519),#3325,.F.);
#3519 = FACE_BOUND('',#3520,.F.);
#3520 = EDGE_LOOP('',(#3521,#3542,#3543,#3564));
#3521 = ORIENTED_EDGE('',*,*,#3522,.F.);
#3522 = EDGE_CURVE('',#3303,#3423,#3523,.T.);
#3523 = SURFACE_CURVE('',#3524,(#3528,#3535),.PCURVE_S1.);
#3524 = LINE('',#3525,#3526);
#3525 = CARTESIAN_POINT('',(6.57E+03,-170.,4.822E+03));
#3526 = VECTOR('',#3527,1.);
#3527 = DIRECTION('',(1.,0.,-0.));
#3528 = PCURVE('',#3325,#3529);
#3529 = DEFINITIONAL_REPRESENTATION('',(#3530),#3534);
#3530 = LINE('',#3531,#3532);
#3531 = CARTESIAN_POINT('',(0.,0.));
#3532 = VECTOR('',#3533,1.);
#3533 = DIRECTION('',(0.,1.));
#3534 = ( GEOMETRIC_REPRESENTATION_CONTEXT(2) 
PARAMETRIC_REPRESENTATION_CONTEXT() REPRESENTATION_CONTEXT('2D SPACE',''
  ) );
#3535 = PCURVE('',#3353,#3536);
#3536 = DEFINITIONAL_REPRESENTATION('',(#3537),#3541);
#3537 = LINE('',#3538,#3539);
#3538 = CARTESIAN_POINT('',(0.,0.));
#3539 = VECTOR('',#3540,1.);
#3540 = DIRECTION('',(1.,0.));
#3541 = ( GEOMETRIC_REPRESENTATION_CONTEXT(2) 
PARAMETRIC_REPRESENTATION_CONTEXT() REPRESENTATION_CONTEXT('2D SPACE',''
  ) );
#3542 = ORIENTED_EDGE('',*,*,#3302,.T.);
#3543 = ORIENTED_EDGE('',*,*,#3544,.T.);
#3544 = EDGE_CURVE('',#3305,#3425,#3545,.T.);
#3545 = SURFACE_CURVE('',#3546,(#3550,#3557),.PCURVE_S1.);
#3546 = LINE('',#3547,#3548);
#3547 = CARTESIAN_POINT('',(6.57E+03,-170.,4.83E+03));
#3548 = VECTOR('',#3549,1.);
#3549 = DIRECTION('',(1.,0.,-0.));
#3550 = PCURVE('',#3325,#3551);
#3551 = DEFINITIONAL_REPRESENTATION('',(#3552),#3556);
#3552 = LINE('',#3553,#3554);
#3553 = CARTESIAN_POINT('',(8.,0.));
#3554 = VECTOR('',#3555,1.);
#3555 = DIRECTION('',(0.,1.));
#3556 = ( GEOMETRIC_REPRESENTATION_CONTEXT(2) 
PARAMETRIC_REPRESENTATION_CONTEXT() REPRESENTATION_CONTEXT('2D SPACE',''
  ) );
#3557 = PCURVE('',#3407,#3558);
#3558 = DEFINITIONAL_REPRESENTATION('',(#3559),#3563);
#3559 = LINE('',#3560,#3561);
#3560 = CARTESIAN_POINT('',(0.,0.));
#3561 = VECTOR('',#3562,1.);
#3562 = DIRECTION('',(1.,0.));
#3563 = ( GEOMETRIC_REPRESENTATION_CONTEXT(2) 
PARAMETRIC_REPRESENTATION_CONTEXT() REPRESENTATION_CONTEXT('2D SPACE',''
  ) );
#3564 = ORIENTED_EDGE('',*,*,#3422,.F.);
#3565 = ADVANCED_FACE('',(#3566),#3381,.T.);
#3566 = FACE_BOUND('',#3567,.T.);
#3567 = EDGE_LOOP('',(#3568,#3589,#3590,#3611));
#3568 = ORIENTED_EDGE('',*,*,#3569,.F.);
#3569 = EDGE_CURVE('',#3338,#3453,#3570,.T.);
#3570 = SURFACE_CURVE('',#3571,(#3575,#3582),.PCURVE_S1.);
#3571 = LINE('',#3572,#3573);
#3572 = CARTESIAN_POINT('',(6.57E+03,170.,4.822E+03));
#3573 = VECTOR('',#3574,1.);
#3574 = DIRECTION('',(1.,0.,-0.));
#3575 = PCURVE('',#3381,#3576);
#3576 = DEFINITIONAL_REPRESENTATION('',(#3577),#3581);
#3577 = LINE('',#3578,#3579);
#3578 = CARTESIAN_POINT('',(0.,0.));
#3579 = VECTOR('',#3580,1.);
#3580 = DIRECTION('',(0.,1.));
#3581 = ( GEOMETRIC_REPRESENTATION_CONTEXT(2) 
PARAMETRIC_REPRESENTATION_CONTEXT() REPRESENTATION_CONTEXT('2D SPACE',''
  ) );
#3582 = PCURVE('',#3353,#3583);
#3583 = DEFINITIONAL_REPRESENTATION('',(#3584),#3588);
#3584 = LINE('',#3585,#3586);
#3585 = CARTESIAN_POINT('',(0.,340.));
#3586 = VECTOR('',#3587,1.);
#3587 = DIRECTION('',(1.,0.));
#3588 = ( GEOMETRIC_REPRESENTATION_CONTEXT(2) 
PARAMETRIC_REPRESENTATION_CONTEXT() REPRESENTATION_CONTEXT('2D SPACE',''
  ) );
#3589 = ORIENTED_EDGE('',*,*,#3365,.T.);
#3590 = ORIENTED_EDGE('',*,*,#3591,.T.);
#3591 = EDGE_CURVE('',#3366,#3476,#3592,.T.);
#3592 = SURFACE_CURVE('',#3593,(#3597,#3604),.PCURVE_S1.);
#3593 = LINE('',#3594,#3595);
#3594 = CARTESIAN_POINT('',(6.57E+03,170.,4.83E+03));
#3595 = VECTOR('',#3596,1.);
#3596 = DIRECTION('',(1.,0.,-0.));
#3597 = PCURVE('',#3381,#3598);
#3598 = DEFINITIONAL_REPRESENTATION('',(#3599),#3603);
#3599 = LINE('',#3600,#3601);
#3600 = CARTESIAN_POINT('',(8.,0.));
#3601 = VECTOR('',#3602,1.);
#3602 = DIRECTION('',(0.,1.));
#3603 = ( GEOMETRIC_REPRESENTATION_CONTEXT(2) 
PARAMETRIC_REPRESENTATION_CONTEXT() REPRESENTATION_CONTEXT('2D SPACE',''
  ) );
#3604 = PCURVE('',#3407,#3605);
#3605 = DEFINITIONAL_REPRESENTATION('',(#3606),#3610);
#3606 = LINE('',#3607,#3608);
#3607 = CARTESIAN_POINT('',(0.,340.));
#3608 = VECTOR('',#3609,1.);
#3609 = DIRECTION('',(1.,0.));
#3610 = ( GEOMETRIC_REPRESENTATION_CONTEXT(2) 
PARAMETRIC_REPRESENTATION_CONTEXT() REPRESENTATION_CONTEXT('2D SPACE',''
  ) );
#3611 = ORIENTED_EDGE('',*,*,#3475,.F.);
#3612 = ADVANCED_FACE('',(#3613),#3353,.F.);
#3613 = FACE_BOUND('',#3614,.F.);
#3614 = EDGE_LOOP('',(#3615,#3616,#3617,#3618));
#3615 = ORIENTED_EDGE('',*,*,#3337,.F.);
#3616 = ORIENTED_EDGE('',*,*,#3522,.T.);
#3617 = ORIENTED_EDGE('',*,*,#3452,.T.);
#3618 = ORIENTED_EDGE('',*,*,#3569,.F.);
#3619 = ADVANCED_FACE('',(#3620),#3407,.T.);
#3620 = FACE_BOUND('',#3621,.T.);
#3621 = EDGE_LOOP('',(#3622,#3623,#3624,#3625));
#3622 = ORIENTED_EDGE('',*,*,#3393,.F.);
#3623 = ORIENTED_EDGE('',*,*,#3544,.T.);
#3624 = ORIENTED_EDGE('',*,*,#3498,.T.);
#3625 = ORIENTED_EDGE('',*,*,#3591,.F.);
#3626 = ( GEOMETRIC_REPRESENTATION_CONTEXT(3) 
GLOBAL_UNCERTAINTY_ASSIGNED_CONTEXT((#3630)) 
GLOBAL_UNIT_ASSIGNED_CONTEXT((#3627,#3628,#3629)) REPRESENTATION_CONTEXT
('Context #1','3D Context with UNIT and UNCERTAINTY') );
#3627 = ( LENGTH_UNIT() NAMED_UNIT(*) SI_UNIT(.MILLI.,.METRE.) );
#3628 = ( NAMED_UNIT(*) PLANE_ANGLE_UNIT() SI_UNIT($,.RADIAN.) );
#3629 = ( NAMED_UNIT(*) SI_UNIT($,.STERADIAN.) SOLID_ANGLE_UNIT() );
#3630 = UNCERTAINTY_MEASURE_WITH_UNIT(LENGTH_MEASURE(1.E-07),#3627,
  'distance_accuracy_value','confusion accuracy');
#3631 = CONTEXT_DEPENDENT_SHAPE_REPRESENTATION(#3632,#3634);
#3632 = ( REPRESENTATION_RELATIONSHIP('','',#2635,#10) 
REPRESENTATION_RELATIONSHIP_WITH_TRANSFORMATION(#3633) 
SHAPE_REPRESENTATION_RELATIONSHIP() );
#3633 = ITEM_DEFINED_TRANSFORMATION('','',#11,#19);
#3634 = PRODUCT_DEFINITION_SHAPE('Placement','Placement of an item',
  #3635);
#3635 = NEXT_ASSEMBLY_USAGE_OCCURRENCE('17','=>[0:1:1:3]','',#5,#2630,$
  );
#3636 = PRODUCT_RELATED_PRODUCT_CATEGORY('part',$,(#2632));
#3637 = SHAPE_DEFINITION_REPRESENTATION(#3638,#3644);
#3638 = PRODUCT_DEFINITION_SHAPE('','',#3639);
#3639 = PRODUCT_DEFINITION('design','',#3640,#3643);
#3640 = PRODUCT_DEFINITION_FORMATION('','',#3641);
#3641 = PRODUCT('COMPOUND','COMPOUND','',(#3642));
#3642 = PRODUCT_CONTEXT('',#2,'mechanical');
#3643 = PRODUCT_DEFINITION_CONTEXT('part definition',#2,'design');
#3644 = SHAPE_REPRESENTATION('',(#11,#3645,#4147),#4649);
#3645 = MANIFOLD_SOLID_BREP('',#3646);
#3646 = CLOSED_SHELL('',(#3647,#3792,#3816,#3935,#3939,#4015,#4064,#4113
    ,#4140));
#3647 = ADVANCED_FACE('',(#3648),#3662,.T.);
#3648 = FACE_BOUND('',#3649,.T.);
#3649 = EDGE_LOOP('',(#3650,#3680,#3707,#3708,#3737,#3770));
#3650 = ORIENTED_EDGE('',*,*,#3651,.T.);
#3651 = EDGE_CURVE('',#3652,#3654,#3656,.T.);
#3652 = VERTEX_POINT('',#3653);
#3653 = CARTESIAN_POINT('',(6.645100505063E+03,60.100505063388,4.75E+03)
  );
#3654 = VERTEX_POINT('',#3655);
#3655 = CARTESIAN_POINT('',(6.597289615931E+03,107.91139419584,
    4.731882666843E+03));
#3656 = SEAM_CURVE('',#3657,(#3661,#3673),.PCURVE_S1.);
#3657 = LINE('',#3658,#3659);
#3658 = CARTESIAN_POINT('',(6.645100505063E+03,60.100505063388,4.75E+03)
  );
#3659 = VECTOR('',#3660,1.);
#3660 = DIRECTION('',(-0.683012701892,0.683012701892,-0.258819045103));
#3661 = PCURVE('',#3662,#3667);
#3662 = CYLINDRICAL_SURFACE('',#3663,14.);
#3663 = AXIS2_PLACEMENT_3D('',#3664,#3665,#3666);
#3664 = CARTESIAN_POINT('',(6.655E+03,70.,4.75E+03));
#3665 = DIRECTION('',(-0.683012701892,0.683012701892,-0.258819045103));
#3666 = DIRECTION('',(-0.707106781187,-0.707106781187,0.));
#3667 = DEFINITIONAL_REPRESENTATION('',(#3668),#3672);
#3668 = LINE('',#3669,#3670);
#3669 = CARTESIAN_POINT('',(6.28318530718,-0.));
#3670 = VECTOR('',#3671,1.);
#3671 = DIRECTION('',(0.,1.));
#3672 = ( GEOMETRIC_REPRESENTATION_CONTEXT(2) 
PARAMETRIC_REPRESENTATION_CONTEXT() REPRESENTATION_CONTEXT('2D SPACE',''
  ) );
#3673 = PCURVE('',#3662,#3674);
#3674 = DEFINITIONAL_REPRESENTATION('',(#3675),#3679);
#3675 = LINE('',#3676,#3677);
#3676 = CARTESIAN_POINT('',(0.,-0.));
#3677 = VECTOR('',#3678,1.);
#3678 = DIRECTION('',(0.,1.));
#3679 = ( GEOMETRIC_REPRESENTATION_CONTEXT(2) 
PARAMETRIC_REPRESENTATION_CONTEXT() REPRESENTATION_CONTEXT('2D SPACE',''
  ) );
#3680 = ORIENTED_EDGE('',*,*,#3681,.F.);
#3681 = EDGE_CURVE('',#3654,#3654,#3682,.T.);
#3682 = SURFACE_CURVE('',#3683,(#3688,#3695),.PCURVE_S1.);
#3683 = CIRCLE('',#3684,14.);
#3684 = AXIS2_PLACEMENT_3D('',#3685,#3686,#3687);
#3685 = CARTESIAN_POINT('',(6.607189110868E+03,117.81088913245,
    4.731882666843E+03));
#3686 = DIRECTION('',(-0.683012701892,0.683012701892,-0.258819045103));
#3687 = DIRECTION('',(-0.707106781187,-0.707106781187,
    -2.775557561563E-17));
#3688 = PCURVE('',#3662,#3689);
#3689 = DEFINITIONAL_REPRESENTATION('',(#3690),#3694);
#3690 = LINE('',#3691,#3692);
#3691 = CARTESIAN_POINT('',(0.,70.));
#3692 = VECTOR('',#3693,1.);
#3693 = DIRECTION('',(1.,0.));
#3694 = ( GEOMETRIC_REPRESENTATION_CONTEXT(2) 
PARAMETRIC_REPRESENTATION_CONTEXT() REPRESENTATION_CONTEXT('2D SPACE',''
  ) );
#3695 = PCURVE('',#3696,#3701);
#3696 = PLANE('',#3697);
#3697 = AXIS2_PLACEMENT_3D('',#3698,#3699,#3700);
#3698 = CARTESIAN_POINT('',(6.607189110868E+03,117.81088913245,
    4.731882666843E+03));
#3699 = DIRECTION('',(-0.683012701892,0.683012701892,-0.258819045103));
#3700 = DIRECTION('',(-0.707106781187,-0.707106781187,0.));
#3701 = DEFINITIONAL_REPRESENTATION('',(#3702),#3706);
#3702 = CIRCLE('',#3703,14.);
#3703 = AXIS2_PLACEMENT_2D('',#3704,#3705);
#3704 = CARTESIAN_POINT('',(0.,0.));
#3705 = DIRECTION('',(1.,0.));
#3706 = ( GEOMETRIC_REPRESENTATION_CONTEXT(2) 
PARAMETRIC_REPRESENTATION_CONTEXT() REPRESENTATION_CONTEXT('2D SPACE',''
  ) );
#3707 = ORIENTED_EDGE('',*,*,#3651,.F.);
#3708 = ORIENTED_EDGE('',*,*,#3709,.T.);
#3709 = EDGE_CURVE('',#3652,#3710,#3712,.T.);
#3710 = VERTEX_POINT('',#3711);
#3711 = CARTESIAN_POINT('',(6.665E+03,79.780880909433,4.749421753828E+03
    ));
#3712 = SURFACE_CURVE('',#3713,(#3718,#3725),.PCURVE_S1.);
#3713 = CIRCLE('',#3714,14.);
#3714 = AXIS2_PLACEMENT_3D('',#3715,#3716,#3717);
#3715 = CARTESIAN_POINT('',(6.655E+03,70.,4.75E+03));
#3716 = DIRECTION('',(-0.683012701892,0.683012701892,-0.258819045103));
#3717 = DIRECTION('',(-0.707106781187,-0.707106781187,
    -2.775557561563E-17));
#3718 = PCURVE('',#3662,#3719);
#3719 = DEFINITIONAL_REPRESENTATION('',(#3720),#3724);
#3720 = LINE('',#3721,#3722);
#3721 = CARTESIAN_POINT('',(0.,0.));
#3722 = VECTOR('',#3723,1.);
#3723 = DIRECTION('',(1.,0.));
#3724 = ( GEOMETRIC_REPRESENTATION_CONTEXT(2) 
PARAMETRIC_REPRESENTATION_CONTEXT() REPRESENTATION_CONTEXT('2D SPACE',''
  ) );
#3725 = PCURVE('',#3726,#3731);
#3726 = PLANE('',#3727);
#3727 = AXIS2_PLACEMENT_3D('',#3728,#3729,#3730);
#3728 = CARTESIAN_POINT('',(6.655E+03,70.,4.75E+03));
#3729 = DIRECTION('',(-0.683012701892,0.683012701892,-0.258819045103));
#3730 = DIRECTION('',(-0.707106781187,-0.707106781187,0.));
#3731 = DEFINITIONAL_REPRESENTATION('',(#3732),#3736);
#3732 = CIRCLE('',#3733,14.);
#3733 = AXIS2_PLACEMENT_2D('',#3734,#3735);
#3734 = CARTESIAN_POINT('',(0.,0.));
#3735 = DIRECTION('',(1.,0.));
#3736 = ( GEOMETRIC_REPRESENTATION_CONTEXT(2) 
PARAMETRIC_REPRESENTATION_CONTEXT() REPRESENTATION_CONTEXT('2D SPACE',''
  ) );
#3737 = ORIENTED_EDGE('',*,*,#3738,.F.);
#3738 = EDGE_CURVE('',#3739,#3710,#3741,.T.);
#3739 = VERTEX_POINT('',#3740);
#3740 = CARTESIAN_POINT('',(6.665E+03,77.70785027878,4.743951112162E+03)
  );
#3741 = SURFACE_CURVE('',#3742,(#3747,#3758),.PCURVE_S1.);
#3742 = ELLIPSE('',#3743,20.497422611929,14.);
#3743 = AXIS2_PLACEMENT_3D('',#3744,#3745,#3746);
#3744 = CARTESIAN_POINT('',(6.665E+03,60.,4.75378937382E+03));
#3745 = DIRECTION('',(1.,0.,-0.));
#3746 = DIRECTION('',(-0.,0.935113126531,-0.354349320007));
#3747 = PCURVE('',#3662,#3748);
#3748 = DEFINITIONAL_REPRESENTATION('',(#3749),#3757);
#3749 = B_SPLINE_CURVE_WITH_KNOTS('',6,(#3750,#3751,#3752,#3753,#3754,
    #3755,#3756),.UNSPECIFIED.,.F.,.F.,(7,7),(6.072696338627,
    6.493674275732),.PIECEWISE_BEZIER_KNOTS.);
#3750 = CARTESIAN_POINT('',(3.605343185601,-2.40000008489E-06));
#3751 = CARTESIAN_POINT('',(3.535180196084,0.219474901199));
#3752 = CARTESIAN_POINT('',(3.465017206566,0.352461670294));
#3753 = CARTESIAN_POINT('',(3.394854217049,0.397013100242));
#3754 = CARTESIAN_POINT('',(3.324691227531,0.352461670295));
#3755 = CARTESIAN_POINT('',(3.254528238014,0.219474901198));
#3756 = CARTESIAN_POINT('',(3.184365248496,-2.400000994385E-06));
#3757 = ( GEOMETRIC_REPRESENTATION_CONTEXT(2) 
PARAMETRIC_REPRESENTATION_CONTEXT() REPRESENTATION_CONTEXT('2D SPACE',''
  ) );
#3758 = PCURVE('',#3759,#3764);
#3759 = PLANE('',#3760);
#3760 = AXIS2_PLACEMENT_3D('',#3761,#3762,#3763);
#3761 = CARTESIAN_POINT('',(6.665E+03,50.,4.725E+03));
#3762 = DIRECTION('',(1.,0.,-0.));
#3763 = DIRECTION('',(0.,0.,1.));
#3764 = DEFINITIONAL_REPRESENTATION('',(#3765),#3769);
#3765 = ELLIPSE('',#3766,20.497422611929,14.);
#3766 = AXIS2_PLACEMENT_2D('',#3767,#3768);
#3767 = CARTESIAN_POINT('',(28.78937381963,-10.));
#3768 = DIRECTION('',(-0.354349320007,-0.935113126531));
#3769 = ( GEOMETRIC_REPRESENTATION_CONTEXT(2) 
PARAMETRIC_REPRESENTATION_CONTEXT() REPRESENTATION_CONTEXT('2D SPACE',''
  ) );
#3770 = ORIENTED_EDGE('',*,*,#3771,.T.);
#3771 = EDGE_CURVE('',#3739,#3652,#3772,.T.);
#3772 = SURFACE_CURVE('',#3773,(#3778,#3785),.PCURVE_S1.);
#3773 = CIRCLE('',#3774,14.);
#3774 = AXIS2_PLACEMENT_3D('',#3775,#3776,#3777);
#3775 = CARTESIAN_POINT('',(6.655E+03,70.,4.75E+03));
#3776 = DIRECTION('',(-0.683012701892,0.683012701892,-0.258819045103));
#3777 = DIRECTION('',(-0.707106781187,-0.707106781187,
    -2.775557561563E-17));
#3778 = PCURVE('',#3662,#3779);
#3779 = DEFINITIONAL_REPRESENTATION('',(#3780),#3784);
#3780 = LINE('',#3781,#3782);
#3781 = CARTESIAN_POINT('',(0.,0.));
#3782 = VECTOR('',#3783,1.);
#3783 = DIRECTION('',(1.,0.));
#3784 = ( GEOMETRIC_REPRESENTATION_CONTEXT(2) 
PARAMETRIC_REPRESENTATION_CONTEXT() REPRESENTATION_CONTEXT('2D SPACE',''
  ) );
#3785 = PCURVE('',#3726,#3786);
#3786 = DEFINITIONAL_REPRESENTATION('',(#3787),#3791);
#3787 = CIRCLE('',#3788,14.);
#3788 = AXIS2_PLACEMENT_2D('',#3789,#3790);
#3789 = CARTESIAN_POINT('',(0.,0.));
#3790 = DIRECTION('',(1.,0.));
#3791 = ( GEOMETRIC_REPRESENTATION_CONTEXT(2) 
PARAMETRIC_REPRESENTATION_CONTEXT() REPRESENTATION_CONTEXT('2D SPACE',''
  ) );
#3792 = ADVANCED_FACE('',(#3793),#3726,.F.);
#3793 = FACE_BOUND('',#3794,.F.);
#3794 = EDGE_LOOP('',(#3795,#3796,#3797));
#3795 = ORIENTED_EDGE('',*,*,#3771,.T.);
#3796 = ORIENTED_EDGE('',*,*,#3709,.T.);
#3797 = ORIENTED_EDGE('',*,*,#3798,.T.);
#3798 = EDGE_CURVE('',#3710,#3739,#3799,.T.);
#3799 = SURFACE_CURVE('',#3800,(#3804,#3810),.PCURVE_S1.);
#3800 = LINE('',#3801,#3802);
#3801 = CARTESIAN_POINT('',(6.665E+03,73.346772431766,4.732442408997E+03
    ));
#3802 = VECTOR('',#3803,1.);
#3803 = DIRECTION('',(0.,-0.354349320007,-0.935113126531));
#3804 = PCURVE('',#3726,#3805);
#3805 = DEFINITIONAL_REPRESENTATION('',(#3806),#3809);
#3806 = B_SPLINE_CURVE_WITH_KNOTS('',1,(#3807,#3808),.UNSPECIFIED.,.F.,
  .F.,(2,2),(-18.20863503091,-4.314589668813),.PIECEWISE_BEZIER_KNOTS.);
#3807 = CARTESIAN_POINT('',(-14.,-0.549169879191));
#3808 = CARTESIAN_POINT('',(-10.51866899229,-14.));
#3809 = ( GEOMETRIC_REPRESENTATION_CONTEXT(2) 
PARAMETRIC_REPRESENTATION_CONTEXT() REPRESENTATION_CONTEXT('2D SPACE',''
  ) );
#3810 = PCURVE('',#3759,#3811);
#3811 = DEFINITIONAL_REPRESENTATION('',(#3812),#3815);
#3812 = B_SPLINE_CURVE_WITH_KNOTS('',1,(#3813,#3814),.UNSPECIFIED.,.F.,
  .F.,(2,2),(-18.20863503091,-4.314589668813),.PIECEWISE_BEZIER_KNOTS.);
#3813 = CARTESIAN_POINT('',(24.46954263067,-29.79898987322));
#3814 = CARTESIAN_POINT('',(11.477038431953,-24.87564434701));
#3815 = ( GEOMETRIC_REPRESENTATION_CONTEXT(2) 
PARAMETRIC_REPRESENTATION_CONTEXT() REPRESENTATION_CONTEXT('2D SPACE',''
  ) );
#3816 = ADVANCED_FACE('',(#3817,#3931),#3759,.F.);
#3817 = FACE_BOUND('',#3818,.F.);
#3818 = EDGE_LOOP('',(#3819,#3849,#3877,#3905));
#3819 = ORIENTED_EDGE('',*,*,#3820,.F.);
#3820 = EDGE_CURVE('',#3821,#3823,#3825,.T.);
#3821 = VERTEX_POINT('',#3822);
#3822 = CARTESIAN_POINT('',(6.665E+03,50.,4.725E+03));
#3823 = VERTEX_POINT('',#3824);
#3824 = CARTESIAN_POINT('',(6.665E+03,50.,4.775E+03));
#3825 = SURFACE_CURVE('',#3826,(#3830,#3837),.PCURVE_S1.);
#3826 = LINE('',#3827,#3828);
#3827 = CARTESIAN_POINT('',(6.665E+03,50.,4.725E+03));
#3828 = VECTOR('',#3829,1.);
#3829 = DIRECTION('',(0.,0.,1.));
#3830 = PCURVE('',#3759,#3831);
#3831 = DEFINITIONAL_REPRESENTATION('',(#3832),#3836);
#3832 = LINE('',#3833,#3834);
#3833 = CARTESIAN_POINT('',(0.,0.));
#3834 = VECTOR('',#3835,1.);
#3835 = DIRECTION('',(1.,0.));
#3836 = ( GEOMETRIC_REPRESENTATION_CONTEXT(2) 
PARAMETRIC_REPRESENTATION_CONTEXT() REPRESENTATION_CONTEXT('2D SPACE',''
  ) );
#3837 = PCURVE('',#3838,#3843);
#3838 = PLANE('',#3839);
#3839 = AXIS2_PLACEMENT_3D('',#3840,#3841,#3842);
#3840 = CARTESIAN_POINT('',(6.665E+03,50.,4.725E+03));
#3841 = DIRECTION('',(-0.,1.,0.));
#3842 = DIRECTION('',(0.,0.,1.));
#3843 = DEFINITIONAL_REPRESENTATION('',(#3844),#3848);
#3844 = LINE('',#3845,#3846);
#3845 = CARTESIAN_POINT('',(0.,0.));
#3846 = VECTOR('',#3847,1.);
#3847 = DIRECTION('',(1.,0.));
#3848 = ( GEOMETRIC_REPRESENTATION_CONTEXT(2) 
PARAMETRIC_REPRESENTATION_CONTEXT() REPRESENTATION_CONTEXT('2D SPACE',''
  ) );
#3849 = ORIENTED_EDGE('',*,*,#3850,.T.);
#3850 = EDGE_CURVE('',#3821,#3851,#3853,.T.);
#3851 = VERTEX_POINT('',#3852);
#3852 = CARTESIAN_POINT('',(6.665E+03,90.,4.725E+03));
#3853 = SURFACE_CURVE('',#3854,(#3858,#3865),.PCURVE_S1.);
#3854 = LINE('',#3855,#3856);
#3855 = CARTESIAN_POINT('',(6.665E+03,50.,4.725E+03));
#3856 = VECTOR('',#3857,1.);
#3857 = DIRECTION('',(-0.,1.,0.));
#3858 = PCURVE('',#3759,#3859);
#3859 = DEFINITIONAL_REPRESENTATION('',(#3860),#3864);
#3860 = LINE('',#3861,#3862);
#3861 = CARTESIAN_POINT('',(0.,0.));
#3862 = VECTOR('',#3863,1.);
#3863 = DIRECTION('',(0.,-1.));
#3864 = ( GEOMETRIC_REPRESENTATION_CONTEXT(2) 
PARAMETRIC_REPRESENTATION_CONTEXT() REPRESENTATION_CONTEXT('2D SPACE',''
  ) );
#3865 = PCURVE('',#3866,#3871);
#3866 = PLANE('',#3867);
#3867 = AXIS2_PLACEMENT_3D('',#3868,#3869,#3870);
#3868 = CARTESIAN_POINT('',(6.665E+03,50.,4.725E+03));
#3869 = DIRECTION('',(0.,0.,1.));
#3870 = DIRECTION('',(1.,0.,-0.));
#3871 = DEFINITIONAL_REPRESENTATION('',(#3872),#3876);
#3872 = LINE('',#3873,#3874);
#3873 = CARTESIAN_POINT('',(0.,0.));
#3874 = VECTOR('',#3875,1.);
#3875 = DIRECTION('',(0.,1.));
#3876 = ( GEOMETRIC_REPRESENTATION_CONTEXT(2) 
PARAMETRIC_REPRESENTATION_CONTEXT() REPRESENTATION_CONTEXT('2D SPACE',''
  ) );
#3877 = ORIENTED_EDGE('',*,*,#3878,.T.);
#3878 = EDGE_CURVE('',#3851,#3879,#3881,.T.);
#3879 = VERTEX_POINT('',#3880);
#3880 = CARTESIAN_POINT('',(6.665E+03,90.,4.775E+03));
#3881 = SURFACE_CURVE('',#3882,(#3886,#3893),.PCURVE_S1.);
#3882 = LINE('',#3883,#3884);
#3883 = CARTESIAN_POINT('',(6.665E+03,90.,4.725E+03));
#3884 = VECTOR('',#3885,1.);
#3885 = DIRECTION('',(0.,0.,1.));
#3886 = PCURVE('',#3759,#3887);
#3887 = DEFINITIONAL_REPRESENTATION('',(#3888),#3892);
#3888 = LINE('',#3889,#3890);
#3889 = CARTESIAN_POINT('',(0.,-40.));
#3890 = VECTOR('',#3891,1.);
#3891 = DIRECTION('',(1.,0.));
#3892 = ( GEOMETRIC_REPRESENTATION_CONTEXT(2) 
PARAMETRIC_REPRESENTATION_CONTEXT() REPRESENTATION_CONTEXT('2D SPACE',''
  ) );
#3893 = PCURVE('',#3894,#3899);
#3894 = PLANE('',#3895);
#3895 = AXIS2_PLACEMENT_3D('',#3896,#3897,#3898);
#3896 = CARTESIAN_POINT('',(6.665E+03,90.,4.725E+03));
#3897 = DIRECTION('',(-0.,1.,0.));
#3898 = DIRECTION('',(0.,0.,1.));
#3899 = DEFINITIONAL_REPRESENTATION('',(#3900),#3904);
#3900 = LINE('',#3901,#3902);
#3901 = CARTESIAN_POINT('',(0.,0.));
#3902 = VECTOR('',#3903,1.);
#3903 = DIRECTION('',(1.,0.));
#3904 = ( GEOMETRIC_REPRESENTATION_CONTEXT(2) 
PARAMETRIC_REPRESENTATION_CONTEXT() REPRESENTATION_CONTEXT('2D SPACE',''
  ) );
#3905 = ORIENTED_EDGE('',*,*,#3906,.F.);
#3906 = EDGE_CURVE('',#3823,#3879,#3907,.T.);
#3907 = SURFACE_CURVE('',#3908,(#3912,#3919),.PCURVE_S1.);
#3908 = LINE('',#3909,#3910);
#3909 = CARTESIAN_POINT('',(6.665E+03,50.,4.775E+03));
#3910 = VECTOR('',#3911,1.);
#3911 = DIRECTION('',(-0.,1.,0.));
#3912 = PCURVE('',#3759,#3913);
#3913 = DEFINITIONAL_REPRESENTATION('',(#3914),#3918);
#3914 = LINE('',#3915,#3916);
#3915 = CARTESIAN_POINT('',(50.,0.));
#3916 = VECTOR('',#3917,1.);
#3917 = DIRECTION('',(0.,-1.));
#3918 = ( GEOMETRIC_REPRESENTATION_CONTEXT(2) 
PARAMETRIC_REPRESENTATION_CONTEXT() REPRESENTATION_CONTEXT('2D SPACE',''
  ) );
#3919 = PCURVE('',#3920,#3925);
#3920 = PLANE('',#3921);
#3921 = AXIS2_PLACEMENT_3D('',#3922,#3923,#3924);
#3922 = CARTESIAN_POINT('',(6.665E+03,50.,4.775E+03));
#3923 = DIRECTION('',(0.,0.,1.));
#3924 = DIRECTION('',(1.,0.,-0.));
#3925 = DEFINITIONAL_REPRESENTATION('',(#3926),#3930);
#3926 = LINE('',#3927,#3928);
#3927 = CARTESIAN_POINT('',(0.,0.));
#3928 = VECTOR('',#3929,1.);
#3929 = DIRECTION('',(0.,1.));
#3930 = ( GEOMETRIC_REPRESENTATION_CONTEXT(2) 
PARAMETRIC_REPRESENTATION_CONTEXT() REPRESENTATION_CONTEXT('2D SPACE',''
  ) );
#3931 = FACE_BOUND('',#3932,.F.);
#3932 = EDGE_LOOP('',(#3933,#3934));
#3933 = ORIENTED_EDGE('',*,*,#3738,.F.);
#3934 = ORIENTED_EDGE('',*,*,#3798,.F.);
#3935 = ADVANCED_FACE('',(#3936),#3696,.T.);
#3936 = FACE_BOUND('',#3937,.T.);
#3937 = EDGE_LOOP('',(#3938));
#3938 = ORIENTED_EDGE('',*,*,#3681,.T.);
#3939 = ADVANCED_FACE('',(#3940),#3838,.F.);
#3940 = FACE_BOUND('',#3941,.F.);
#3941 = EDGE_LOOP('',(#3942,#3965,#3966,#3989));
#3942 = ORIENTED_EDGE('',*,*,#3943,.F.);
#3943 = EDGE_CURVE('',#3821,#3944,#3946,.T.);
#3944 = VERTEX_POINT('',#3945);
#3945 = CARTESIAN_POINT('',(6.695E+03,50.,4.725E+03));
#3946 = SURFACE_CURVE('',#3947,(#3951,#3958),.PCURVE_S1.);
#3947 = LINE('',#3948,#3949);
#3948 = CARTESIAN_POINT('',(6.665E+03,50.,4.725E+03));
#3949 = VECTOR('',#3950,1.);
#3950 = DIRECTION('',(1.,0.,-0.));
#3951 = PCURVE('',#3838,#3952);
#3952 = DEFINITIONAL_REPRESENTATION('',(#3953),#3957);
#3953 = LINE('',#3954,#3955);
#3954 = CARTESIAN_POINT('',(0.,0.));
#3955 = VECTOR('',#3956,1.);
#3956 = DIRECTION('',(0.,1.));
#3957 = ( GEOMETRIC_REPRESENTATION_CONTEXT(2) 
PARAMETRIC_REPRESENTATION_CONTEXT() REPRESENTATION_CONTEXT('2D SPACE',''
  ) );
#3958 = PCURVE('',#3866,#3959);
#3959 = DEFINITIONAL_REPRESENTATION('',(#3960),#3964);
#3960 = LINE('',#3961,#3962);
#3961 = CARTESIAN_POINT('',(0.,0.));
#3962 = VECTOR('',#3963,1.);
#3963 = DIRECTION('',(1.,0.));
#3964 = ( GEOMETRIC_REPRESENTATION_CONTEXT(2) 
PARAMETRIC_REPRESENTATION_CONTEXT() REPRESENTATION_CONTEXT('2D SPACE',''
  ) );
#3965 = ORIENTED_EDGE('',*,*,#3820,.T.);
#3966 = ORIENTED_EDGE('',*,*,#3967,.T.);
#3967 = EDGE_CURVE('',#3823,#3968,#3970,.T.);
#3968 = VERTEX_POINT('',#3969);
#3969 = CARTESIAN_POINT('',(6.695E+03,50.,4.775E+03));
#3970 = SURFACE_CURVE('',#3971,(#3975,#3982),.PCURVE_S1.);
#3971 = LINE('',#3972,#3973);
#3972 = CARTESIAN_POINT('',(6.665E+03,50.,4.775E+03));
#3973 = VECTOR('',#3974,1.);
#3974 = DIRECTION('',(1.,0.,-0.));
#3975 = PCURVE('',#3838,#3976);
#3976 = DEFINITIONAL_REPRESENTATION('',(#3977),#3981);
#3977 = LINE('',#3978,#3979);
#3978 = CARTESIAN_POINT('',(50.,0.));
#3979 = VECTOR('',#3980,1.);
#3980 = DIRECTION('',(0.,1.));
#3981 = ( GEOMETRIC_REPRESENTATION_CONTEXT(2) 
PARAMETRIC_REPRESENTATION_CONTEXT() REPRESENTATION_CONTEXT('2D SPACE',''
  ) );
#3982 = PCURVE('',#3920,#3983);
#3983 = DEFINITIONAL_REPRESENTATION('',(#3984),#3988);
#3984 = LINE('',#3985,#3986);
#3985 = CARTESIAN_POINT('',(0.,0.));
#3986 = VECTOR('',#3987,1.);
#3987 = DIRECTION('',(1.,0.));
#3988 = ( GEOMETRIC_REPRESENTATION_CONTEXT(2) 
PARAMETRIC_REPRESENTATION_CONTEXT() REPRESENTATION_CONTEXT('2D SPACE',''
  ) );
#3989 = ORIENTED_EDGE('',*,*,#3990,.F.);
#3990 = EDGE_CURVE('',#3944,#3968,#3991,.T.);
#3991 = SURFACE_CURVE('',#3992,(#3996,#4003),.PCURVE_S1.);
#3992 = LINE('',#3993,#3994);
#3993 = CARTESIAN_POINT('',(6.695E+03,50.,4.725E+03));
#3994 = VECTOR('',#3995,1.);
#3995 = DIRECTION('',(0.,0.,1.));
#3996 = PCURVE('',#3838,#3997);
#3997 = DEFINITIONAL_REPRESENTATION('',(#3998),#4002);
#3998 = LINE('',#3999,#4000);
#3999 = CARTESIAN_POINT('',(0.,30.));
#4000 = VECTOR('',#4001,1.);
#4001 = DIRECTION('',(1.,0.));
#4002 = ( GEOMETRIC_REPRESENTATION_CONTEXT(2) 
PARAMETRIC_REPRESENTATION_CONTEXT() REPRESENTATION_CONTEXT('2D SPACE',''
  ) );
#4003 = PCURVE('',#4004,#4009);
#4004 = PLANE('',#4005);
#4005 = AXIS2_PLACEMENT_3D('',#4006,#4007,#4008);
#4006 = CARTESIAN_POINT('',(6.695E+03,50.,4.725E+03));
#4007 = DIRECTION('',(1.,0.,-0.));
#4008 = DIRECTION('',(0.,0.,1.));
#4009 = DEFINITIONAL_REPRESENTATION('',(#4010),#4014);
#4010 = LINE('',#4011,#4012);
#4011 = CARTESIAN_POINT('',(0.,0.));
#4012 = VECTOR('',#4013,1.);
#4013 = DIRECTION('',(1.,0.));
#4014 = ( GEOMETRIC_REPRESENTATION_CONTEXT(2) 
PARAMETRIC_REPRESENTATION_CONTEXT() REPRESENTATION_CONTEXT('2D SPACE',''
  ) );
#4015 = ADVANCED_FACE('',(#4016),#3920,.T.);
#4016 = FACE_BOUND('',#4017,.T.);
#4017 = EDGE_LOOP('',(#4018,#4019,#4020,#4043));
#4018 = ORIENTED_EDGE('',*,*,#3906,.F.);
#4019 = ORIENTED_EDGE('',*,*,#3967,.T.);
#4020 = ORIENTED_EDGE('',*,*,#4021,.T.);
#4021 = EDGE_CURVE('',#3968,#4022,#4024,.T.);
#4022 = VERTEX_POINT('',#4023);
#4023 = CARTESIAN_POINT('',(6.695E+03,90.,4.775E+03));
#4024 = SURFACE_CURVE('',#4025,(#4029,#4036),.PCURVE_S1.);
#4025 = LINE('',#4026,#4027);
#4026 = CARTESIAN_POINT('',(6.695E+03,50.,4.775E+03));
#4027 = VECTOR('',#4028,1.);
#4028 = DIRECTION('',(-0.,1.,0.));
#4029 = PCURVE('',#3920,#4030);
#4030 = DEFINITIONAL_REPRESENTATION('',(#4031),#4035);
#4031 = LINE('',#4032,#4033);
#4032 = CARTESIAN_POINT('',(30.,0.));
#4033 = VECTOR('',#4034,1.);
#4034 = DIRECTION('',(0.,1.));
#4035 = ( GEOMETRIC_REPRESENTATION_CONTEXT(2) 
PARAMETRIC_REPRESENTATION_CONTEXT() REPRESENTATION_CONTEXT('2D SPACE',''
  ) );
#4036 = PCURVE('',#4004,#4037);
#4037 = DEFINITIONAL_REPRESENTATION('',(#4038),#4042);
#4038 = LINE('',#4039,#4040);
#4039 = CARTESIAN_POINT('',(50.,0.));
#4040 = VECTOR('',#4041,1.);
#4041 = DIRECTION('',(0.,-1.));
#4042 = ( GEOMETRIC_REPRESENTATION_CONTEXT(2) 
PARAMETRIC_REPRESENTATION_CONTEXT() REPRESENTATION_CONTEXT('2D SPACE',''
  ) );
#4043 = ORIENTED_EDGE('',*,*,#4044,.F.);
#4044 = EDGE_CURVE('',#3879,#4022,#4045,.T.);
#4045 = SURFACE_CURVE('',#4046,(#4050,#4057),.PCURVE_S1.);
#4046 = LINE('',#4047,#4048);
#4047 = CARTESIAN_POINT('',(6.665E+03,90.,4.775E+03));
#4048 = VECTOR('',#4049,1.);
#4049 = DIRECTION('',(1.,0.,-0.));
#4050 = PCURVE('',#3920,#4051);
#4051 = DEFINITIONAL_REPRESENTATION('',(#4052),#4056);
#4052 = LINE('',#4053,#4054);
#4053 = CARTESIAN_POINT('',(0.,40.));
#4054 = VECTOR('',#4055,1.);
#4055 = DIRECTION('',(1.,0.));
#4056 = ( GEOMETRIC_REPRESENTATION_CONTEXT(2) 
PARAMETRIC_REPRESENTATION_CONTEXT() REPRESENTATION_CONTEXT('2D SPACE',''
  ) );
#4057 = PCURVE('',#3894,#4058);
#4058 = DEFINITIONAL_REPRESENTATION('',(#4059),#4063);
#4059 = LINE('',#4060,#4061);
#4060 = CARTESIAN_POINT('',(50.,0.));
#4061 = VECTOR('',#4062,1.);
#4062 = DIRECTION('',(0.,1.));
#4063 = ( GEOMETRIC_REPRESENTATION_CONTEXT(2) 
PARAMETRIC_REPRESENTATION_CONTEXT() REPRESENTATION_CONTEXT('2D SPACE',''
  ) );
#4064 = ADVANCED_FACE('',(#4065),#3866,.F.);
#4065 = FACE_BOUND('',#4066,.F.);
#4066 = EDGE_LOOP('',(#4067,#4068,#4069,#4092));
#4067 = ORIENTED_EDGE('',*,*,#3850,.F.);
#4068 = ORIENTED_EDGE('',*,*,#3943,.T.);
#4069 = ORIENTED_EDGE('',*,*,#4070,.T.);
#4070 = EDGE_CURVE('',#3944,#4071,#4073,.T.);
#4071 = VERTEX_POINT('',#4072);
#4072 = CARTESIAN_POINT('',(6.695E+03,90.,4.725E+03));
#4073 = SURFACE_CURVE('',#4074,(#4078,#4085),.PCURVE_S1.);
#4074 = LINE('',#4075,#4076);
#4075 = CARTESIAN_POINT('',(6.695E+03,50.,4.725E+03));
#4076 = VECTOR('',#4077,1.);
#4077 = DIRECTION('',(-0.,1.,0.));
#4078 = PCURVE('',#3866,#4079);
#4079 = DEFINITIONAL_REPRESENTATION('',(#4080),#4084);
#4080 = LINE('',#4081,#4082);
#4081 = CARTESIAN_POINT('',(30.,0.));
#4082 = VECTOR('',#4083,1.);
#4083 = DIRECTION('',(0.,1.));
#4084 = ( GEOMETRIC_REPRESENTATION_CONTEXT(2) 
PARAMETRIC_REPRESENTATION_CONTEXT() REPRESENTATION_CONTEXT('2D SPACE',''
  ) );
#4085 = PCURVE('',#4004,#4086);
#4086 = DEFINITIONAL_REPRESENTATION('',(#4087),#4091);
#4087 = LINE('',#4088,#4089);
#4088 = CARTESIAN_POINT('',(0.,0.));
#4089 = VECTOR('',#4090,1.);
#4090 = DIRECTION('',(0.,-1.));
#4091 = ( GEOMETRIC_REPRESENTATION_CONTEXT(2) 
PARAMETRIC_REPRESENTATION_CONTEXT() REPRESENTATION_CONTEXT('2D SPACE',''
  ) );
#4092 = ORIENTED_EDGE('',*,*,#4093,.F.);
#4093 = EDGE_CURVE('',#3851,#4071,#4094,.T.);
#4094 = SURFACE_CURVE('',#4095,(#4099,#4106),.PCURVE_S1.);
#4095 = LINE('',#4096,#4097);
#4096 = CARTESIAN_POINT('',(6.665E+03,90.,4.725E+03));
#4097 = VECTOR('',#4098,1.);
#4098 = DIRECTION('',(1.,0.,-0.));
#4099 = PCURVE('',#3866,#4100);
#4100 = DEFINITIONAL_REPRESENTATION('',(#4101),#4105);
#4101 = LINE('',#4102,#4103);
#4102 = CARTESIAN_POINT('',(0.,40.));
#4103 = VECTOR('',#4104,1.);
#4104 = DIRECTION('',(1.,0.));
#4105 = ( GEOMETRIC_REPRESENTATION_CONTEXT(2) 
PARAMETRIC_REPRESENTATION_CONTEXT() REPRESENTATION_CONTEXT('2D SPACE',''
  ) );
#4106 = PCURVE('',#3894,#4107);
#4107 = DEFINITIONAL_REPRESENTATION('',(#4108),#4112);
#4108 = LINE('',#4109,#4110);
#4109 = CARTESIAN_POINT('',(0.,0.));
#4110 = VECTOR('',#4111,1.);
#4111 = DIRECTION('',(0.,1.));
#4112 = ( GEOMETRIC_REPRESENTATION_CONTEXT(2) 
PARAMETRIC_REPRESENTATION_CONTEXT() REPRESENTATION_CONTEXT('2D SPACE',''
  ) );
#4113 = ADVANCED_FACE('',(#4114),#3894,.T.);
#4114 = FACE_BOUND('',#4115,.T.);
#4115 = EDGE_LOOP('',(#4116,#4117,#4118,#4119));
#4116 = ORIENTED_EDGE('',*,*,#4093,.F.);
#4117 = ORIENTED_EDGE('',*,*,#3878,.T.);
#4118 = ORIENTED_EDGE('',*,*,#4044,.T.);
#4119 = ORIENTED_EDGE('',*,*,#4120,.F.);
#4120 = EDGE_CURVE('',#4071,#4022,#4121,.T.);
#4121 = SURFACE_CURVE('',#4122,(#4126,#4133),.PCURVE_S1.);
#4122 = LINE('',#4123,#4124);
#4123 = CARTESIAN_POINT('',(6.695E+03,90.,4.725E+03));
#4124 = VECTOR('',#4125,1.);
#4125 = DIRECTION('',(0.,0.,1.));
#4126 = PCURVE('',#3894,#4127);
#4127 = DEFINITIONAL_REPRESENTATION('',(#4128),#4132);
#4128 = LINE('',#4129,#4130);
#4129 = CARTESIAN_POINT('',(0.,30.));
#4130 = VECTOR('',#4131,1.);
#4131 = DIRECTION('',(1.,0.));
#4132 = ( GEOMETRIC_REPRESENTATION_CONTEXT(2) 
PARAMETRIC_REPRESENTATION_CONTEXT() REPRESENTATION_CONTEXT('2D SPACE',''
  ) );
#4133 = PCURVE('',#4004,#4134);
#4134 = DEFINITIONAL_REPRESENTATION('',(#4135),#4139);
#4135 = LINE('',#4136,#4137);
#4136 = CARTESIAN_POINT('',(0.,-40.));
#4137 = VECTOR('',#4138,1.);
#4138 = DIRECTION('',(1.,0.));
#4139 = ( GEOMETRIC_REPRESENTATION_CONTEXT(2) 
PARAMETRIC_REPRESENTATION_CONTEXT() REPRESENTATION_CONTEXT('2D SPACE',''
  ) );
#4140 = ADVANCED_FACE('',(#4141),#4004,.T.);
#4141 = FACE_BOUND('',#4142,.T.);
#4142 = EDGE_LOOP('',(#4143,#4144,#4145,#4146));
#4143 = ORIENTED_EDGE('',*,*,#3990,.F.);
#4144 = ORIENTED_EDGE('',*,*,#4070,.T.);
#4145 = ORIENTED_EDGE('',*,*,#4120,.T.);
#4146 = ORIENTED_EDGE('',*,*,#4021,.F.);
#4147 = MANIFOLD_SOLID_BREP('',#4148);
#4148 = CLOSED_SHELL('',(#4149,#4294,#4318,#4437,#4441,#4517,#4566,#4615
    ,#4642));
#4149 = ADVANCED_FACE('',(#4150),#4164,.T.);
#4150 = FACE_BOUND('',#4151,.T.);
#4151 = EDGE_LOOP('',(#4152,#4182,#4209,#4210,#4239,#4272));
#4152 = ORIENTED_EDGE('',*,*,#4153,.T.);
#4153 = EDGE_CURVE('',#4154,#4156,#4158,.T.);
#4154 = VERTEX_POINT('',#4155);
#4155 = CARTESIAN_POINT('',(6.664899494937E+03,-79.89949493661,4.75E+03)
  );
#4156 = VERTEX_POINT('',#4157);
#4157 = CARTESIAN_POINT('',(6.617088605804E+03,-127.710384069,
    4.731882666843E+03));
#4158 = SEAM_CURVE('',#4159,(#4163,#4175),.PCURVE_S1.);
#4159 = LINE('',#4160,#4161);
#4160 = CARTESIAN_POINT('',(6.664899494937E+03,-79.89949493661,4.75E+03)
  );
#4161 = VECTOR('',#4162,1.);
#4162 = DIRECTION('',(-0.683012701892,-0.683012701892,-0.258819045103));
#4163 = PCURVE('',#4164,#4169);
#4164 = CYLINDRICAL_SURFACE('',#4165,14.);
#4165 = AXIS2_PLACEMENT_3D('',#4166,#4167,#4168);
#4166 = CARTESIAN_POINT('',(6.655E+03,-70.,4.75E+03));
#4167 = DIRECTION('',(-0.683012701892,-0.683012701892,-0.258819045103));
#4168 = DIRECTION('',(0.707106781187,-0.707106781187,0.));
#4169 = DEFINITIONAL_REPRESENTATION('',(#4170),#4174);
#4170 = LINE('',#4171,#4172);
#4171 = CARTESIAN_POINT('',(6.28318530718,-0.));
#4172 = VECTOR('',#4173,1.);
#4173 = DIRECTION('',(0.,1.));
#4174 = ( GEOMETRIC_REPRESENTATION_CONTEXT(2) 
PARAMETRIC_REPRESENTATION_CONTEXT() REPRESENTATION_CONTEXT('2D SPACE',''
  ) );
#4175 = PCURVE('',#4164,#4176);
#4176 = DEFINITIONAL_REPRESENTATION('',(#4177),#4181);
#4177 = LINE('',#4178,#4179);
#4178 = CARTESIAN_POINT('',(0.,-0.));
#4179 = VECTOR('',#4180,1.);
#4180 = DIRECTION('',(0.,1.));
#4181 = ( GEOMETRIC_REPRESENTATION_CONTEXT(2) 
PARAMETRIC_REPRESENTATION_CONTEXT() REPRESENTATION_CONTEXT('2D SPACE',''
  ) );
#4182 = ORIENTED_EDGE('',*,*,#4183,.F.);
#4183 = EDGE_CURVE('',#4156,#4156,#4184,.T.);
#4184 = SURFACE_CURVE('',#4185,(#4190,#4197),.PCURVE_S1.);
#4185 = CIRCLE('',#4186,14.);
#4186 = AXIS2_PLACEMENT_3D('',#4187,#4188,#4189);
#4187 = CARTESIAN_POINT('',(6.607189110868E+03,-117.8108891324,
    4.731882666843E+03));
#4188 = DIRECTION('',(-0.683012701892,-0.683012701892,-0.258819045103));
#4189 = DIRECTION('',(0.707106781187,-0.707106781187,2.775557561563E-17)
  );
#4190 = PCURVE('',#4164,#4191);
#4191 = DEFINITIONAL_REPRESENTATION('',(#4192),#4196);
#4192 = LINE('',#4193,#4194);
#4193 = CARTESIAN_POINT('',(0.,70.));
#4194 = VECTOR('',#4195,1.);
#4195 = DIRECTION('',(1.,0.));
#4196 = ( GEOMETRIC_REPRESENTATION_CONTEXT(2) 
PARAMETRIC_REPRESENTATION_CONTEXT() REPRESENTATION_CONTEXT('2D SPACE',''
  ) );
#4197 = PCURVE('',#4198,#4203);
#4198 = PLANE('',#4199);
#4199 = AXIS2_PLACEMENT_3D('',#4200,#4201,#4202);
#4200 = CARTESIAN_POINT('',(6.607189110868E+03,-117.8108891324,
    4.731882666843E+03));
#4201 = DIRECTION('',(-0.683012701892,-0.683012701892,-0.258819045103));
#4202 = DIRECTION('',(0.707106781187,-0.707106781187,0.));
#4203 = DEFINITIONAL_REPRESENTATION('',(#4204),#4208);
#4204 = CIRCLE('',#4205,14.);
#4205 = AXIS2_PLACEMENT_2D('',#4206,#4207);
#4206 = CARTESIAN_POINT('',(0.,0.));
#4207 = DIRECTION('',(1.,0.));
#4208 = ( GEOMETRIC_REPRESENTATION_CONTEXT(2) 
PARAMETRIC_REPRESENTATION_CONTEXT() REPRESENTATION_CONTEXT('2D SPACE',''
  ) );
#4209 = ORIENTED_EDGE('',*,*,#4153,.F.);
#4210 = ORIENTED_EDGE('',*,*,#4211,.T.);
#4211 = EDGE_CURVE('',#4154,#4212,#4214,.T.);
#4212 = VERTEX_POINT('',#4213);
#4213 = CARTESIAN_POINT('',(6.665E+03,-77.70785027878,4.743951112162E+03
    ));
#4214 = SURFACE_CURVE('',#4215,(#4220,#4227),.PCURVE_S1.);
#4215 = CIRCLE('',#4216,14.);
#4216 = AXIS2_PLACEMENT_3D('',#4217,#4218,#4219);
#4217 = CARTESIAN_POINT('',(6.655E+03,-70.,4.75E+03));
#4218 = DIRECTION('',(-0.683012701892,-0.683012701892,-0.258819045103));
#4219 = DIRECTION('',(0.707106781187,-0.707106781187,2.775557561563E-17)
  );
#4220 = PCURVE('',#4164,#4221);
#4221 = DEFINITIONAL_REPRESENTATION('',(#4222),#4226);
#4222 = LINE('',#4223,#4224);
#4223 = CARTESIAN_POINT('',(0.,0.));
#4224 = VECTOR('',#4225,1.);
#4225 = DIRECTION('',(1.,0.));
#4226 = ( GEOMETRIC_REPRESENTATION_CONTEXT(2) 
PARAMETRIC_REPRESENTATION_CONTEXT() REPRESENTATION_CONTEXT('2D SPACE',''
  ) );
#4227 = PCURVE('',#4228,#4233);
#4228 = PLANE('',#4229);
#4229 = AXIS2_PLACEMENT_3D('',#4230,#4231,#4232);
#4230 = CARTESIAN_POINT('',(6.655E+03,-70.,4.75E+03));
#4231 = DIRECTION('',(-0.683012701892,-0.683012701892,-0.258819045103));
#4232 = DIRECTION('',(0.707106781187,-0.707106781187,0.));
#4233 = DEFINITIONAL_REPRESENTATION('',(#4234),#4238);
#4234 = CIRCLE('',#4235,14.);
#4235 = AXIS2_PLACEMENT_2D('',#4236,#4237);
#4236 = CARTESIAN_POINT('',(0.,0.));
#4237 = DIRECTION('',(1.,0.));
#4238 = ( GEOMETRIC_REPRESENTATION_CONTEXT(2) 
PARAMETRIC_REPRESENTATION_CONTEXT() REPRESENTATION_CONTEXT('2D SPACE',''
  ) );
#4239 = ORIENTED_EDGE('',*,*,#4240,.F.);
#4240 = EDGE_CURVE('',#4241,#4212,#4243,.T.);
#4241 = VERTEX_POINT('',#4242);
#4242 = CARTESIAN_POINT('',(6.665E+03,-79.78088090943,4.749421753828E+03
    ));
#4243 = SURFACE_CURVE('',#4244,(#4249,#4260),.PCURVE_S1.);
#4244 = ELLIPSE('',#4245,20.497422611929,14.);
#4245 = AXIS2_PLACEMENT_3D('',#4246,#4247,#4248);
#4246 = CARTESIAN_POINT('',(6.665E+03,-60.,4.75378937382E+03));
#4247 = DIRECTION('',(1.,0.,0.));
#4248 = DIRECTION('',(0.,-0.935113126531,-0.354349320007));
#4249 = PCURVE('',#4164,#4250);
#4250 = DEFINITIONAL_REPRESENTATION('',(#4251),#4259);
#4251 = B_SPLINE_CURVE_WITH_KNOTS('',6,(#4252,#4253,#4254,#4255,#4256,
    #4257,#4258),.UNSPECIFIED.,.F.,.F.,(7,7),(6.072696914056,
    6.493673700303),.PIECEWISE_BEZIER_KNOTS.);
#4252 = CARTESIAN_POINT('',(6.240412136844,-6.000000212225E-07));
#4253 = CARTESIAN_POINT('',(6.170249339137,0.219475510086));
#4254 = CARTESIAN_POINT('',(6.100086541428,0.352461550329));
#4255 = CARTESIAN_POINT('',(6.029923743721,0.397012734857));
#4256 = CARTESIAN_POINT('',(5.959760946013,0.352461550329));
#4257 = CARTESIAN_POINT('',(5.889598148305,0.219475510086));
#4258 = CARTESIAN_POINT('',(5.819435350597,-6.000000212225E-07));
#4259 = ( GEOMETRIC_REPRESENTATION_CONTEXT(2) 
PARAMETRIC_REPRESENTATION_CONTEXT() REPRESENTATION_CONTEXT('2D SPACE',''
  ) );
#4260 = PCURVE('',#4261,#4266);
#4261 = PLANE('',#4262);
#4262 = AXIS2_PLACEMENT_3D('',#4263,#4264,#4265);
#4263 = CARTESIAN_POINT('',(6.665E+03,-90.,4.725E+03));
#4264 = DIRECTION('',(1.,0.,-0.));
#4265 = DIRECTION('',(0.,0.,1.));
#4266 = DEFINITIONAL_REPRESENTATION('',(#4267),#4271);
#4267 = ELLIPSE('',#4268,20.497422611929,14.);
#4268 = AXIS2_PLACEMENT_2D('',#4269,#4270);
#4269 = CARTESIAN_POINT('',(28.78937381963,-30.));
#4270 = DIRECTION('',(-0.354349320007,0.935113126531));
#4271 = ( GEOMETRIC_REPRESENTATION_CONTEXT(2) 
PARAMETRIC_REPRESENTATION_CONTEXT() REPRESENTATION_CONTEXT('2D SPACE',''
  ) );
#4272 = ORIENTED_EDGE('',*,*,#4273,.T.);
#4273 = EDGE_CURVE('',#4241,#4154,#4274,.T.);
#4274 = SURFACE_CURVE('',#4275,(#4280,#4287),.PCURVE_S1.);
#4275 = CIRCLE('',#4276,14.);
#4276 = AXIS2_PLACEMENT_3D('',#4277,#4278,#4279);
#4277 = CARTESIAN_POINT('',(6.655E+03,-70.,4.75E+03));
#4278 = DIRECTION('',(-0.683012701892,-0.683012701892,-0.258819045103));
#4279 = DIRECTION('',(0.707106781187,-0.707106781187,2.775557561563E-17)
  );
#4280 = PCURVE('',#4164,#4281);
#4281 = DEFINITIONAL_REPRESENTATION('',(#4282),#4286);
#4282 = LINE('',#4283,#4284);
#4283 = CARTESIAN_POINT('',(0.,0.));
#4284 = VECTOR('',#4285,1.);
#4285 = DIRECTION('',(1.,0.));
#4286 = ( GEOMETRIC_REPRESENTATION_CONTEXT(2) 
PARAMETRIC_REPRESENTATION_CONTEXT() REPRESENTATION_CONTEXT('2D SPACE',''
  ) );
#4287 = PCURVE('',#4228,#4288);
#4288 = DEFINITIONAL_REPRESENTATION('',(#4289),#4293);
#4289 = CIRCLE('',#4290,14.);
#4290 = AXIS2_PLACEMENT_2D('',#4291,#4292);
#4291 = CARTESIAN_POINT('',(0.,0.));
#4292 = DIRECTION('',(1.,0.));
#4293 = ( GEOMETRIC_REPRESENTATION_CONTEXT(2) 
PARAMETRIC_REPRESENTATION_CONTEXT() REPRESENTATION_CONTEXT('2D SPACE',''
  ) );
#4294 = ADVANCED_FACE('',(#4295),#4228,.F.);
#4295 = FACE_BOUND('',#4296,.F.);
#4296 = EDGE_LOOP('',(#4297,#4298,#4299));
#4297 = ORIENTED_EDGE('',*,*,#4273,.T.);
#4298 = ORIENTED_EDGE('',*,*,#4211,.T.);
#4299 = ORIENTED_EDGE('',*,*,#4300,.T.);
#4300 = EDGE_CURVE('',#4212,#4241,#4301,.T.);
#4301 = SURFACE_CURVE('',#4302,(#4306,#4312),.PCURVE_S1.);
#4302 = LINE('',#4303,#4304);
#4303 = CARTESIAN_POINT('',(6.665E+03,-75.85804124355,4.739069543007E+03
    ));
#4304 = VECTOR('',#4305,1.);
#4305 = DIRECTION('',(0.,-0.354349320007,0.935113126531));
#4306 = PCURVE('',#4228,#4307);
#4307 = DEFINITIONAL_REPRESENTATION('',(#4308),#4311);
#4308 = B_SPLINE_CURVE_WITH_KNOTS('',1,(#4309,#4310),.UNSPECIFIED.,.F.,
  .F.,(2,2),(-2.772396731325,11.121648630774),.PIECEWISE_BEZIER_KNOTS.);
#4309 = CARTESIAN_POINT('',(10.518668992296,-14.));
#4310 = CARTESIAN_POINT('',(14.,-0.549169879191));
#4311 = ( GEOMETRIC_REPRESENTATION_CONTEXT(2) 
PARAMETRIC_REPRESENTATION_CONTEXT() REPRESENTATION_CONTEXT('2D SPACE',''
  ) );
#4312 = PCURVE('',#4261,#4313);
#4313 = DEFINITIONAL_REPRESENTATION('',(#4314),#4317);
#4314 = B_SPLINE_CURVE_WITH_KNOTS('',1,(#4315,#4316),.UNSPECIFIED.,.F.,
  .F.,(2,2),(-2.772396731325,11.121648630774),.PIECEWISE_BEZIER_KNOTS.);
#4315 = CARTESIAN_POINT('',(11.477038431953,-15.12435565298));
#4316 = CARTESIAN_POINT('',(24.469542630669,-10.20101012677));
#4317 = ( GEOMETRIC_REPRESENTATION_CONTEXT(2) 
PARAMETRIC_REPRESENTATION_CONTEXT() REPRESENTATION_CONTEXT('2D SPACE',''
  ) );
#4318 = ADVANCED_FACE('',(#4319,#4433),#4261,.F.);
#4319 = FACE_BOUND('',#4320,.F.);
#4320 = EDGE_LOOP('',(#4321,#4351,#4379,#4407));
#4321 = ORIENTED_EDGE('',*,*,#4322,.F.);
#4322 = EDGE_CURVE('',#4323,#4325,#4327,.T.);
#4323 = VERTEX_POINT('',#4324);
#4324 = CARTESIAN_POINT('',(6.665E+03,-90.,4.725E+03));
#4325 = VERTEX_POINT('',#4326);
#4326 = CARTESIAN_POINT('',(6.665E+03,-90.,4.775E+03));
#4327 = SURFACE_CURVE('',#4328,(#4332,#4339),.PCURVE_S1.);
#4328 = LINE('',#4329,#4330);
#4329 = CARTESIAN_POINT('',(6.665E+03,-90.,4.725E+03));
#4330 = VECTOR('',#4331,1.);
#4331 = DIRECTION('',(0.,0.,1.));
#4332 = PCURVE('',#4261,#4333);
#4333 = DEFINITIONAL_REPRESENTATION('',(#4334),#4338);
#4334 = LINE('',#4335,#4336);
#4335 = CARTESIAN_POINT('',(0.,0.));
#4336 = VECTOR('',#4337,1.);
#4337 = DIRECTION('',(1.,0.));
#4338 = ( GEOMETRIC_REPRESENTATION_CONTEXT(2) 
PARAMETRIC_REPRESENTATION_CONTEXT() REPRESENTATION_CONTEXT('2D SPACE',''
  ) );
#4339 = PCURVE('',#4340,#4345);
#4340 = PLANE('',#4341);
#4341 = AXIS2_PLACEMENT_3D('',#4342,#4343,#4344);
#4342 = CARTESIAN_POINT('',(6.665E+03,-90.,4.725E+03));
#4343 = DIRECTION('',(-0.,1.,0.));
#4344 = DIRECTION('',(0.,0.,1.));
#4345 = DEFINITIONAL_REPRESENTATION('',(#4346),#4350);
#4346 = LINE('',#4347,#4348);
#4347 = CARTESIAN_POINT('',(0.,0.));
#4348 = VECTOR('',#4349,1.);
#4349 = DIRECTION('',(1.,0.));
#4350 = ( GEOMETRIC_REPRESENTATION_CONTEXT(2) 
PARAMETRIC_REPRESENTATION_CONTEXT() REPRESENTATION_CONTEXT('2D SPACE',''
  ) );
#4351 = ORIENTED_EDGE('',*,*,#4352,.T.);
#4352 = EDGE_CURVE('',#4323,#4353,#4355,.T.);
#4353 = VERTEX_POINT('',#4354);
#4354 = CARTESIAN_POINT('',(6.665E+03,-50.,4.725E+03));
#4355 = SURFACE_CURVE('',#4356,(#4360,#4367),.PCURVE_S1.);
#4356 = LINE('',#4357,#4358);
#4357 = CARTESIAN_POINT('',(6.665E+03,-90.,4.725E+03));
#4358 = VECTOR('',#4359,1.);
#4359 = DIRECTION('',(-0.,1.,0.));
#4360 = PCURVE('',#4261,#4361);
#4361 = DEFINITIONAL_REPRESENTATION('',(#4362),#4366);
#4362 = LINE('',#4363,#4364);
#4363 = CARTESIAN_POINT('',(0.,0.));
#4364 = VECTOR('',#4365,1.);
#4365 = DIRECTION('',(0.,-1.));
#4366 = ( GEOMETRIC_REPRESENTATION_CONTEXT(2) 
PARAMETRIC_REPRESENTATION_CONTEXT() REPRESENTATION_CONTEXT('2D SPACE',''
  ) );
#4367 = PCURVE('',#4368,#4373);
#4368 = PLANE('',#4369);
#4369 = AXIS2_PLACEMENT_3D('',#4370,#4371,#4372);
#4370 = CARTESIAN_POINT('',(6.665E+03,-90.,4.725E+03));
#4371 = DIRECTION('',(0.,0.,1.));
#4372 = DIRECTION('',(1.,0.,-0.));
#4373 = DEFINITIONAL_REPRESENTATION('',(#4374),#4378);
#4374 = LINE('',#4375,#4376);
#4375 = CARTESIAN_POINT('',(0.,0.));
#4376 = VECTOR('',#4377,1.);
#4377 = DIRECTION('',(0.,1.));
#4378 = ( GEOMETRIC_REPRESENTATION_CONTEXT(2) 
PARAMETRIC_REPRESENTATION_CONTEXT() REPRESENTATION_CONTEXT('2D SPACE',''
  ) );
#4379 = ORIENTED_EDGE('',*,*,#4380,.T.);
#4380 = EDGE_CURVE('',#4353,#4381,#4383,.T.);
#4381 = VERTEX_POINT('',#4382);
#4382 = CARTESIAN_POINT('',(6.665E+03,-50.,4.775E+03));
#4383 = SURFACE_CURVE('',#4384,(#4388,#4395),.PCURVE_S1.);
#4384 = LINE('',#4385,#4386);
#4385 = CARTESIAN_POINT('',(6.665E+03,-50.,4.725E+03));
#4386 = VECTOR('',#4387,1.);
#4387 = DIRECTION('',(0.,0.,1.));
#4388 = PCURVE('',#4261,#4389);
#4389 = DEFINITIONAL_REPRESENTATION('',(#4390),#4394);
#4390 = LINE('',#4391,#4392);
#4391 = CARTESIAN_POINT('',(0.,-40.));
#4392 = VECTOR('',#4393,1.);
#4393 = DIRECTION('',(1.,0.));
#4394 = ( GEOMETRIC_REPRESENTATION_CONTEXT(2) 
PARAMETRIC_REPRESENTATION_CONTEXT() REPRESENTATION_CONTEXT('2D SPACE',''
  ) );
#4395 = PCURVE('',#4396,#4401);
#4396 = PLANE('',#4397);
#4397 = AXIS2_PLACEMENT_3D('',#4398,#4399,#4400);
#4398 = CARTESIAN_POINT('',(6.665E+03,-50.,4.725E+03));
#4399 = DIRECTION('',(-0.,1.,0.));
#4400 = DIRECTION('',(0.,0.,1.));
#4401 = DEFINITIONAL_REPRESENTATION('',(#4402),#4406);
#4402 = LINE('',#4403,#4404);
#4403 = CARTESIAN_POINT('',(0.,0.));
#4404 = VECTOR('',#4405,1.);
#4405 = DIRECTION('',(1.,0.));
#4406 = ( GEOMETRIC_REPRESENTATION_CONTEXT(2) 
PARAMETRIC_REPRESENTATION_CONTEXT() REPRESENTATION_CONTEXT('2D SPACE',''
  ) );
#4407 = ORIENTED_EDGE('',*,*,#4408,.F.);
#4408 = EDGE_CURVE('',#4325,#4381,#4409,.T.);
#4409 = SURFACE_CURVE('',#4410,(#4414,#4421),.PCURVE_S1.);
#4410 = LINE('',#4411,#4412);
#4411 = CARTESIAN_POINT('',(6.665E+03,-90.,4.775E+03));
#4412 = VECTOR('',#4413,1.);
#4413 = DIRECTION('',(-0.,1.,0.));
#4414 = PCURVE('',#4261,#4415);
#4415 = DEFINITIONAL_REPRESENTATION('',(#4416),#4420);
#4416 = LINE('',#4417,#4418);
#4417 = CARTESIAN_POINT('',(50.,0.));
#4418 = VECTOR('',#4419,1.);
#4419 = DIRECTION('',(0.,-1.));
#4420 = ( GEOMETRIC_REPRESENTATION_CONTEXT(2) 
PARAMETRIC_REPRESENTATION_CONTEXT() REPRESENTATION_CONTEXT('2D SPACE',''
  ) );
#4421 = PCURVE('',#4422,#4427);
#4422 = PLANE('',#4423);
#4423 = AXIS2_PLACEMENT_3D('',#4424,#4425,#4426);
#4424 = CARTESIAN_POINT('',(6.665E+03,-90.,4.775E+03));
#4425 = DIRECTION('',(0.,0.,1.));
#4426 = DIRECTION('',(1.,0.,-0.));
#4427 = DEFINITIONAL_REPRESENTATION('',(#4428),#4432);
#4428 = LINE('',#4429,#4430);
#4429 = CARTESIAN_POINT('',(0.,0.));
#4430 = VECTOR('',#4431,1.);
#4431 = DIRECTION('',(0.,1.));
#4432 = ( GEOMETRIC_REPRESENTATION_CONTEXT(2) 
PARAMETRIC_REPRESENTATION_CONTEXT() REPRESENTATION_CONTEXT('2D SPACE',''
  ) );
#4433 = FACE_BOUND('',#4434,.F.);
#4434 = EDGE_LOOP('',(#4435,#4436));
#4435 = ORIENTED_EDGE('',*,*,#4240,.F.);
#4436 = ORIENTED_EDGE('',*,*,#4300,.F.);
#4437 = ADVANCED_FACE('',(#4438),#4198,.T.);
#4438 = FACE_BOUND('',#4439,.T.);
#4439 = EDGE_LOOP('',(#4440));
#4440 = ORIENTED_EDGE('',*,*,#4183,.T.);
#4441 = ADVANCED_FACE('',(#4442),#4340,.F.);
#4442 = FACE_BOUND('',#4443,.F.);
#4443 = EDGE_LOOP('',(#4444,#4467,#4468,#4491));
#4444 = ORIENTED_EDGE('',*,*,#4445,.F.);
#4445 = EDGE_CURVE('',#4323,#4446,#4448,.T.);
#4446 = VERTEX_POINT('',#4447);
#4447 = CARTESIAN_POINT('',(6.695E+03,-90.,4.725E+03));
#4448 = SURFACE_CURVE('',#4449,(#4453,#4460),.PCURVE_S1.);
#4449 = LINE('',#4450,#4451);
#4450 = CARTESIAN_POINT('',(6.665E+03,-90.,4.725E+03));
#4451 = VECTOR('',#4452,1.);
#4452 = DIRECTION('',(1.,0.,-0.));
#4453 = PCURVE('',#4340,#4454);
#4454 = DEFINITIONAL_REPRESENTATION('',(#4455),#4459);
#4455 = LINE('',#4456,#4457);
#4456 = CARTESIAN_POINT('',(0.,0.));
#4457 = VECTOR('',#4458,1.);
#4458 = DIRECTION('',(0.,1.));
#4459 = ( GEOMETRIC_REPRESENTATION_CONTEXT(2) 
PARAMETRIC_REPRESENTATION_CONTEXT() REPRESENTATION_CONTEXT('2D SPACE',''
  ) );
#4460 = PCURVE('',#4368,#4461);
#4461 = DEFINITIONAL_REPRESENTATION('',(#4462),#4466);
#4462 = LINE('',#4463,#4464);
#4463 = CARTESIAN_POINT('',(0.,0.));
#4464 = VECTOR('',#4465,1.);
#4465 = DIRECTION('',(1.,0.));
#4466 = ( GEOMETRIC_REPRESENTATION_CONTEXT(2) 
PARAMETRIC_REPRESENTATION_CONTEXT() REPRESENTATION_CONTEXT('2D SPACE',''
  ) );
#4467 = ORIENTED_EDGE('',*,*,#4322,.T.);
#4468 = ORIENTED_EDGE('',*,*,#4469,.T.);
#4469 = EDGE_CURVE('',#4325,#4470,#4472,.T.);
#4470 = VERTEX_POINT('',#4471);
#4471 = CARTESIAN_POINT('',(6.695E+03,-90.,4.775E+03));
#4472 = SURFACE_CURVE('',#4473,(#4477,#4484),.PCURVE_S1.);
#4473 = LINE('',#4474,#4475);
#4474 = CARTESIAN_POINT('',(6.665E+03,-90.,4.775E+03));
#4475 = VECTOR('',#4476,1.);
#4476 = DIRECTION('',(1.,0.,-0.));
#4477 = PCURVE('',#4340,#4478);
#4478 = DEFINITIONAL_REPRESENTATION('',(#4479),#4483);
#4479 = LINE('',#4480,#4481);
#4480 = CARTESIAN_POINT('',(50.,0.));
#4481 = VECTOR('',#4482,1.);
#4482 = DIRECTION('',(0.,1.));
#4483 = ( GEOMETRIC_REPRESENTATION_CONTEXT(2) 
PARAMETRIC_REPRESENTATION_CONTEXT() REPRESENTATION_CONTEXT('2D SPACE',''
  ) );
#4484 = PCURVE('',#4422,#4485);
#4485 = DEFINITIONAL_REPRESENTATION('',(#4486),#4490);
#4486 = LINE('',#4487,#4488);
#4487 = CARTESIAN_POINT('',(0.,0.));
#4488 = VECTOR('',#4489,1.);
#4489 = DIRECTION('',(1.,0.));
#4490 = ( GEOMETRIC_REPRESENTATION_CONTEXT(2) 
PARAMETRIC_REPRESENTATION_CONTEXT() REPRESENTATION_CONTEXT('2D SPACE',''
  ) );
#4491 = ORIENTED_EDGE('',*,*,#4492,.F.);
#4492 = EDGE_CURVE('',#4446,#4470,#4493,.T.);
#4493 = SURFACE_CURVE('',#4494,(#4498,#4505),.PCURVE_S1.);
#4494 = LINE('',#4495,#4496);
#4495 = CARTESIAN_POINT('',(6.695E+03,-90.,4.725E+03));
#4496 = VECTOR('',#4497,1.);
#4497 = DIRECTION('',(0.,0.,1.));
#4498 = PCURVE('',#4340,#4499);
#4499 = DEFINITIONAL_REPRESENTATION('',(#4500),#4504);
#4500 = LINE('',#4501,#4502);
#4501 = CARTESIAN_POINT('',(0.,30.));
#4502 = VECTOR('',#4503,1.);
#4503 = DIRECTION('',(1.,0.));
#4504 = ( GEOMETRIC_REPRESENTATION_CONTEXT(2) 
PARAMETRIC_REPRESENTATION_CONTEXT() REPRESENTATION_CONTEXT('2D SPACE',''
  ) );
#4505 = PCURVE('',#4506,#4511);
#4506 = PLANE('',#4507);
#4507 = AXIS2_PLACEMENT_3D('',#4508,#4509,#4510);
#4508 = CARTESIAN_POINT('',(6.695E+03,-90.,4.725E+03));
#4509 = DIRECTION('',(1.,0.,-0.));
#4510 = DIRECTION('',(0.,0.,1.));
#4511 = DEFINITIONAL_REPRESENTATION('',(#4512),#4516);
#4512 = LINE('',#4513,#4514);
#4513 = CARTESIAN_POINT('',(0.,0.));
#4514 = VECTOR('',#4515,1.);
#4515 = DIRECTION('',(1.,0.));
#4516 = ( GEOMETRIC_REPRESENTATION_CONTEXT(2) 
PARAMETRIC_REPRESENTATION_CONTEXT() REPRESENTATION_CONTEXT('2D SPACE',''
  ) );
#4517 = ADVANCED_FACE('',(#4518),#4422,.T.);
#4518 = FACE_BOUND('',#4519,.T.);
#4519 = EDGE_LOOP('',(#4520,#4521,#4522,#4545));
#4520 = ORIENTED_EDGE('',*,*,#4408,.F.);
#4521 = ORIENTED_EDGE('',*,*,#4469,.T.);
#4522 = ORIENTED_EDGE('',*,*,#4523,.T.);
#4523 = EDGE_CURVE('',#4470,#4524,#4526,.T.);
#4524 = VERTEX_POINT('',#4525);
#4525 = CARTESIAN_POINT('',(6.695E+03,-50.,4.775E+03));
#4526 = SURFACE_CURVE('',#4527,(#4531,#4538),.PCURVE_S1.);
#4527 = LINE('',#4528,#4529);
#4528 = CARTESIAN_POINT('',(6.695E+03,-90.,4.775E+03));
#4529 = VECTOR('',#4530,1.);
#4530 = DIRECTION('',(-0.,1.,0.));
#4531 = PCURVE('',#4422,#4532);
#4532 = DEFINITIONAL_REPRESENTATION('',(#4533),#4537);
#4533 = LINE('',#4534,#4535);
#4534 = CARTESIAN_POINT('',(30.,0.));
#4535 = VECTOR('',#4536,1.);
#4536 = DIRECTION('',(0.,1.));
#4537 = ( GEOMETRIC_REPRESENTATION_CONTEXT(2) 
PARAMETRIC_REPRESENTATION_CONTEXT() REPRESENTATION_CONTEXT('2D SPACE',''
  ) );
#4538 = PCURVE('',#4506,#4539);
#4539 = DEFINITIONAL_REPRESENTATION('',(#4540),#4544);
#4540 = LINE('',#4541,#4542);
#4541 = CARTESIAN_POINT('',(50.,0.));
#4542 = VECTOR('',#4543,1.);
#4543 = DIRECTION('',(0.,-1.));
#4544 = ( GEOMETRIC_REPRESENTATION_CONTEXT(2) 
PARAMETRIC_REPRESENTATION_CONTEXT() REPRESENTATION_CONTEXT('2D SPACE',''
  ) );
#4545 = ORIENTED_EDGE('',*,*,#4546,.F.);
#4546 = EDGE_CURVE('',#4381,#4524,#4547,.T.);
#4547 = SURFACE_CURVE('',#4548,(#4552,#4559),.PCURVE_S1.);
#4548 = LINE('',#4549,#4550);
#4549 = CARTESIAN_POINT('',(6.665E+03,-50.,4.775E+03));
#4550 = VECTOR('',#4551,1.);
#4551 = DIRECTION('',(1.,0.,-0.));
#4552 = PCURVE('',#4422,#4553);
#4553 = DEFINITIONAL_REPRESENTATION('',(#4554),#4558);
#4554 = LINE('',#4555,#4556);
#4555 = CARTESIAN_POINT('',(0.,40.));
#4556 = VECTOR('',#4557,1.);
#4557 = DIRECTION('',(1.,0.));
#4558 = ( GEOMETRIC_REPRESENTATION_CONTEXT(2) 
PARAMETRIC_REPRESENTATION_CONTEXT() REPRESENTATION_CONTEXT('2D SPACE',''
  ) );
#4559 = PCURVE('',#4396,#4560);
#4560 = DEFINITIONAL_REPRESENTATION('',(#4561),#4565);
#4561 = LINE('',#4562,#4563);
#4562 = CARTESIAN_POINT('',(50.,0.));
#4563 = VECTOR('',#4564,1.);
#4564 = DIRECTION('',(0.,1.));
#4565 = ( GEOMETRIC_REPRESENTATION_CONTEXT(2) 
PARAMETRIC_REPRESENTATION_CONTEXT() REPRESENTATION_CONTEXT('2D SPACE',''
  ) );
#4566 = ADVANCED_FACE('',(#4567),#4368,.F.);
#4567 = FACE_BOUND('',#4568,.F.);
#4568 = EDGE_LOOP('',(#4569,#4570,#4571,#4594));
#4569 = ORIENTED_EDGE('',*,*,#4352,.F.);
#4570 = ORIENTED_EDGE('',*,*,#4445,.T.);
#4571 = ORIENTED_EDGE('',*,*,#4572,.T.);
#4572 = EDGE_CURVE('',#4446,#4573,#4575,.T.);
#4573 = VERTEX_POINT('',#4574);
#4574 = CARTESIAN_POINT('',(6.695E+03,-50.,4.725E+03));
#4575 = SURFACE_CURVE('',#4576,(#4580,#4587),.PCURVE_S1.);
#4576 = LINE('',#4577,#4578);
#4577 = CARTESIAN_POINT('',(6.695E+03,-90.,4.725E+03));
#4578 = VECTOR('',#4579,1.);
#4579 = DIRECTION('',(-0.,1.,0.));
#4580 = PCURVE('',#4368,#4581);
#4581 = DEFINITIONAL_REPRESENTATION('',(#4582),#4586);
#4582 = LINE('',#4583,#4584);
#4583 = CARTESIAN_POINT('',(30.,0.));
#4584 = VECTOR('',#4585,1.);
#4585 = DIRECTION('',(0.,1.));
#4586 = ( GEOMETRIC_REPRESENTATION_CONTEXT(2) 
PARAMETRIC_REPRESENTATION_CONTEXT() REPRESENTATION_CONTEXT('2D SPACE',''
  ) );
#4587 = PCURVE('',#4506,#4588);
#4588 = DEFINITIONAL_REPRESENTATION('',(#4589),#4593);
#4589 = LINE('',#4590,#4591);
#4590 = CARTESIAN_POINT('',(0.,0.));
#4591 = VECTOR('',#4592,1.);
#4592 = DIRECTION('',(0.,-1.));
#4593 = ( GEOMETRIC_REPRESENTATION_CONTEXT(2) 
PARAMETRIC_REPRESENTATION_CONTEXT() REPRESENTATION_CONTEXT('2D SPACE',''
  ) );
#4594 = ORIENTED_EDGE('',*,*,#4595,.F.);
#4595 = EDGE_CURVE('',#4353,#4573,#4596,.T.);
#4596 = SURFACE_CURVE('',#4597,(#4601,#4608),.PCURVE_S1.);
#4597 = LINE('',#4598,#4599);
#4598 = CARTESIAN_POINT('',(6.665E+03,-50.,4.725E+03));
#4599 = VECTOR('',#4600,1.);
#4600 = DIRECTION('',(1.,0.,-0.));
#4601 = PCURVE('',#4368,#4602);
#4602 = DEFINITIONAL_REPRESENTATION('',(#4603),#4607);
#4603 = LINE('',#4604,#4605);
#4604 = CARTESIAN_POINT('',(0.,40.));
#4605 = VECTOR('',#4606,1.);
#4606 = DIRECTION('',(1.,0.));
#4607 = ( GEOMETRIC_REPRESENTATION_CONTEXT(2) 
PARAMETRIC_REPRESENTATION_CONTEXT() REPRESENTATION_CONTEXT('2D SPACE',''
  ) );
#4608 = PCURVE('',#4396,#4609);
#4609 = DEFINITIONAL_REPRESENTATION('',(#4610),#4614);
#4610 = LINE('',#4611,#4612);
#4611 = CARTESIAN_POINT('',(0.,0.));
#4612 = VECTOR('',#4613,1.);
#4613 = DIRECTION('',(0.,1.));
#4614 = ( GEOMETRIC_REPRESENTATION_CONTEXT(2) 
PARAMETRIC_REPRESENTATION_CONTEXT() REPRESENTATION_CONTEXT('2D SPACE',''
  ) );
#4615 = ADVANCED_FACE('',(#4616),#4396,.T.);
#4616 = FACE_BOUND('',#4617,.T.);
#4617 = EDGE_LOOP('',(#4618,#4619,#4620,#4621));
#4618 = ORIENTED_EDGE('',*,*,#4595,.F.);
#4619 = ORIENTED_EDGE('',*,*,#4380,.T.);
#4620 = ORIENTED_EDGE('',*,*,#4546,.T.);
#4621 = ORIENTED_EDGE('',*,*,#4622,.F.);
#4622 = EDGE_CURVE('',#4573,#4524,#4623,.T.);
#4623 = SURFACE_CURVE('',#4624,(#4628,#4635),.PCURVE_S1.);
#4624 = LINE('',#4625,#4626);
#4625 = CARTESIAN_POINT('',(6.695E+03,-50.,4.725E+03));
#4626 = VECTOR('',#4627,1.);
#4627 = DIRECTION('',(0.,0.,1.));
#4628 = PCURVE('',#4396,#4629);
#4629 = DEFINITIONAL_REPRESENTATION('',(#4630),#4634);
#4630 = LINE('',#4631,#4632);
#4631 = CARTESIAN_POINT('',(0.,30.));
#4632 = VECTOR('',#4633,1.);
#4633 = DIRECTION('',(1.,0.));
#4634 = ( GEOMETRIC_REPRESENTATION_CONTEXT(2) 
PARAMETRIC_REPRESENTATION_CONTEXT() REPRESENTATION_CONTEXT('2D SPACE',''
  ) );
#4635 = PCURVE('',#4506,#4636);
#4636 = DEFINITIONAL_REPRESENTATION('',(#4637),#4641);
#4637 = LINE('',#4638,#4639);
#4638 = CARTESIAN_POINT('',(0.,-40.));
#4639 = VECTOR('',#4640,1.);
#4640 = DIRECTION('',(1.,0.));
#4641 = ( GEOMETRIC_REPRESENTATION_CONTEXT(2) 
PARAMETRIC_REPRESENTATION_CONTEXT() REPRESENTATION_CONTEXT('2D SPACE',''
  ) );
#4642 = ADVANCED_FACE('',(#4643),#4506,.T.);
#4643 = FACE_BOUND('',#4644,.T.);
#4644 = EDGE_LOOP('',(#4645,#4646,#4647,#4648));
#4645 = ORIENTED_EDGE('',*,*,#4492,.F.);
#4646 = ORIENTED_EDGE('',*,*,#4572,.T.);
#4647 = ORIENTED_EDGE('',*,*,#4622,.T.);
#4648 = ORIENTED_EDGE('',*,*,#4523,.F.);
#4649 = ( GEOMETRIC_REPRESENTATION_CONTEXT(3) 
GLOBAL_UNCERTAINTY_ASSIGNED_CONTEXT((#4653)) 
GLOBAL_UNIT_ASSIGNED_CONTEXT((#4650,#4651,#4652)) REPRESENTATION_CONTEXT
('Context #1','3D Context with UNIT and UNCERTAINTY') );
#4650 = ( LENGTH_UNIT() NAMED_UNIT(*) SI_UNIT(.MILLI.,.METRE.) );
#4651 = ( NAMED_UNIT(*) PLANE_ANGLE_UNIT() SI_UNIT($,.RADIAN.) );
#4652 = ( NAMED_UNIT(*) SI_UNIT($,.STERADIAN.) SOLID_ANGLE_UNIT() );
#4653 = UNCERTAINTY_MEASURE_WITH_UNIT(LENGTH_MEASURE(1.E-07),#4650,
  'distance_accuracy_value','confusion accuracy');
#4654 = CONTEXT_DEPENDENT_SHAPE_REPRESENTATION(#4655,#4657);
#4655 = ( REPRESENTATION_RELATIONSHIP('','',#3644,#10) 
REPRESENTATION_RELATIONSHIP_WITH_TRANSFORMATION(#4656) 
SHAPE_REPRESENTATION_RELATIONSHIP() );
#4656 = ITEM_DEFINED_TRANSFORMATION('','',#11,#23);
#4657 = PRODUCT_DEFINITION_SHAPE('Placement','Placement of an item',
  #4658);
#4658 = NEXT_ASSEMBLY_USAGE_OCCURRENCE('18','=>[0:1:1:4]','',#5,#3639,$
  );
#4659 = PRODUCT_RELATED_PRODUCT_CATEGORY('part',$,(#3641));
#4660 = SHAPE_DEFINITION_REPRESENTATION(#4661,#4667);
#4661 = PRODUCT_DEFINITION_SHAPE('','',#4662);
#4662 = PRODUCT_DEFINITION('design','',#4663,#4666);
#4663 = PRODUCT_DEFINITION_FORMATION('','',#4664);
#4664 = PRODUCT('COMPOUND','COMPOUND','',(#4665));
#4665 = PRODUCT_CONTEXT('',#2,'mechanical');
#4666 = PRODUCT_DEFINITION_CONTEXT('part definition',#2,'design');
#4667 = SHAPE_REPRESENTATION('',(#11,#4668,#7752),#7764);
#4668 = MANIFOLD_SOLID_BREP('',#4669);
#4669 = CLOSED_SHELL('',(#4670,#5318,#5322,#5346,#5978,#5983,#6215,#6240
    ,#6367,#6392,#6397,#6468,#6573,#6622,#6695,#6700,#6735,#6762,#6789,
    #6796,#7436,#7440,#7536,#7632,#7728,#7736,#7744));
#4670 = ADVANCED_FACE('',(#4671),#4685,.T.);
#4671 = FACE_BOUND('',#4672,.T.);
#4672 = EDGE_LOOP('',(#4673,#4703,#4732,#4988,#5017,#5268,#5290,#5291));
#4673 = ORIENTED_EDGE('',*,*,#4674,.T.);
#4674 = EDGE_CURVE('',#4675,#4677,#4679,.T.);
#4675 = VERTEX_POINT('',#4676);
#4676 = CARTESIAN_POINT('',(6.71E+03,-2.449293598295E-15,4.83E+03));
#4677 = VERTEX_POINT('',#4678);
#4678 = CARTESIAN_POINT('',(6.71E+03,-2.449293598295E-15,5.E+03));
#4679 = SEAM_CURVE('',#4680,(#4684,#4696),.PCURVE_S1.);
#4680 = LINE('',#4681,#4682);
#4681 = CARTESIAN_POINT('',(6.71E+03,-2.449293598295E-15,4.83E+03));
#4682 = VECTOR('',#4683,1.);
#4683 = DIRECTION('',(0.,0.,1.));
#4684 = PCURVE('',#4685,#4690);
#4685 = CYLINDRICAL_SURFACE('',#4686,10.);
#4686 = AXIS2_PLACEMENT_3D('',#4687,#4688,#4689);
#4687 = CARTESIAN_POINT('',(6.7E+03,0.,4.83E+03));
#4688 = DIRECTION('',(0.,0.,1.));
#4689 = DIRECTION('',(1.,0.,-0.));
#4690 = DEFINITIONAL_REPRESENTATION('',(#4691),#4695);
#4691 = LINE('',#4692,#4693);
#4692 = CARTESIAN_POINT('',(6.28318530718,-0.));
#4693 = VECTOR('',#4694,1.);
#4694 = DIRECTION('',(0.,1.));
#4695 = ( GEOMETRIC_REPRESENTATION_CONTEXT(2) 
PARAMETRIC_REPRESENTATION_CONTEXT() REPRESENTATION_CONTEXT('2D SPACE',''
  ) );
#4696 = PCURVE('',#4685,#4697);
#4697 = DEFINITIONAL_REPRESENTATION('',(#4698),#4702);
#4698 = LINE('',#4699,#4700);
#4699 = CARTESIAN_POINT('',(0.,-0.));
#4700 = VECTOR('',#4701,1.);
#4701 = DIRECTION('',(0.,1.));
#4702 = ( GEOMETRIC_REPRESENTATION_CONTEXT(2) 
PARAMETRIC_REPRESENTATION_CONTEXT() REPRESENTATION_CONTEXT('2D SPACE',''
  ) );
#4703 = ORIENTED_EDGE('',*,*,#4704,.F.);
#4704 = EDGE_CURVE('',#4705,#4677,#4707,.T.);
#4705 = VERTEX_POINT('',#4706);
#4706 = CARTESIAN_POINT('',(6.709E+03,-4.358898943541,5.E+03));
#4707 = SURFACE_CURVE('',#4708,(#4713,#4720),.PCURVE_S1.);
#4708 = CIRCLE('',#4709,10.);
#4709 = AXIS2_PLACEMENT_3D('',#4710,#4711,#4712);
#4710 = CARTESIAN_POINT('',(6.7E+03,0.,5.E+03));
#4711 = DIRECTION('',(0.,0.,1.));
#4712 = DIRECTION('',(1.,0.,-0.));
#4713 = PCURVE('',#4685,#4714);
#4714 = DEFINITIONAL_REPRESENTATION('',(#4715),#4719);
#4715 = LINE('',#4716,#4717);
#4716 = CARTESIAN_POINT('',(0.,170.));
#4717 = VECTOR('',#4718,1.);
#4718 = DIRECTION('',(1.,0.));
#4719 = ( GEOMETRIC_REPRESENTATION_CONTEXT(2) 
PARAMETRIC_REPRESENTATION_CONTEXT() REPRESENTATION_CONTEXT('2D SPACE',''
  ) );
#4720 = PCURVE('',#4721,#4726);
#4721 = PLANE('',#4722);
#4722 = AXIS2_PLACEMENT_3D('',#4723,#4724,#4725);
#4723 = CARTESIAN_POINT('',(6.7E+03,0.,5.E+03));
#4724 = DIRECTION('',(0.,0.,1.));
#4725 = DIRECTION('',(1.,0.,-0.));
#4726 = DEFINITIONAL_REPRESENTATION('',(#4727),#4731);
#4727 = CIRCLE('',#4728,10.);
#4728 = AXIS2_PLACEMENT_2D('',#4729,#4730);
#4729 = CARTESIAN_POINT('',(0.,0.));
#4730 = DIRECTION('',(1.,0.));
#4731 = ( GEOMETRIC_REPRESENTATION_CONTEXT(2) 
PARAMETRIC_REPRESENTATION_CONTEXT() REPRESENTATION_CONTEXT('2D SPACE',''
  ) );
#4732 = ORIENTED_EDGE('',*,*,#4733,.T.);
#4733 = EDGE_CURVE('',#4705,#4734,#4736,.T.);
#4734 = VERTEX_POINT('',#4735);
#4735 = CARTESIAN_POINT('',(6.691E+03,-4.358898943541,5.E+03));
#4736 = SURFACE_CURVE('',#4737,(#4817,#4900),.PCURVE_S1.);
#4737 = B_SPLINE_CURVE_WITH_KNOTS('',8,(#4738,#4739,#4740,#4741,#4742,
    #4743,#4744,#4745,#4746,#4747,#4748,#4749,#4750,#4751,#4752,#4753,
    #4754,#4755,#4756,#4757,#4758,#4759,#4760,#4761,#4762,#4763,#4764,
    #4765,#4766,#4767,#4768,#4769,#4770,#4771,#4772,#4773,#4774,#4775,
    #4776,#4777,#4778,#4779,#4780,#4781,#4782,#4783,#4784,#4785,#4786,
    #4787,#4788,#4789,#4790,#4791,#4792,#4793,#4794,#4795,#4796,#4797,
    #4798,#4799,#4800,#4801,#4802,#4803,#4804,#4805,#4806,#4807,#4808,
    #4809,#4810,#4811,#4812,#4813,#4814,#4815,#4816),.UNSPECIFIED.,.F.,
  .F.,(9,7,7,7,7,7,7,7,7,7,7,9),(0.,6.977163870616E-02,0.201238123917,
    0.352431715903,0.443679634404,0.538680947185,0.595868015718,
    0.647422092826,0.799229116186,0.930299103756,0.983394281901,1.),
  .UNSPECIFIED.);
#4738 = CARTESIAN_POINT('',(6.709E+03,-4.358898943541,5.0000000006E+03)
  );
#4739 = CARTESIAN_POINT('',(6.709000000016E+03,-4.358898910717,
    4.999761582269E+03));
#4740 = CARTESIAN_POINT('',(6.708992781468E+03,-4.373802538455,
    4.999524621465E+03));
#4741 = CARTESIAN_POINT('',(6.70897850046E+03,-4.403291066369,
    4.999289329045E+03));
#4742 = CARTESIAN_POINT('',(6.708957310733E+03,-4.446689418744,
    4.999055991654E+03));
#4743 = CARTESIAN_POINT('',(6.708929394611E+03,-4.502955250301,
    4.998825067889E+03));
#4744 = CARTESIAN_POINT('',(6.70889502138E+03,-4.570678971632,
    4.998597267158E+03));
#4745 = CARTESIAN_POINT('',(6.70885463312E+03,-4.648094754319,
    4.998373611239E+03));
#4746 = CARTESIAN_POINT('',(6.708722895052E+03,-4.893277506825,
    4.997744464262E+03));
#4747 = CARTESIAN_POINT('',(6.708616686395E+03,-5.08296278662,
    4.997346498357E+03));
#4748 = CARTESIAN_POINT('',(6.708491785539E+03,-5.293996049751,
    4.996960652276E+03));
#4749 = CARTESIAN_POINT('',(6.708349232025E+03,-5.519396747653,
    4.996586657912E+03));
#4750 = CARTESIAN_POINT('',(6.708189856811E+03,-5.754172511848,
    4.996223994929E+03));
#4751 = CARTESIAN_POINT('',(6.708013797813E+03,-5.995315677681,
    4.995871431733E+03));
#4752 = CARTESIAN_POINT('',(6.707820043729E+03,-6.241438949938,
    4.995527064691E+03));
#4753 = CARTESIAN_POINT('',(6.707359956065E+03,-6.780467689781,
    4.994799713811E+03));
#4754 = CARTESIAN_POINT('',(6.707089605819E+03,-7.071907604077,
    4.994422659499E+03));
#4755 = CARTESIAN_POINT('',(6.706793408431E+03,-7.364107611186,
    4.994056166559E+03));
#4756 = CARTESIAN_POINT('',(6.706469102182E+03,-7.655238861788,
    4.993699853646E+03));
#4757 = CARTESIAN_POINT('',(6.706114008804E+03,-7.943141473551,
    4.993354426201E+03));
#4758 = CARTESIAN_POINT('',(6.705725210772E+03,-8.224926464159,
    4.993021757095E+03));
#4759 = CARTESIAN_POINT('',(6.70529973318E+03,-8.496759735146,
    4.992705024456E+03));
#4760 = CARTESIAN_POINT('',(6.704554215997E+03,-8.908527709118,
    4.992230200442E+03));
#4761 = CARTESIAN_POINT('',(6.704258211207E+03,-9.058603610431,
    4.992058335014E+03));
#4762 = CARTESIAN_POINT('',(6.703946267089E+03,-9.202439628381,
    4.991894612778E+03));
#4763 = CARTESIAN_POINT('',(6.703617920839E+03,-9.338537629389,
    4.991740513491E+03));
#4764 = CARTESIAN_POINT('',(6.703272800857E+03,-9.465228379236,
    4.991597708372E+03));
#4765 = CARTESIAN_POINT('',(6.702910656452E+03,-9.58066209006,
    4.991468072676E+03));
#4766 = CARTESIAN_POINT('',(6.702531388712E+03,-9.682800801801,
    4.991353700448E+03));
#4767 = CARTESIAN_POINT('',(6.701722474716E+03,-9.859587086309,
    4.991156161544E+03));
#4768 = CARTESIAN_POINT('',(6.70128969324E+03,-9.933303930029,
    4.991074055501E+03));
#4769 = CARTESIAN_POINT('',(6.700842148085E+03,-9.986577084224,
    4.991014875882E+03));
#4770 = CARTESIAN_POINT('',(6.700385391978E+03,-10.01671066398,
    4.990981452257E+03));
#4771 = CARTESIAN_POINT('',(6.699925088906E+03,-10.02233667072,
    4.990975205246E+03));
#4772 = CARTESIAN_POINT('',(6.699466955595E+03,-10.00343259079,
    4.990996160965E+03));
#4773 = CARTESIAN_POINT('',(6.69901667596E+03,-9.961318866569,
    4.991042945867E+03));
#4774 = CARTESIAN_POINT('',(6.698316799429E+03,-9.860903754244,
    4.991154788564E+03));
#4775 = CARTESIAN_POINT('',(6.698059115139E+03,-9.81578276341,
    4.991205088575E+03));
#4776 = CARTESIAN_POINT('',(6.697807113295E+03,-9.76377831571,
    4.991263130362E+03));
#4777 = CARTESIAN_POINT('',(6.697561146261E+03,-9.705421928076,
    4.991328359388E+03));
#4778 = CARTESIAN_POINT('',(6.697321541113E+03,-9.641270452999,
    4.991400197255E+03));
#4779 = CARTESIAN_POINT('',(6.697088599611E+03,-9.571904945501,
    4.991478040716E+03));
#4780 = CARTESIAN_POINT('',(6.696862598168E+03,-9.497929530104,
    4.991561260683E+03));
#4781 = CARTESIAN_POINT('',(6.696446530553E+03,-9.349690081677,
    4.991728479561E+03));
#4782 = CARTESIAN_POINT('',(6.696254834167E+03,-9.276071333994,
    4.991811707998E+03));
#4783 = CARTESIAN_POINT('',(6.696068598707E+03,-9.199444106992,
    4.99189855201E+03));
#4784 = CARTESIAN_POINT('',(6.695887715242E+03,-9.120113487968,
    4.991988705358E+03));
#4785 = CARTESIAN_POINT('',(6.695712065967E+03,-9.038359718727,
    4.99208189018E+03));
#4786 = CARTESIAN_POINT('',(6.695541524319E+03,-8.954438345035,
    4.992177857072E+03));
#4787 = CARTESIAN_POINT('',(6.695375955072E+03,-8.868580366065,
    4.992276385156E+03));
#4788 = CARTESIAN_POINT('',(6.694741894847E+03,-8.523079302927,
    4.992674385222E+03));
#4789 = CARTESIAN_POINT('',(6.694309074535E+03,-8.249418033912,
    4.992992889273E+03));
#4790 = CARTESIAN_POINT('',(6.6939139078E+03,-7.965344924555,
    4.993327859753E+03));
#4791 = CARTESIAN_POINT('',(6.693553316165E+03,-7.674867791596,
    4.993675943688E+03));
#4792 = CARTESIAN_POINT('',(6.693224269923E+03,-7.380993258899,
    4.994035159705E+03));
#4793 = CARTESIAN_POINT('',(6.692923980751E+03,-7.085948363081,
    4.994404753006E+03));
#4794 = CARTESIAN_POINT('',(6.692650088918E+03,-6.791592579101,
    4.994785112601E+03));
#4795 = CARTESIAN_POINT('',(6.692185803865E+03,-6.24882895782,
    4.995516749053E+03));
#4796 = CARTESIAN_POINT('',(6.691991057916E+03,-6.001908963113,
    4.995861840348E+03));
#4797 = CARTESIAN_POINT('',(6.691814117688E+03,-5.759951570127,
    4.996215153041E+03));
#4798 = CARTESIAN_POINT('',(6.691653953062E+03,-5.524339311042,
    4.996578604125E+03));
#4799 = CARTESIAN_POINT('',(6.691510695479E+03,-5.298083508851,
    4.996953436396E+03));
#4800 = CARTESIAN_POINT('',(6.691385179106E+03,-5.086196795036,
    4.997340173287E+03));
#4801 = CARTESIAN_POINT('',(6.691278448398E+03,-4.895702306586,
    4.997739079094E+03));
#4802 = CARTESIAN_POINT('',(6.691156929789E+03,-4.669644966523,
    4.998317979892E+03));
#4803 = CARTESIAN_POINT('',(6.691125086679E+03,-4.609086819868,
    4.998487653303E+03));
#4804 = CARTESIAN_POINT('',(6.691096683366E+03,-4.553954281283,
    4.998659676643E+03));
#4805 = CARTESIAN_POINT('',(6.691071901403E+03,-4.504980433209,
    4.998833723235E+03));
#4806 = CARTESIAN_POINT('',(6.691050877344E+03,-4.462816732565,
    4.999009555839E+03));
#4807 = CARTESIAN_POINT('',(6.691033722164E+03,-4.428030133889,
    4.999187017319E+03));
#4808 = CARTESIAN_POINT('',(6.691020537807E+03,-4.401101062951,
    4.999366021097E+03));
#4809 = CARTESIAN_POINT('',(6.691008582619E+03,-4.376580368478,
    4.999602999816E+03));
#4810 = CARTESIAN_POINT('',(6.691006135902E+03,-4.371550955312,
    4.999659552736E+03));
#4811 = CARTESIAN_POINT('',(6.691004093366E+03,-4.367344965093,
    4.999716185495E+03));
#4812 = CARTESIAN_POINT('',(6.691002457153E+03,-4.363971202343,
    4.999772882954E+03));
#4813 = CARTESIAN_POINT('',(6.69100122888E+03,-4.361436312356,
    4.999829629505E+03));
#4814 = CARTESIAN_POINT('',(6.691000409638E+03,-4.359744781201,
    4.999886409072E+03));
#4815 = CARTESIAN_POINT('',(6.690999999996E+03,-4.358898935723,
    4.999943205108E+03));
#4816 = CARTESIAN_POINT('',(6.691E+03,-4.358898943541,5.0000000006E+03)
  );
#4817 = PCURVE('',#4685,#4818);
#4818 = DEFINITIONAL_REPRESENTATION('',(#4819),#4899);
#4819 = B_SPLINE_CURVE_WITH_KNOTS('',8,(#4820,#4821,#4822,#4823,#4824,
    #4825,#4826,#4827,#4828,#4829,#4830,#4831,#4832,#4833,#4834,#4835,
    #4836,#4837,#4838,#4839,#4840,#4841,#4842,#4843,#4844,#4845,#4846,
    #4847,#4848,#4849,#4850,#4851,#4852,#4853,#4854,#4855,#4856,#4857,
    #4858,#4859,#4860,#4861,#4862,#4863,#4864,#4865,#4866,#4867,#4868,
    #4869,#4870,#4871,#4872,#4873,#4874,#4875,#4876,#4877,#4878,#4879,
    #4880,#4881,#4882,#4883,#4884,#4885,#4886,#4887,#4888,#4889,#4890,
    #4891,#4892,#4893,#4894,#4895,#4896,#4897,#4898),.UNSPECIFIED.,.F.,
  .F.,(9,7,7,7,7,7,7,7,7,7,7,9),(0.,6.977163870616E-02,0.201238123917,
    0.352431715903,0.443679634404,0.538680947185,0.595868015718,
    0.647422092826,0.799229116186,0.930299103756,0.983394281901,1.),
  .UNSPECIFIED.);
#4820 = CARTESIAN_POINT('',(5.832158495383,170.0000006));
#4821 = CARTESIAN_POINT('',(5.83215849903,169.7615822693));
#4822 = CARTESIAN_POINT('',(5.830502550862,169.52462146546));
#4823 = CARTESIAN_POINT('',(5.82722601893,169.28932904498));
#4824 = CARTESIAN_POINT('',(5.822396563661,169.05599165394));
#4825 = CARTESIAN_POINT('',(5.816115866594,168.82506788915));
#4826 = CARTESIAN_POINT('',(5.808521742043,168.59726715833));
#4827 = CARTESIAN_POINT('',(5.799790631704,168.37361123926));
#4828 = CARTESIAN_POINT('',(5.771957288276,167.74446426184));
#4829 = CARTESIAN_POINT('',(5.750221028097,167.34649835711));
#4830 = CARTESIAN_POINT('',(5.725710339029,166.96065227642));
#4831 = CARTESIAN_POINT('',(5.699065225696,166.58665791181));
#4832 = CARTESIAN_POINT('',(5.670720543561,166.22399492925));
#4833 = CARTESIAN_POINT('',(5.640894499635,165.87143173325));
#4834 = CARTESIAN_POINT('',(5.609595434291,165.5270646913));
#4835 = CARTESIAN_POINT('',(5.538727060443,164.7997138106));
#4836 = CARTESIAN_POINT('',(5.499008480299,164.4226594991));
#4837 = CARTESIAN_POINT('',(5.457470911639,164.05616655909));
#4838 = CARTESIAN_POINT('',(5.413990771554,163.69985364599));
#4839 = CARTESIAN_POINT('',(5.368401112885,163.35442620115));
#4840 = CARTESIAN_POINT('',(5.320515602485,163.02175709485));
#4841 = CARTESIAN_POINT('',(5.270128546285,162.705024456));
#4842 = CARTESIAN_POINT('',(5.184961138485,162.23020044241));
#4843 = CARTESIAN_POINT('',(5.151794319183,162.05833501433));
#4844 = CARTESIAN_POINT('',(5.117483779162,161.89461277805));
#4845 = CARTESIAN_POINT('',(5.081996548275,161.74051349128));
#4846 = CARTESIAN_POINT('',(5.045298282506,161.59770837201));
#4847 = CARTESIAN_POINT('',(5.007352604179,161.46807267587));
#4848 = CARTESIAN_POINT('',(4.968119617573,161.35370044826));
#4849 = CARTESIAN_POINT('',(4.885318938673,161.15616154415));
#4850 = CARTESIAN_POINT('',(4.841464659332,161.07405550063));
#4851 = CARTESIAN_POINT('',(4.796490323091,161.01487588175));
#4852 = CARTESIAN_POINT('',(4.750842873716,160.98145225695));
#4853 = CARTESIAN_POINT('',(4.704939982849,160.97520524648));
#4854 = CARTESIAN_POINT('',(4.659191947922,160.99616096509));
#4855 = CARTESIAN_POINT('',(4.61402214269,161.04294586702));
#4856 = CARTESIAN_POINT('',(4.54331780382,161.15478856427));
#4857 = CARTESIAN_POINT('',(4.517169767114,161.2050885749));
#4858 = CARTESIAN_POINT('',(4.491457863693,161.26313036156));
#4859 = CARTESIAN_POINT('',(4.466199754292,161.32835938787));
#4860 = CARTESIAN_POINT('',(4.441414916448,161.40019725548));
#4861 = CARTESIAN_POINT('',(4.417124754002,161.47804071607));
#4862 = CARTESIAN_POINT('',(4.393352706602,161.56126068333));
#4863 = CARTESIAN_POINT('',(4.349184030498,161.72847956115));
#4864 = CARTESIAN_POINT('',(4.328655478226,161.81170799784));
#4865 = CARTESIAN_POINT('',(4.308526399843,161.89855201008));
#4866 = CARTESIAN_POINT('',(4.288785067982,161.98870535763));
#4867 = CARTESIAN_POINT('',(4.269420061795,162.08189018004));
#4868 = CARTESIAN_POINT('',(4.250419998299,162.17785707151));
#4869 = CARTESIAN_POINT('',(4.231773263722,162.27638515587));
#4870 = CARTESIAN_POINT('',(4.159564998677,162.67438522202));
#4871 = CARTESIAN_POINT('',(4.108464923281,162.99288927268));
#4872 = CARTESIAN_POINT('',(4.059934633589,163.32785975297));
#4873 = CARTESIAN_POINT('',(4.013760318284,163.67594368786));
#4874 = CARTESIAN_POINT('',(3.969747692442,164.03515970451));
#4875 = CARTESIAN_POINT('',(3.927721336512,164.40475300621));
#4876 = CARTESIAN_POINT('',(3.887549222555,164.78511260129));
#4877 = CARTESIAN_POINT('',(3.816124229788,165.51674905255));
#4878 = CARTESIAN_POINT('',(3.784701499279,165.86184034839));
#4879 = CARTESIAN_POINT('',(3.754758086402,166.2151530407));
#4880 = CARTESIAN_POINT('',(3.726300219209,166.57860412546));
#4881 = CARTESIAN_POINT('',(3.699545512914,166.95343639593));
#4882 = CARTESIAN_POINT('',(3.6749301863,167.34017328664));
#4883 = CARTESIAN_POINT('',(3.653097859315,167.7390790939));
#4884 = CARTESIAN_POINT('',(3.627432962395,168.31797989204));
#4885 = CARTESIAN_POINT('',(3.620591269475,168.48765330268));
#4886 = CARTESIAN_POINT('',(3.614389703583,168.65967664283));
#4887 = CARTESIAN_POINT('',(3.608901232695,168.83372323474));
#4888 = CARTESIAN_POINT('',(3.604189870257,169.00955583921));
#4889 = CARTESIAN_POINT('',(3.600311217189,169.18701731912));
#4890 = CARTESIAN_POINT('',(3.59731288849,169.3660210968));
#4891 = CARTESIAN_POINT('',(3.594584902081,169.60299981564));
#4892 = CARTESIAN_POINT('',(3.594025604138,169.65955273554));
#4893 = CARTESIAN_POINT('',(3.593558032876,169.71618549463));
#4894 = CARTESIAN_POINT('',(3.593183073533,169.77288295376));
#4895 = CARTESIAN_POINT('',(3.592901394356,169.82962950498));
#4896 = CARTESIAN_POINT('',(3.592713446597,169.88640907156));
#4897 = CARTESIAN_POINT('',(3.592619464517,169.943205108));
#4898 = CARTESIAN_POINT('',(3.592619465386,170.0000006));
#4899 = ( GEOMETRIC_REPRESENTATION_CONTEXT(2) 
PARAMETRIC_REPRESENTATION_CONTEXT() REPRESENTATION_CONTEXT('2D SPACE',''
  ) );
#4900 = PCURVE('',#4901,#4906);
#4901 = CYLINDRICAL_SURFACE('',#4902,9.);
#4902 = AXIS2_PLACEMENT_3D('',#4903,#4904,#4905);
#4903 = CARTESIAN_POINT('',(6.7E+03,-230.,5.E+03));
#4904 = DIRECTION('',(0.,1.,0.));
#4905 = DIRECTION('',(0.,-0.,1.));
#4906 = DEFINITIONAL_REPRESENTATION('',(#4907),#4987);
#4907 = B_SPLINE_CURVE_WITH_KNOTS('',8,(#4908,#4909,#4910,#4911,#4912,
    #4913,#4914,#4915,#4916,#4917,#4918,#4919,#4920,#4921,#4922,#4923,
    #4924,#4925,#4926,#4927,#4928,#4929,#4930,#4931,#4932,#4933,#4934,
    #4935,#4936,#4937,#4938,#4939,#4940,#4941,#4942,#4943,#4944,#4945,
    #4946,#4947,#4948,#4949,#4950,#4951,#4952,#4953,#4954,#4955,#4956,
    #4957,#4958,#4959,#4960,#4961,#4962,#4963,#4964,#4965,#4966,#4967,
    #4968,#4969,#4970,#4971,#4972,#4973,#4974,#4975,#4976,#4977,#4978,
    #4979,#4980,#4981,#4982,#4983,#4984,#4985,#4986),.UNSPECIFIED.,.F.,
  .F.,(9,7,7,7,7,7,7,7,7,7,7,9),(0.,6.977163870616E-02,0.201238123917,
    0.352431715903,0.443679634404,0.538680947185,0.595868015718,
    0.647422092826,0.799229116186,0.930299103756,0.983394281901,1.),
  .UNSPECIFIED.);
#4908 = CARTESIAN_POINT('',(1.570796260117,225.64110105645));
#4909 = CARTESIAN_POINT('',(1.59728718575,225.64110108928));
#4910 = CARTESIAN_POINT('',(1.623616139012,225.62619746154));
#4911 = CARTESIAN_POINT('',(1.649788138719,225.59670893363));
#4912 = CARTESIAN_POINT('',(1.675797990718,225.55331058125));
#4913 = CARTESIAN_POINT('',(1.701620402775,225.49704474969));
#4914 = CARTESIAN_POINT('',(1.727200267012,225.42932102836));
#4915 = CARTESIAN_POINT('',(1.752443109893,225.35190524568));
#4916 = CARTESIAN_POINT('',(1.823864381207,225.10672249317));
#4917 = CARTESIAN_POINT('',(1.869562777274,224.91703721338));
#4918 = CARTESIAN_POINT('',(1.914523464712,224.70600395024));
#4919 = CARTESIAN_POINT('',(1.958880353927,224.48060325235));
#4920 = CARTESIAN_POINT('',(2.002788103855,224.24582748814));
#4921 = CARTESIAN_POINT('',(2.04648599261,224.00468432231));
#4922 = CARTESIAN_POINT('',(2.090331313573,223.75856105006));
#4923 = CARTESIAN_POINT('',(2.185959190756,223.21953231021));
#4924 = CARTESIAN_POINT('',(2.237423548477,222.92809239592));
#4925 = CARTESIAN_POINT('',(2.289635358845,222.63589238881));
#4926 = CARTESIAN_POINT('',(2.34297929011,222.34476113821));
#4927 = CARTESIAN_POINT('',(2.397807726684,222.05685852644));
#4928 = CARTESIAN_POINT('',(2.454451525462,221.77507353584));
#4929 = CARTESIAN_POINT('',(2.513231521095,221.50324026485));
#4930 = CARTESIAN_POINT('',(2.611441029738,221.09147229088));
#4931 = CARTESIAN_POINT('',(2.64944025526,220.94139638956));
#4932 = CARTESIAN_POINT('',(2.68852407258,220.79756037161));
#4933 = CARTESIAN_POINT('',(2.728742787276,220.66146237061));
#4934 = CARTESIAN_POINT('',(2.770148626559,220.53477162076));
#4935 = CARTESIAN_POINT('',(2.812797133079,220.41933790994));
#4936 = CARTESIAN_POINT('',(2.856749773524,220.31719919819));
#4937 = CARTESIAN_POINT('',(2.949270273146,220.14041291369));
#4938 = CARTESIAN_POINT('',(2.998148699827,220.06669606997));
#4939 = CARTESIAN_POINT('',(3.048176218706,220.01342291577));
#4940 = CARTESIAN_POINT('',(3.09888790553,219.98328933601));
#4941 = CARTESIAN_POINT('',(3.14985853652,219.97766332927));
#4942 = CARTESIAN_POINT('',(3.200672714448,219.9965674092));
#4943 = CARTESIAN_POINT('',(3.250897319384,220.03868113343));
#4944 = CARTESIAN_POINT('',(3.329648055037,220.13909624575));
#4945 = CARTESIAN_POINT('',(3.358802857023,220.18421723659));
#4946 = CARTESIAN_POINT('',(3.387509393168,220.23622168429));
#4947 = CARTESIAN_POINT('',(3.41575389337,220.29457807192));
#4948 = CARTESIAN_POINT('',(3.443519918137,220.358729547));
#4949 = CARTESIAN_POINT('',(3.470788162408,220.42809505449));
#4950 = CARTESIAN_POINT('',(3.49753625936,220.50207046989));
#4951 = CARTESIAN_POINT('',(3.547359950227,220.65030991832));
#4952 = CARTESIAN_POINT('',(3.570571691912,220.723928666));
#4953 = CARTESIAN_POINT('',(3.593390301977,220.800555893));
#4954 = CARTESIAN_POINT('',(3.615831512933,220.87988651203));
#4955 = CARTESIAN_POINT('',(3.637910677475,220.96164028127));
#4956 = CARTESIAN_POINT('',(3.659643148831,221.04556165496));
#4957 = CARTESIAN_POINT('',(3.681044661134,221.13141963393));
#4958 = CARTESIAN_POINT('',(3.764224996395,221.47692069707));
#4959 = CARTESIAN_POINT('',(3.823771176886,221.75058196608));
#4960 = CARTESIAN_POINT('',(3.88111136529,222.03465507544));
#4961 = CARTESIAN_POINT('',(3.936576386415,222.3251322084));
#4962 = CARTESIAN_POINT('',(3.990507519296,222.6190067411));
#4963 = CARTESIAN_POINT('',(4.043268758041,222.91405163691));
#4964 = CARTESIAN_POINT('',(4.095258329329,223.20840742089));
#4965 = CARTESIAN_POINT('',(4.191538047038,223.75117104218));
#4966 = CARTESIAN_POINT('',(4.235507040479,223.99809103688));
#4967 = CARTESIAN_POINT('',(4.279322481101,224.24004842987));
#4968 = CARTESIAN_POINT('',(4.323344876552,224.47566068895));
#4969 = CARTESIAN_POINT('',(4.367815760961,224.70191649114));
#4970 = CARTESIAN_POINT('',(4.412890921283,224.91380320496));
#4971 = CARTESIAN_POINT('',(4.458704676406,225.10429769341));
#4972 = CARTESIAN_POINT('',(4.524428838723,225.33035503347));
#4973 = CARTESIAN_POINT('',(4.543606180969,225.39091318013));
#4974 = CARTESIAN_POINT('',(4.56297091228,225.44604571871));
#4975 = CARTESIAN_POINT('',(4.582494773128,225.49501956679));
#4976 = CARTESIAN_POINT('',(4.602160890031,225.53718326743));
#4977 = CARTESIAN_POINT('',(4.621962175466,225.57196986611));
#4978 = CARTESIAN_POINT('',(4.641900030525,225.59889893704));
#4979 = CARTESIAN_POINT('',(4.668264484642,225.62341963152));
#4980 = CARTESIAN_POINT('',(4.674553857044,225.62844904468));
#4981 = CARTESIAN_POINT('',(4.680850205894,225.6326550349));
#4982 = CARTESIAN_POINT('',(4.687152221101,225.63602879765));
#4983 = CARTESIAN_POINT('',(4.6934585441,225.63856368764));
#4984 = CARTESIAN_POINT('',(4.699767767848,225.64025521879));
#4985 = CARTESIAN_POINT('',(4.70607843683,225.64110106427));
#4986 = CARTESIAN_POINT('',(4.712389047052,225.64110105645));
#4987 = ( GEOMETRIC_REPRESENTATION_CONTEXT(2) 
PARAMETRIC_REPRESENTATION_CONTEXT() REPRESENTATION_CONTEXT('2D SPACE',''
  ) );
#4988 = ORIENTED_EDGE('',*,*,#4989,.F.);
#4989 = EDGE_CURVE('',#4990,#4734,#4992,.T.);
#4990 = VERTEX_POINT('',#4991);
#4991 = CARTESIAN_POINT('',(6.691E+03,4.358898943541,5.E+03));
#4992 = SURFACE_CURVE('',#4993,(#4998,#5005),.PCURVE_S1.);
#4993 = CIRCLE('',#4994,10.);
#4994 = AXIS2_PLACEMENT_3D('',#4995,#4996,#4997);
#4995 = CARTESIAN_POINT('',(6.7E+03,0.,5.E+03));
#4996 = DIRECTION('',(0.,0.,1.));
#4997 = DIRECTION('',(1.,0.,-0.));
#4998 = PCURVE('',#4685,#4999);
#4999 = DEFINITIONAL_REPRESENTATION('',(#5000),#5004);
#5000 = LINE('',#5001,#5002);
#5001 = CARTESIAN_POINT('',(0.,170.));
#5002 = VECTOR('',#5003,1.);
#5003 = DIRECTION('',(1.,0.));
#5004 = ( GEOMETRIC_REPRESENTATION_CONTEXT(2) 
PARAMETRIC_REPRESENTATION_CONTEXT() REPRESENTATION_CONTEXT('2D SPACE',''
  ) );
#5005 = PCURVE('',#5006,#5011);
#5006 = PLANE('',#5007);
#5007 = AXIS2_PLACEMENT_3D('',#5008,#5009,#5010);
#5008 = CARTESIAN_POINT('',(6.7E+03,0.,5.E+03));
#5009 = DIRECTION('',(0.,0.,1.));
#5010 = DIRECTION('',(1.,0.,-0.));
#5011 = DEFINITIONAL_REPRESENTATION('',(#5012),#5016);
#5012 = CIRCLE('',#5013,10.);
#5013 = AXIS2_PLACEMENT_2D('',#5014,#5015);
#5014 = CARTESIAN_POINT('',(0.,0.));
#5015 = DIRECTION('',(1.,0.));
#5016 = ( GEOMETRIC_REPRESENTATION_CONTEXT(2) 
PARAMETRIC_REPRESENTATION_CONTEXT() REPRESENTATION_CONTEXT('2D SPACE',''
  ) );
#5017 = ORIENTED_EDGE('',*,*,#5018,.F.);
#5018 = EDGE_CURVE('',#5019,#4990,#5021,.T.);
#5019 = VERTEX_POINT('',#5020);
#5020 = CARTESIAN_POINT('',(6.709E+03,4.358898943541,5.E+03));
#5021 = SURFACE_CURVE('',#5022,(#5102,#5185),.PCURVE_S1.);
#5022 = B_SPLINE_CURVE_WITH_KNOTS('',8,(#5023,#5024,#5025,#5026,#5027,
    #5028,#5029,#5030,#5031,#5032,#5033,#5034,#5035,#5036,#5037,#5038,
    #5039,#5040,#5041,#5042,#5043,#5044,#5045,#5046,#5047,#5048,#5049,
    #5050,#5051,#5052,#5053,#5054,#5055,#5056,#5057,#5058,#5059,#5060,
    #5061,#5062,#5063,#5064,#5065,#5066,#5067,#5068,#5069,#5070,#5071,
    #5072,#5073,#5074,#5075,#5076,#5077,#5078,#5079,#5080,#5081,#5082,
    #5083,#5084,#5085,#5086,#5087,#5088,#5089,#5090,#5091,#5092,#5093,
    #5094,#5095,#5096,#5097,#5098,#5099,#5100,#5101),.UNSPECIFIED.,.F.,
  .F.,(9,7,7,7,7,7,7,7,7,7,7,9),(0.,6.977163961844E-02,0.201238124753,
    0.352431716654,0.443679635109,0.538680947846,0.595868016317,
    0.647422093341,0.799229116469,0.930299103838,0.983394281918,1.),
  .UNSPECIFIED.);
#5023 = CARTESIAN_POINT('',(6.709E+03,4.358898943541,5.0000000006E+03));
#5024 = CARTESIAN_POINT('',(6.709000000016E+03,4.358898910717,
    4.999761582273E+03));
#5025 = CARTESIAN_POINT('',(6.708992781468E+03,4.373802539217,
    4.99952462146E+03));
#5026 = CARTESIAN_POINT('',(6.70897850046E+03,4.403291065836,
    4.999289329045E+03));
#5027 = CARTESIAN_POINT('',(6.708957310733E+03,4.446689417767,
    4.999055991659E+03));
#5028 = CARTESIAN_POINT('',(6.708929394611E+03,4.502955250815,
    4.998825067889E+03));
#5029 = CARTESIAN_POINT('',(6.70889502138E+03,4.570678972943,
    4.998597267153E+03));
#5030 = CARTESIAN_POINT('',(6.708854633121E+03,4.648094753158,
    4.998373611242E+03));
#5031 = CARTESIAN_POINT('',(6.708722895052E+03,4.893277506826,
    4.997744464262E+03));
#5032 = CARTESIAN_POINT('',(6.708616686395E+03,5.082962786617,
    4.997346498357E+03));
#5033 = CARTESIAN_POINT('',(6.708491785539E+03,5.293996049752,
    4.996960652276E+03));
#5034 = CARTESIAN_POINT('',(6.708349232025E+03,5.519396747656,
    4.996586657912E+03));
#5035 = CARTESIAN_POINT('',(6.708189856811E+03,5.754172511847,
    4.996223994929E+03));
#5036 = CARTESIAN_POINT('',(6.708013797813E+03,5.995315677678,
    4.995871431733E+03));
#5037 = CARTESIAN_POINT('',(6.707820043729E+03,6.24143894994,
    4.995527064691E+03));
#5038 = CARTESIAN_POINT('',(6.707359956065E+03,6.780467689782,
    4.994799713811E+03));
#5039 = CARTESIAN_POINT('',(6.707089605819E+03,7.071907604078,
    4.994422659499E+03));
#5040 = CARTESIAN_POINT('',(6.706793408431E+03,7.364107611184,
    4.994056166559E+03));
#5041 = CARTESIAN_POINT('',(6.706469102182E+03,7.655238861787,
    4.993699853646E+03));
#5042 = CARTESIAN_POINT('',(6.706114008804E+03,7.943141473553,
    4.993354426201E+03));
#5043 = CARTESIAN_POINT('',(6.705725210772E+03,8.22492646416,
    4.993021757095E+03));
#5044 = CARTESIAN_POINT('',(6.70529973318E+03,8.496759735144,
    4.992705024456E+03));
#5045 = CARTESIAN_POINT('',(6.704554215997E+03,8.908527709127,
    4.992230200442E+03));
#5046 = CARTESIAN_POINT('',(6.704258211207E+03,9.058603610433,
    4.992058335014E+03));
#5047 = CARTESIAN_POINT('',(6.703946267089E+03,9.202439628375,
    4.991894612778E+03));
#5048 = CARTESIAN_POINT('',(6.703617920839E+03,9.338537629382,
    4.991740513491E+03));
#5049 = CARTESIAN_POINT('',(6.703272800857E+03,9.465228379234,
    4.991597708372E+03));
#5050 = CARTESIAN_POINT('',(6.702910656452E+03,9.580662090064,
    4.991468072676E+03));
#5051 = CARTESIAN_POINT('',(6.702531388712E+03,9.682800801806,
    4.991353700448E+03));
#5052 = CARTESIAN_POINT('',(6.701722474716E+03,9.859587086308,
    4.991156161544E+03));
#5053 = CARTESIAN_POINT('',(6.70128969324E+03,9.933303930029,
    4.991074055501E+03));
#5054 = CARTESIAN_POINT('',(6.700842148085E+03,9.986577084224,
    4.991014875882E+03));
#5055 = CARTESIAN_POINT('',(6.700385391978E+03,10.016710663984,
    4.990981452257E+03));
#5056 = CARTESIAN_POINT('',(6.699925088906E+03,10.022336670722,
    4.990975205246E+03));
#5057 = CARTESIAN_POINT('',(6.699466955595E+03,10.003432590798,
    4.990996160965E+03));
#5058 = CARTESIAN_POINT('',(6.69901667596E+03,9.961318866569,
    4.991042945867E+03));
#5059 = CARTESIAN_POINT('',(6.698316799429E+03,9.860903754268,
    4.991154788564E+03));
#5060 = CARTESIAN_POINT('',(6.698059115139E+03,9.815782763428,
    4.991205088575E+03));
#5061 = CARTESIAN_POINT('',(6.697807113295E+03,9.763778315701,
    4.991263130362E+03));
#5062 = CARTESIAN_POINT('',(6.697561146261E+03,9.705421928045,
    4.991328359388E+03));
#5063 = CARTESIAN_POINT('',(6.697321541113E+03,9.641270452974,
    4.991400197256E+03));
#5064 = CARTESIAN_POINT('',(6.697088599611E+03,9.571904945513,
    4.991478040716E+03));
#5065 = CARTESIAN_POINT('',(6.696862598168E+03,9.497929530151,
    4.991561260683E+03));
#5066 = CARTESIAN_POINT('',(6.696446530553E+03,9.34969008167,
    4.991728479561E+03));
#5067 = CARTESIAN_POINT('',(6.696254834167E+03,9.276071333991,
    4.991811707998E+03));
#5068 = CARTESIAN_POINT('',(6.696068598707E+03,9.199444106995,
    4.99189855201E+03));
#5069 = CARTESIAN_POINT('',(6.695887715242E+03,9.120113487974,
    4.991988705358E+03));
#5070 = CARTESIAN_POINT('',(6.695712065967E+03,9.038359718732,
    4.99208189018E+03));
#5071 = CARTESIAN_POINT('',(6.695541524319E+03,8.954438345032,
    4.992177857072E+03));
#5072 = CARTESIAN_POINT('',(6.695375955072E+03,8.868580366057,
    4.992276385156E+03));
#5073 = CARTESIAN_POINT('',(6.694741894847E+03,8.523079302927,
    4.992674385222E+03));
#5074 = CARTESIAN_POINT('',(6.694309074535E+03,8.249418033912,
    4.992992889273E+03));
#5075 = CARTESIAN_POINT('',(6.6939139078E+03,7.965344924554,
    4.993327859753E+03));
#5076 = CARTESIAN_POINT('',(6.693553316165E+03,7.674867791595,
    4.993675943688E+03));
#5077 = CARTESIAN_POINT('',(6.693224269923E+03,7.380993258899,
    4.994035159705E+03));
#5078 = CARTESIAN_POINT('',(6.692923980751E+03,7.085948363082,
    4.994404753006E+03));
#5079 = CARTESIAN_POINT('',(6.692650088918E+03,6.7915925791,
    4.994785112601E+03));
#5080 = CARTESIAN_POINT('',(6.692185803865E+03,6.248828957818,
    4.995516749053E+03));
#5081 = CARTESIAN_POINT('',(6.691991057916E+03,6.001908963118,
    4.995861840348E+03));
#5082 = CARTESIAN_POINT('',(6.691814117688E+03,5.759951570121,
    4.996215153041E+03));
#5083 = CARTESIAN_POINT('',(6.691653953062E+03,5.524339311046,
    4.996578604125E+03));
#5084 = CARTESIAN_POINT('',(6.691510695479E+03,5.298083508846,
    4.996953436396E+03));
#5085 = CARTESIAN_POINT('',(6.691385179106E+03,5.08619679504,
    4.997340173287E+03));
#5086 = CARTESIAN_POINT('',(6.691278448398E+03,4.895702306584,
    4.997739079094E+03));
#5087 = CARTESIAN_POINT('',(6.691156929789E+03,4.669644966505,
    4.998317979892E+03));
#5088 = CARTESIAN_POINT('',(6.691125086679E+03,4.609086819866,
    4.998487653303E+03));
#5089 = CARTESIAN_POINT('',(6.691096683366E+03,4.553954281294,
    4.998659676643E+03));
#5090 = CARTESIAN_POINT('',(6.691071901403E+03,4.50498043322,
    4.998833723235E+03));
#5091 = CARTESIAN_POINT('',(6.691050877344E+03,4.462816732567,
    4.999009555839E+03));
#5092 = CARTESIAN_POINT('',(6.691033722164E+03,4.428030133883,
    4.999187017319E+03));
#5093 = CARTESIAN_POINT('',(6.691020537807E+03,4.401101062946,
    4.999366021097E+03));
#5094 = CARTESIAN_POINT('',(6.691008582619E+03,4.376580368478,
    4.999602999816E+03));
#5095 = CARTESIAN_POINT('',(6.691006135902E+03,4.371550955312,
    4.999659552736E+03));
#5096 = CARTESIAN_POINT('',(6.691004093366E+03,4.367344965093,
    4.999716185495E+03));
#5097 = CARTESIAN_POINT('',(6.691002457153E+03,4.363971202343,
    4.999772882954E+03));
#5098 = CARTESIAN_POINT('',(6.69100122888E+03,4.361436312356,
    4.999829629505E+03));
#5099 = CARTESIAN_POINT('',(6.691000409638E+03,4.359744781201,
    4.999886409072E+03));
#5100 = CARTESIAN_POINT('',(6.690999999996E+03,4.358898935723,
    4.999943205108E+03));
#5101 = CARTESIAN_POINT('',(6.691E+03,4.358898943541,5.0000000006E+03));
#5102 = PCURVE('',#4685,#5103);
#5103 = DEFINITIONAL_REPRESENTATION('',(#5104),#5184);
#5104 = B_SPLINE_CURVE_WITH_KNOTS('',8,(#5105,#5106,#5107,#5108,#5109,
    #5110,#5111,#5112,#5113,#5114,#5115,#5116,#5117,#5118,#5119,#5120,
    #5121,#5122,#5123,#5124,#5125,#5126,#5127,#5128,#5129,#5130,#5131,
    #5132,#5133,#5134,#5135,#5136,#5137,#5138,#5139,#5140,#5141,#5142,
    #5143,#5144,#5145,#5146,#5147,#5148,#5149,#5150,#5151,#5152,#5153,
    #5154,#5155,#5156,#5157,#5158,#5159,#5160,#5161,#5162,#5163,#5164,
    #5165,#5166,#5167,#5168,#5169,#5170,#5171,#5172,#5173,#5174,#5175,
    #5176,#5177,#5178,#5179,#5180,#5181,#5182,#5183),.UNSPECIFIED.,.F.,
  .F.,(9,7,7,7,7,7,7,7,7,7,7,9),(0.,6.977163961844E-02,0.201238124753,
    0.352431716654,0.443679635109,0.538680947846,0.595868016317,
    0.647422093341,0.799229116469,0.930299103838,0.983394281918,1.),
  .UNSPECIFIED.);
#5105 = CARTESIAN_POINT('',(0.451026811796,170.0000006));
#5106 = CARTESIAN_POINT('',(0.451026808149,169.76158227272));
#5107 = CARTESIAN_POINT('',(0.452682756404,169.52462145978));
#5108 = CARTESIAN_POINT('',(0.45595928819,169.28932904479));
#5109 = CARTESIAN_POINT('',(0.460788743408,169.05599165915));
#5110 = CARTESIAN_POINT('',(0.467069440644,168.82506788937));
#5111 = CARTESIAN_POINT('',(0.474663565285,168.59726715288));
#5112 = CARTESIAN_POINT('',(0.483394675344,168.37361124223));
#5113 = CARTESIAN_POINT('',(0.511228018903,167.74446426184));
#5114 = CARTESIAN_POINT('',(0.532964279083,167.34649835712));
#5115 = CARTESIAN_POINT('',(0.557474968149,166.96065227642));
#5116 = CARTESIAN_POINT('',(0.584120081485,166.5866579118));
#5117 = CARTESIAN_POINT('',(0.612464763618,166.22399492925));
#5118 = CARTESIAN_POINT('',(0.642290807545,165.87143173325));
#5119 = CARTESIAN_POINT('',(0.673589872889,165.5270646913));
#5120 = CARTESIAN_POINT('',(0.744458246736,164.7997138106));
#5121 = CARTESIAN_POINT('',(0.78417682688,164.4226594991));
#5122 = CARTESIAN_POINT('',(0.825714395541,164.05616655909));
#5123 = CARTESIAN_POINT('',(0.869194535626,163.69985364599));
#5124 = CARTESIAN_POINT('',(0.914784194295,163.35442620115));
#5125 = CARTESIAN_POINT('',(0.962669704695,163.02175709485));
#5126 = CARTESIAN_POINT('',(1.013056760895,162.705024456));
#5127 = CARTESIAN_POINT('',(1.098224168696,162.23020044239));
#5128 = CARTESIAN_POINT('',(1.131390987997,162.05833501433));
#5129 = CARTESIAN_POINT('',(1.165701528017,161.89461277806));
#5130 = CARTESIAN_POINT('',(1.201188758903,161.74051349129));
#5131 = CARTESIAN_POINT('',(1.237887024673,161.59770837201));
#5132 = CARTESIAN_POINT('',(1.275832703002,161.46807267587));
#5133 = CARTESIAN_POINT('',(1.315065689609,161.35370044825));
#5134 = CARTESIAN_POINT('',(1.397866368506,161.15616154415));
#5135 = CARTESIAN_POINT('',(1.441720647847,161.07405550063));
#5136 = CARTESIAN_POINT('',(1.486694984088,161.01487588175));
#5137 = CARTESIAN_POINT('',(1.532342433464,160.98145225695));
#5138 = CARTESIAN_POINT('',(1.578245324331,160.97520524648));
#5139 = CARTESIAN_POINT('',(1.623993359257,160.99616096509));
#5140 = CARTESIAN_POINT('',(1.66916316449,161.04294586702));
#5141 = CARTESIAN_POINT('',(1.739867503343,161.15478856424));
#5142 = CARTESIAN_POINT('',(1.766015540059,161.20508857488));
#5143 = CARTESIAN_POINT('',(1.791727443494,161.26313036157));
#5144 = CARTESIAN_POINT('',(1.8169855529,161.32835938791));
#5145 = CARTESIAN_POINT('',(1.841770390739,161.40019725551));
#5146 = CARTESIAN_POINT('',(1.866060553172,161.47804071605));
#5147 = CARTESIAN_POINT('',(1.889832600564,161.56126068328));
#5148 = CARTESIAN_POINT('',(1.934001276683,161.72847956116));
#5149 = CARTESIAN_POINT('',(1.954529828954,161.81170799785));
#5150 = CARTESIAN_POINT('',(1.974658907335,161.89855201007));
#5151 = CARTESIAN_POINT('',(1.994400239196,161.98870535763));
#5152 = CARTESIAN_POINT('',(2.013765245384,162.08189018004));
#5153 = CARTESIAN_POINT('',(2.032765308881,162.17785707151));
#5154 = CARTESIAN_POINT('',(2.051412043459,162.27638515587));
#5155 = CARTESIAN_POINT('',(2.123620308502,162.67438522202));
#5156 = CARTESIAN_POINT('',(2.174720383899,162.99288927268));
#5157 = CARTESIAN_POINT('',(2.223250673591,163.32785975296));
#5158 = CARTESIAN_POINT('',(2.269424988896,163.67594368786));
#5159 = CARTESIAN_POINT('',(2.313437614738,164.03515970451));
#5160 = CARTESIAN_POINT('',(2.355463970667,164.4047530062));
#5161 = CARTESIAN_POINT('',(2.395636084625,164.78511260129));
#5162 = CARTESIAN_POINT('',(2.467061077392,165.51674905256));
#5163 = CARTESIAN_POINT('',(2.4984838079,165.86184034838));
#5164 = CARTESIAN_POINT('',(2.528427220777,166.21515304071));
#5165 = CARTESIAN_POINT('',(2.556885087972,166.57860412545));
#5166 = CARTESIAN_POINT('',(2.583639794265,166.95343639594));
#5167 = CARTESIAN_POINT('',(2.608255120879,167.34017328663));
#5168 = CARTESIAN_POINT('',(2.630087447865,167.7390790939));
#5169 = CARTESIAN_POINT('',(2.655752344786,168.31797989209));
#5170 = CARTESIAN_POINT('',(2.662594037705,168.48765330269));
#5171 = CARTESIAN_POINT('',(2.668795603595,168.6596766428));
#5172 = CARTESIAN_POINT('',(2.674284074484,168.8337232347));
#5173 = CARTESIAN_POINT('',(2.678995436922,169.00955583919));
#5174 = CARTESIAN_POINT('',(2.682874089992,169.18701731914));
#5175 = CARTESIAN_POINT('',(2.68587241869,169.36602109685));
#5176 = CARTESIAN_POINT('',(2.688600405099,169.60299981564));
#5177 = CARTESIAN_POINT('',(2.689159703042,169.65955273554));
#5178 = CARTESIAN_POINT('',(2.689627274304,169.71618549463));
#5179 = CARTESIAN_POINT('',(2.690002233646,169.77288295376));
#5180 = CARTESIAN_POINT('',(2.690283912824,169.82962950498));
#5181 = CARTESIAN_POINT('',(2.690471860583,169.88640907156));
#5182 = CARTESIAN_POINT('',(2.690565842662,169.943205108));
#5183 = CARTESIAN_POINT('',(2.690565841794,170.0000006));
#5184 = ( GEOMETRIC_REPRESENTATION_CONTEXT(2) 
PARAMETRIC_REPRESENTATION_CONTEXT() REPRESENTATION_CONTEXT('2D SPACE',''
  ) );
#5185 = PCURVE('',#4901,#5186);
#5186 = DEFINITIONAL_REPRESENTATION('',(#5187),#5267);
#5187 = B_SPLINE_CURVE_WITH_KNOTS('',8,(#5188,#5189,#5190,#5191,#5192,
    #5193,#5194,#5195,#5196,#5197,#5198,#5199,#5200,#5201,#5202,#5203,
    #5204,#5205,#5206,#5207,#5208,#5209,#5210,#5211,#5212,#5213,#5214,
    #5215,#5216,#5217,#5218,#5219,#5220,#5221,#5222,#5223,#5224,#5225,
    #5226,#5227,#5228,#5229,#5230,#5231,#5232,#5233,#5234,#5235,#5236,
    #5237,#5238,#5239,#5240,#5241,#5242,#5243,#5244,#5245,#5246,#5247,
    #5248,#5249,#5250,#5251,#5252,#5253,#5254,#5255,#5256,#5257,#5258,
    #5259,#5260,#5261,#5262,#5263,#5264,#5265,#5266),.UNSPECIFIED.,.F.,
  .F.,(9,7,7,7,7,7,7,7,7,7,7,9),(0.,6.977163961844E-02,0.201238124753,
    0.352431716654,0.443679635109,0.538680947846,0.595868016317,
    0.647422093341,0.799229116469,0.930299103838,0.983394281918,1.),
  .UNSPECIFIED.);
#5188 = CARTESIAN_POINT('',(1.570796260117,234.35889894354));
#5189 = CARTESIAN_POINT('',(1.59728718537,234.35889891071));
#5190 = CARTESIAN_POINT('',(1.623616139646,234.37380253921));
#5191 = CARTESIAN_POINT('',(1.649788138737,234.40329106583));
#5192 = CARTESIAN_POINT('',(1.675797990134,234.44668941776));
#5193 = CARTESIAN_POINT('',(1.701620402753,234.50295525081));
#5194 = CARTESIAN_POINT('',(1.727200267625,234.57067897294));
#5195 = CARTESIAN_POINT('',(1.752443109554,234.64809475315));
#5196 = CARTESIAN_POINT('',(1.823864381208,234.89327750682));
#5197 = CARTESIAN_POINT('',(1.869562777273,235.08296278661));
#5198 = CARTESIAN_POINT('',(1.914523464713,235.29399604975));
#5199 = CARTESIAN_POINT('',(1.958880353927,235.51939674765));
#5200 = CARTESIAN_POINT('',(2.002788103855,235.75417251184));
#5201 = CARTESIAN_POINT('',(2.046485992609,235.99531567767));
#5202 = CARTESIAN_POINT('',(2.090331313573,236.24143894994));
#5203 = CARTESIAN_POINT('',(2.185959190756,236.78046768978));
#5204 = CARTESIAN_POINT('',(2.237423548477,237.07190760407));
#5205 = CARTESIAN_POINT('',(2.289635358844,237.36410761118));
#5206 = CARTESIAN_POINT('',(2.34297929011,237.65523886178));
#5207 = CARTESIAN_POINT('',(2.397807726685,237.94314147355));
#5208 = CARTESIAN_POINT('',(2.454451525462,238.22492646416));
#5209 = CARTESIAN_POINT('',(2.513231521094,238.49675973514));
#5210 = CARTESIAN_POINT('',(2.61144102974,238.90852770912));
#5211 = CARTESIAN_POINT('',(2.64944025526,239.05860361043));
#5212 = CARTESIAN_POINT('',(2.688524072578,239.20243962837));
#5213 = CARTESIAN_POINT('',(2.728742787274,239.33853762938));
#5214 = CARTESIAN_POINT('',(2.770148626558,239.46522837923));
#5215 = CARTESIAN_POINT('',(2.81279713308,239.58066209006));
#5216 = CARTESIAN_POINT('',(2.856749773526,239.6828008018));
#5217 = CARTESIAN_POINT('',(2.949270273146,239.8595870863));
#5218 = CARTESIAN_POINT('',(2.998148699827,239.93330393002));
#5219 = CARTESIAN_POINT('',(3.048176218707,239.98657708422));
#5220 = CARTESIAN_POINT('',(3.09888790553,240.01671066398));
#5221 = CARTESIAN_POINT('',(3.14985853652,240.02233667072));
#5222 = CARTESIAN_POINT('',(3.200672714448,240.00343259079));
#5223 = CARTESIAN_POINT('',(3.250897319384,239.96131886656));
#5224 = CARTESIAN_POINT('',(3.329648055019,239.86090375426));
#5225 = CARTESIAN_POINT('',(3.358802857016,239.81578276342));
#5226 = CARTESIAN_POINT('',(3.387509393177,239.7637783157));
#5227 = CARTESIAN_POINT('',(3.415753893384,239.70542192804));
#5228 = CARTESIAN_POINT('',(3.443519918145,239.64127045297));
#5229 = CARTESIAN_POINT('',(3.470788162401,239.57190494551));
#5230 = CARTESIAN_POINT('',(3.497536259344,239.49792953015));
#5231 = CARTESIAN_POINT('',(3.547359950229,239.34969008167));
#5232 = CARTESIAN_POINT('',(3.570571691913,239.27607133399));
#5233 = CARTESIAN_POINT('',(3.593390301976,239.19944410699));
#5234 = CARTESIAN_POINT('',(3.615831512932,239.12011348797));
#5235 = CARTESIAN_POINT('',(3.637910677474,239.03835971873));
#5236 = CARTESIAN_POINT('',(3.659643148831,238.95443834503));
#5237 = CARTESIAN_POINT('',(3.681044661136,238.86858036605));
#5238 = CARTESIAN_POINT('',(3.764224996395,238.52307930292));
#5239 = CARTESIAN_POINT('',(3.823771176886,238.24941803391));
#5240 = CARTESIAN_POINT('',(3.88111136529,237.96534492455));
#5241 = CARTESIAN_POINT('',(3.936576386415,237.67486779159));
#5242 = CARTESIAN_POINT('',(3.990507519296,237.38099325889));
#5243 = CARTESIAN_POINT('',(4.043268758041,237.08594836308));
#5244 = CARTESIAN_POINT('',(4.09525832933,236.7915925791));
#5245 = CARTESIAN_POINT('',(4.191538047038,236.24882895781));
#5246 = CARTESIAN_POINT('',(4.235507040477,236.00190896311));
#5247 = CARTESIAN_POINT('',(4.279322481104,235.75995157012));
#5248 = CARTESIAN_POINT('',(4.323344876548,235.52433931104));
#5249 = CARTESIAN_POINT('',(4.367815760964,235.29808350884));
#5250 = CARTESIAN_POINT('',(4.412890921282,235.08619679504));
#5251 = CARTESIAN_POINT('',(4.458704676407,234.89570230658));
#5252 = CARTESIAN_POINT('',(4.524428838728,234.6696449665));
#5253 = CARTESIAN_POINT('',(4.543606180971,234.60908681986));
#5254 = CARTESIAN_POINT('',(4.562970912277,234.55395428129));
#5255 = CARTESIAN_POINT('',(4.582494773124,234.50498043322));
#5256 = CARTESIAN_POINT('',(4.602160890029,234.46281673256));
#5257 = CARTESIAN_POINT('',(4.621962175469,234.42803013388));
#5258 = CARTESIAN_POINT('',(4.64190003053,234.40110106294));
#5259 = CARTESIAN_POINT('',(4.668264484642,234.37658036847));
#5260 = CARTESIAN_POINT('',(4.674553857044,234.37155095531));
#5261 = CARTESIAN_POINT('',(4.680850205894,234.36734496509));
#5262 = CARTESIAN_POINT('',(4.687152221101,234.36397120234));
#5263 = CARTESIAN_POINT('',(4.6934585441,234.36143631235));
#5264 = CARTESIAN_POINT('',(4.699767767848,234.3597447812));
#5265 = CARTESIAN_POINT('',(4.70607843683,234.35889893572));
#5266 = CARTESIAN_POINT('',(4.712389047052,234.35889894354));
#5267 = ( GEOMETRIC_REPRESENTATION_CONTEXT(2) 
PARAMETRIC_REPRESENTATION_CONTEXT() REPRESENTATION_CONTEXT('2D SPACE',''
  ) );
#5268 = ORIENTED_EDGE('',*,*,#5269,.F.);
#5269 = EDGE_CURVE('',#4677,#5019,#5270,.T.);
#5270 = SURFACE_CURVE('',#5271,(#5276,#5283),.PCURVE_S1.);
#5271 = CIRCLE('',#5272,10.);
#5272 = AXIS2_PLACEMENT_3D('',#5273,#5274,#5275);
#5273 = CARTESIAN_POINT('',(6.7E+03,0.,5.E+03));
#5274 = DIRECTION('',(0.,0.,1.));
#5275 = DIRECTION('',(1.,0.,-0.));
#5276 = PCURVE('',#4685,#5277);
#5277 = DEFINITIONAL_REPRESENTATION('',(#5278),#5282);
#5278 = LINE('',#5279,#5280);
#5279 = CARTESIAN_POINT('',(0.,170.));
#5280 = VECTOR('',#5281,1.);
#5281 = DIRECTION('',(1.,0.));
#5282 = ( GEOMETRIC_REPRESENTATION_CONTEXT(2) 
PARAMETRIC_REPRESENTATION_CONTEXT() REPRESENTATION_CONTEXT('2D SPACE',''
  ) );
#5283 = PCURVE('',#4721,#5284);
#5284 = DEFINITIONAL_REPRESENTATION('',(#5285),#5289);
#5285 = CIRCLE('',#5286,10.);
#5286 = AXIS2_PLACEMENT_2D('',#5287,#5288);
#5287 = CARTESIAN_POINT('',(0.,0.));
#5288 = DIRECTION('',(1.,0.));
#5289 = ( GEOMETRIC_REPRESENTATION_CONTEXT(2) 
PARAMETRIC_REPRESENTATION_CONTEXT() REPRESENTATION_CONTEXT('2D SPACE',''
  ) );
#5290 = ORIENTED_EDGE('',*,*,#4674,.F.);
#5291 = ORIENTED_EDGE('',*,*,#5292,.T.);
#5292 = EDGE_CURVE('',#4675,#4675,#5293,.T.);
#5293 = SURFACE_CURVE('',#5294,(#5299,#5306),.PCURVE_S1.);
#5294 = CIRCLE('',#5295,10.);
#5295 = AXIS2_PLACEMENT_3D('',#5296,#5297,#5298);
#5296 = CARTESIAN_POINT('',(6.7E+03,0.,4.83E+03));
#5297 = DIRECTION('',(0.,0.,1.));
#5298 = DIRECTION('',(1.,0.,-0.));
#5299 = PCURVE('',#4685,#5300);
#5300 = DEFINITIONAL_REPRESENTATION('',(#5301),#5305);
#5301 = LINE('',#5302,#5303);
#5302 = CARTESIAN_POINT('',(0.,0.));
#5303 = VECTOR('',#5304,1.);
#5304 = DIRECTION('',(1.,0.));
#5305 = ( GEOMETRIC_REPRESENTATION_CONTEXT(2) 
PARAMETRIC_REPRESENTATION_CONTEXT() REPRESENTATION_CONTEXT('2D SPACE',''
  ) );
#5306 = PCURVE('',#5307,#5312);
#5307 = PLANE('',#5308);
#5308 = AXIS2_PLACEMENT_3D('',#5309,#5310,#5311);
#5309 = CARTESIAN_POINT('',(6.7E+03,0.,4.83E+03));
#5310 = DIRECTION('',(0.,0.,1.));
#5311 = DIRECTION('',(1.,0.,-0.));
#5312 = DEFINITIONAL_REPRESENTATION('',(#5313),#5317);
#5313 = CIRCLE('',#5314,10.);
#5314 = AXIS2_PLACEMENT_2D('',#5315,#5316);
#5315 = CARTESIAN_POINT('',(0.,0.));
#5316 = DIRECTION('',(1.,0.));
#5317 = ( GEOMETRIC_REPRESENTATION_CONTEXT(2) 
PARAMETRIC_REPRESENTATION_CONTEXT() REPRESENTATION_CONTEXT('2D SPACE',''
  ) );
#5318 = ADVANCED_FACE('',(#5319),#5307,.F.);
#5319 = FACE_BOUND('',#5320,.T.);
#5320 = EDGE_LOOP('',(#5321));
#5321 = ORIENTED_EDGE('',*,*,#5292,.F.);
#5322 = ADVANCED_FACE('',(#5323),#4721,.T.);
#5323 = FACE_BOUND('',#5324,.T.);
#5324 = EDGE_LOOP('',(#5325,#5326,#5327));
#5325 = ORIENTED_EDGE('',*,*,#4704,.T.);
#5326 = ORIENTED_EDGE('',*,*,#5269,.T.);
#5327 = ORIENTED_EDGE('',*,*,#5328,.F.);
#5328 = EDGE_CURVE('',#4705,#5019,#5329,.T.);
#5329 = SURFACE_CURVE('',#5330,(#5334,#5340),.PCURVE_S1.);
#5330 = LINE('',#5331,#5332);
#5331 = CARTESIAN_POINT('',(6.709E+03,-230.,5.E+03));
#5332 = VECTOR('',#5333,1.);
#5333 = DIRECTION('',(0.,1.,0.));
#5334 = PCURVE('',#4721,#5335);
#5335 = DEFINITIONAL_REPRESENTATION('',(#5336),#5339);
#5336 = B_SPLINE_CURVE_WITH_KNOTS('',1,(#5337,#5338),.UNSPECIFIED.,.F.,
  .F.,(2,2),(218.,242.),.PIECEWISE_BEZIER_KNOTS.);
#5337 = CARTESIAN_POINT('',(9.,-12.));
#5338 = CARTESIAN_POINT('',(9.,12.));
#5339 = ( GEOMETRIC_REPRESENTATION_CONTEXT(2) 
PARAMETRIC_REPRESENTATION_CONTEXT() REPRESENTATION_CONTEXT('2D SPACE',''
  ) );
#5340 = PCURVE('',#4901,#5341);
#5341 = DEFINITIONAL_REPRESENTATION('',(#5342),#5345);
#5342 = B_SPLINE_CURVE_WITH_KNOTS('',1,(#5343,#5344),.UNSPECIFIED.,.F.,
  .F.,(2,2),(218.,242.),.PIECEWISE_BEZIER_KNOTS.);
#5343 = CARTESIAN_POINT('',(1.570796326795,218.));
#5344 = CARTESIAN_POINT('',(1.570796326795,242.));
#5345 = ( GEOMETRIC_REPRESENTATION_CONTEXT(2) 
PARAMETRIC_REPRESENTATION_CONTEXT() REPRESENTATION_CONTEXT('2D SPACE',''
  ) );
#5346 = ADVANCED_FACE('',(#5347,#5954),#4901,.T.);
#5347 = FACE_BOUND('',#5348,.T.);
#5348 = EDGE_LOOP('',(#5349,#5374,#5504,#5533,#5671,#5672,#5802,#5831));
#5349 = ORIENTED_EDGE('',*,*,#5350,.F.);
#5350 = EDGE_CURVE('',#5351,#5353,#5355,.T.);
#5351 = VERTEX_POINT('',#5352);
#5352 = CARTESIAN_POINT('',(6.7E+03,-224.,5.009E+03));
#5353 = VERTEX_POINT('',#5354);
#5354 = CARTESIAN_POINT('',(6.7E+03,224.,5.009E+03));
#5355 = SEAM_CURVE('',#5356,(#5360,#5367),.PCURVE_S1.);
#5356 = LINE('',#5357,#5358);
#5357 = CARTESIAN_POINT('',(6.7E+03,-230.,5.009E+03));
#5358 = VECTOR('',#5359,1.);
#5359 = DIRECTION('',(0.,1.,0.));
#5360 = PCURVE('',#4901,#5361);
#5361 = DEFINITIONAL_REPRESENTATION('',(#5362),#5366);
#5362 = LINE('',#5363,#5364);
#5363 = CARTESIAN_POINT('',(0.,-0.));
#5364 = VECTOR('',#5365,1.);
#5365 = DIRECTION('',(0.,1.));
#5366 = ( GEOMETRIC_REPRESENTATION_CONTEXT(2) 
PARAMETRIC_REPRESENTATION_CONTEXT() REPRESENTATION_CONTEXT('2D SPACE',''
  ) );
#5367 = PCURVE('',#4901,#5368);
#5368 = DEFINITIONAL_REPRESENTATION('',(#5369),#5373);
#5369 = LINE('',#5370,#5371);
#5370 = CARTESIAN_POINT('',(6.28318530718,-0.));
#5371 = VECTOR('',#5372,1.);
#5372 = DIRECTION('',(0.,1.));
#5373 = ( GEOMETRIC_REPRESENTATION_CONTEXT(2) 
PARAMETRIC_REPRESENTATION_CONTEXT() REPRESENTATION_CONTEXT('2D SPACE',''
  ) );
#5374 = ORIENTED_EDGE('',*,*,#5375,.F.);
#5375 = EDGE_CURVE('',#5376,#5351,#5378,.T.);
#5376 = VERTEX_POINT('',#5377);
#5377 = CARTESIAN_POINT('',(6.706E+03,-230.,5.006708203932E+03));
#5378 = SURFACE_CURVE('',#5379,(#5417,#5458),.PCURVE_S1.);
#5379 = B_SPLINE_CURVE_WITH_KNOTS('',6,(#5380,#5381,#5382,#5383,#5384,
    #5385,#5386,#5387,#5388,#5389,#5390,#5391,#5392,#5393,#5394,#5395,
    #5396,#5397,#5398,#5399,#5400,#5401,#5402,#5403,#5404,#5405,#5406,
    #5407,#5408,#5409,#5410,#5411,#5412,#5413,#5414,#5415,#5416),
  .UNSPECIFIED.,.F.,.F.,(7,5,5,5,5,5,5,7),(0.,0.203774865773,
    0.419521906576,0.616130994614,0.688073085764,0.788245759929,
    0.866959457082,1.),.UNSPECIFIED.);
#5380 = CARTESIAN_POINT('',(6.706E+03,-230.,5.006708203932E+03));
#5381 = CARTESIAN_POINT('',(6.706E+03,-229.7099380114,5.006708203932E+03
    ));
#5382 = CARTESIAN_POINT('',(6.705983172977E+03,-229.4203308737,
    5.006723254446E+03));
#5383 = CARTESIAN_POINT('',(6.705949616756E+03,-229.1323183258,
    5.006753268195E+03));
#5384 = CARTESIAN_POINT('',(6.705899520558E+03,-228.8470924591,
    5.006797505432E+03));
#5385 = CARTESIAN_POINT('',(6.705833195313E+03,-228.5659991417,
    5.006854571768E+03));
#5386 = CARTESIAN_POINT('',(6.705664701435E+03,-227.9990837935,
    5.00699455851E+03));
#5387 = CARTESIAN_POINT('',(6.705560586676E+03,-227.7137206891,
    5.007078858365E+03));
#5388 = CARTESIAN_POINT('',(6.705439326921E+03,-227.4348504881,
    5.00717364275E+03));
#5389 = CARTESIAN_POINT('',(6.705301003651E+03,-227.162940595,
    5.007276973719E+03));
#5390 = CARTESIAN_POINT('',(6.705145567079E+03,-226.898641741,
    5.007386885699E+03));
#5391 = CARTESIAN_POINT('',(6.704815454511E+03,-226.409662013,
    5.007605725373E+03));
#5392 = CARTESIAN_POINT('',(6.704643626339E+03,-226.1834254367,
    5.00771392953E+03));
#5393 = CARTESIAN_POINT('',(6.704456917967E+03,-225.9643172316,
    5.007824689995E+03));
#5394 = CARTESIAN_POINT('',(6.704254652261E+03,-225.752840455,
    5.007936696322E+03));
#5395 = CARTESIAN_POINT('',(6.704036009932E+03,-225.5498828736,
    5.008048499396E+03));
#5396 = CARTESIAN_POINT('',(6.703713799926E+03,-225.2861765737,
    5.008198582633E+03));
#5397 = CARTESIAN_POINT('',(6.703625160976E+03,-225.2168470784,
    5.00823853634E+03));
#5398 = CARTESIAN_POINT('',(6.703534149299E+03,-225.1488954448,
    5.00827815672E+03));
#5399 = CARTESIAN_POINT('',(6.70344071541E+03,-225.0823964898,
    5.008317355679E+03));
#5400 = CARTESIAN_POINT('',(6.703344810848E+03,-225.0174366887,
    5.008356038315E+03));
#5401 = CARTESIAN_POINT('',(6.703109343771E+03,-224.8659434597,
    5.008447104334E+03));
#5402 = CARTESIAN_POINT('',(6.702967386116E+03,-224.7809268937,
    5.008498919456E+03));
#5403 = CARTESIAN_POINT('',(6.702820423472E+03,-224.6993584146,
    5.008549256394E+03));
#5404 = CARTESIAN_POINT('',(6.702668379929E+03,-224.6215702424,
    5.008597797381E+03));
#5405 = CARTESIAN_POINT('',(6.702511195816E+03,-224.5479333991,
    5.008644199541E+03));
#5406 = CARTESIAN_POINT('',(6.702221242811E+03,-224.424580332,
    5.008722588385E+03));
#5407 = CARTESIAN_POINT('',(6.702090438581E+03,-224.3731113141,
    5.008755538688E+03));
#5408 = CARTESIAN_POINT('',(6.701956500125E+03,-224.3246976832,
    5.008786738504E+03));
#5409 = CARTESIAN_POINT('',(6.70181952275E+03,-224.2795801858,
    5.008815982517E+03));
#5410 = CARTESIAN_POINT('',(6.701679612396E+03,-224.2379948333,
    5.008843069885E+03));
#5411 = CARTESIAN_POINT('',(6.701295651383E+03,-224.1362496829,
    5.008909614437E+03));
#5412 = CARTESIAN_POINT('',(6.701045812019E+03,-224.0829310906,
    5.008944802924E+03));
#5413 = CARTESIAN_POINT('',(6.700789291244E+03,-224.0418129399,
    5.008972124735E+03));
#5414 = CARTESIAN_POINT('',(6.700528101984E+03,-224.0139721093,
    5.008990685253E+03));
#5415 = CARTESIAN_POINT('',(6.700264311068E+03,-224.,5.009E+03));
#5416 = CARTESIAN_POINT('',(6.7E+03,-224.,5.009E+03));
#5417 = PCURVE('',#4901,#5418);
#5418 = DEFINITIONAL_REPRESENTATION('',(#5419),#5457);
#5419 = B_SPLINE_CURVE_WITH_KNOTS('',6,(#5420,#5421,#5422,#5423,#5424,
    #5425,#5426,#5427,#5428,#5429,#5430,#5431,#5432,#5433,#5434,#5435,
    #5436,#5437,#5438,#5439,#5440,#5441,#5442,#5443,#5444,#5445,#5446,
    #5447,#5448,#5449,#5450,#5451,#5452,#5453,#5454,#5455,#5456),
  .UNSPECIFIED.,.F.,.F.,(7,5,5,5,5,5,5,7),(0.,0.203774865773,
    0.419521906576,0.616130994614,0.688073085764,0.788245759929,
    0.866959457082,1.),.UNSPECIFIED.);
#5420 = CARTESIAN_POINT('',(0.729727656227,-1.469576158977E-15));
#5421 = CARTESIAN_POINT('',(0.729727656227,0.290061988571));
#5422 = CARTESIAN_POINT('',(0.72721924814,0.579669126279));
#5423 = CARTESIAN_POINT('',(0.722216905465,0.867681674132));
#5424 = CARTESIAN_POINT('',(0.714791399482,1.152907540868));
#5425 = CARTESIAN_POINT('',(0.705071050443,1.434000858225));
#5426 = CARTESIAN_POINT('',(0.680731255555,2.000916206441));
#5427 = CARTESIAN_POINT('',(0.665847554828,2.286279310827));
#5428 = CARTESIAN_POINT('',(0.648750606482,2.565149511824));
#5429 = CARTESIAN_POINT('',(0.629574756464,2.837059404932));
#5430 = CARTESIAN_POINT('',(0.608431973238,3.101358258943));
#5431 = CARTESIAN_POINT('',(0.56442508396,3.590337986999));
#5432 = CARTESIAN_POINT('',(0.541869231491,3.816574563258));
#5433 = CARTESIAN_POINT('',(0.517761387243,4.035682768384));
#5434 = CARTESIAN_POINT('',(0.492091085041,4.247159544927));
#5435 = CARTESIAN_POINT('',(0.464823916191,4.450117126379));
#5436 = CARTESIAN_POINT('',(0.425329539925,4.713823426252));
#5437 = CARTESIAN_POINT('',(0.414527315883,4.783152921553));
#5438 = CARTESIAN_POINT('',(0.403499650487,4.851104555188));
#5439 = CARTESIAN_POINT('',(0.392243079787,4.917603510112));
#5440 = CARTESIAN_POINT('',(0.380754029259,4.982563311263));
#5441 = CARTESIAN_POINT('',(0.352702541271,5.134056540223));
#5442 = CARTESIAN_POINT('',(0.335914651894,5.219073106274));
#5443 = CARTESIAN_POINT('',(0.318659495995,5.300641585377));
#5444 = CARTESIAN_POINT('',(0.300931908606,5.378429757536));
#5445 = CARTESIAN_POINT('',(0.282726705703,5.452066600865));
#5446 = CARTESIAN_POINT('',(0.24935310858,5.575419667971));
#5447 = CARTESIAN_POINT('',(0.234367499414,5.626888685831));
#5448 = CARTESIAN_POINT('',(0.219090775439,5.675302316724));
#5449 = CARTESIAN_POINT('',(0.203532237239,5.720419814143));
#5450 = CARTESIAN_POINT('',(0.187701027616,5.76200516669));
#5451 = CARTESIAN_POINT('',(0.144402717443,5.863750317044));
#5452 = CARTESIAN_POINT('',(0.116382863129,5.917068909356));
#5453 = CARTESIAN_POINT('',(8.774459599512E-02,5.958187060043));
#5454 = CARTESIAN_POINT('',(5.867800419399E-02,5.986027890618));
#5455 = CARTESIAN_POINT('',(2.936789640492E-02,6.));
#5456 = CARTESIAN_POINT('',(0.,6.));
#5457 = ( GEOMETRIC_REPRESENTATION_CONTEXT(2) 
PARAMETRIC_REPRESENTATION_CONTEXT() REPRESENTATION_CONTEXT('2D SPACE',''
  ) );
#5458 = PCURVE('',#5459,#5464);
#5459 = CYLINDRICAL_SURFACE('',#5460,6.);
#5460 = AXIS2_PLACEMENT_3D('',#5461,#5462,#5463);
#5461 = CARTESIAN_POINT('',(6.7E+03,-230.,5.E+03));
#5462 = DIRECTION('',(0.,0.,1.));
#5463 = DIRECTION('',(1.,0.,-0.));
#5464 = DEFINITIONAL_REPRESENTATION('',(#5465),#5503);
#5465 = B_SPLINE_CURVE_WITH_KNOTS('',6,(#5466,#5467,#5468,#5469,#5470,
    #5471,#5472,#5473,#5474,#5475,#5476,#5477,#5478,#5479,#5480,#5481,
    #5482,#5483,#5484,#5485,#5486,#5487,#5488,#5489,#5490,#5491,#5492,
    #5493,#5494,#5495,#5496,#5497,#5498,#5499,#5500,#5501,#5502),
  .UNSPECIFIED.,.F.,.F.,(7,5,5,5,5,5,5,7),(0.,0.203774865773,
    0.419521906576,0.616130994614,0.688073085764,0.788245759929,
    0.866959457082,1.),.UNSPECIFIED.);
#5466 = CARTESIAN_POINT('',(0.,6.708203932499));
#5467 = CARTESIAN_POINT('',(4.834366476183E-02,6.708203932499));
#5468 = CARTESIAN_POINT('',(9.661148007467E-02,6.723254445983));
#5469 = CARTESIAN_POINT('',(0.14481713973,6.753268195173));
#5470 = CARTESIAN_POINT('',(0.192961202889,6.797505432175));
#5471 = CARTESIAN_POINT('',(0.241017864094,6.854571767907));
#5472 = CARTESIAN_POINT('',(0.339588650682,6.994558510143));
#5473 = CARTESIAN_POINT('',(0.390121851987,7.078858364568));
#5474 = CARTESIAN_POINT('',(0.440666166723,7.173642749618));
#5475 = CARTESIAN_POINT('',(0.491370752323,7.276973719352));
#5476 = CARTESIAN_POINT('',(0.54237492933,7.386885699456));
#5477 = CARTESIAN_POINT('',(0.640704799637,7.605725373352));
#5478 = CARTESIAN_POINT('',(0.687979685866,7.713929530173));
#5479 = CARTESIAN_POINT('',(0.735843592324,7.824689994931));
#5480 = CARTESIAN_POINT('',(0.784489955416,7.936696322298));
#5481 = CARTESIAN_POINT('',(0.834113980159,8.048499395864));
#5482 = CARTESIAN_POINT('',(0.9035082444,8.198582633213));
#5483 = CARTESIAN_POINT('',(0.922259041942,8.238536340234));
#5484 = CARTESIAN_POINT('',(0.941181874833,8.278156719763));
#5485 = CARTESIAN_POINT('',(0.960287900133,8.317355678927));
#5486 = CARTESIAN_POINT('',(0.979588186477,8.356038315121));
#5487 = CARTESIAN_POINT('',(1.026253348009,8.447104334245));
#5488 = CARTESIAN_POINT('',(1.053817197379,8.498919456061));
#5489 = CARTESIAN_POINT('',(1.081807717475,8.549256394296));
#5490 = CARTESIAN_POINT('',(1.110246945771,8.597797380522));
#5491 = CARTESIAN_POINT('',(1.139157955695,8.644199541406));
#5492 = CARTESIAN_POINT('',(1.191674811236,8.722588384818));
#5493 = CARTESIAN_POINT('',(1.215093714227,8.755538688096));
#5494 = CARTESIAN_POINT('',(1.238816167814,8.78673850399));
#5495 = CARTESIAN_POINT('',(1.262837025561,8.815982516516));
#5496 = CARTESIAN_POINT('',(1.287152795779,8.84306988513));
#5497 = CARTESIAN_POINT('',(1.353354955649,8.90961443726));
#5498 = CARTESIAN_POINT('',(1.395881882569,8.944802923564));
#5499 = CARTESIAN_POINT('',(1.439093905083,8.972124735155));
#5500 = CARTESIAN_POINT('',(1.482779330751,8.99068525303));
#5501 = CARTESIAN_POINT('',(1.526744482188,9.));
#5502 = CARTESIAN_POINT('',(1.570796326795,9.));
#5503 = ( GEOMETRIC_REPRESENTATION_CONTEXT(2) 
PARAMETRIC_REPRESENTATION_CONTEXT() REPRESENTATION_CONTEXT('2D SPACE',''
  ) );
#5504 = ORIENTED_EDGE('',*,*,#5505,.T.);
#5505 = EDGE_CURVE('',#5376,#5506,#5508,.T.);
#5506 = VERTEX_POINT('',#5507);
#5507 = CARTESIAN_POINT('',(6.694E+03,-230.,5.006708203932E+03));
#5508 = SURFACE_CURVE('',#5509,(#5514,#5521),.PCURVE_S1.);
#5509 = CIRCLE('',#5510,9.);
#5510 = AXIS2_PLACEMENT_3D('',#5511,#5512,#5513);
#5511 = CARTESIAN_POINT('',(6.7E+03,-230.,5.E+03));
#5512 = DIRECTION('',(0.,1.,0.));
#5513 = DIRECTION('',(0.,-0.,1.));
#5514 = PCURVE('',#4901,#5515);
#5515 = DEFINITIONAL_REPRESENTATION('',(#5516),#5520);
#5516 = LINE('',#5517,#5518);
#5517 = CARTESIAN_POINT('',(0.,0.));
#5518 = VECTOR('',#5519,1.);
#5519 = DIRECTION('',(1.,0.));
#5520 = ( GEOMETRIC_REPRESENTATION_CONTEXT(2) 
PARAMETRIC_REPRESENTATION_CONTEXT() REPRESENTATION_CONTEXT('2D SPACE',''
  ) );
#5521 = PCURVE('',#5522,#5527);
#5522 = PLANE('',#5523);
#5523 = AXIS2_PLACEMENT_3D('',#5524,#5525,#5526);
#5524 = CARTESIAN_POINT('',(6.7E+03,-230.,5.E+03));
#5525 = DIRECTION('',(0.,1.,0.));
#5526 = DIRECTION('',(0.,-0.,1.));
#5527 = DEFINITIONAL_REPRESENTATION('',(#5528),#5532);
#5528 = CIRCLE('',#5529,9.);
#5529 = AXIS2_PLACEMENT_2D('',#5530,#5531);
#5530 = CARTESIAN_POINT('',(0.,0.));
#5531 = DIRECTION('',(1.,0.));
#5532 = ( GEOMETRIC_REPRESENTATION_CONTEXT(2) 
PARAMETRIC_REPRESENTATION_CONTEXT() REPRESENTATION_CONTEXT('2D SPACE',''
  ) );
#5533 = ORIENTED_EDGE('',*,*,#5534,.F.);
#5534 = EDGE_CURVE('',#5351,#5506,#5535,.T.);
#5535 = SURFACE_CURVE('',#5536,(#5579,#5625),.PCURVE_S1.);
#5536 = B_SPLINE_CURVE_WITH_KNOTS('',6,(#5537,#5538,#5539,#5540,#5541,
    #5542,#5543,#5544,#5545,#5546,#5547,#5548,#5549,#5550,#5551,#5552,
    #5553,#5554,#5555,#5556,#5557,#5558,#5559,#5560,#5561,#5562,#5563,
    #5564,#5565,#5566,#5567,#5568,#5569,#5570,#5571,#5572,#5573,#5574,
    #5575,#5576,#5577,#5578),.UNSPECIFIED.,.F.,.F.,(7,5,5,5,5,5,5,5,7),(
    0.,0.128049620589,0.209154069675,0.308894808363,0.384506306687,
    0.582103366758,0.798144877862,0.913861476603,1.),.UNSPECIFIED.);
#5537 = CARTESIAN_POINT('',(6.7E+03,-224.,5.009E+03));
#5538 = CARTESIAN_POINT('',(6.699745622275E+03,-224.,5.009E+03));
#5539 = CARTESIAN_POINT('',(6.699491708822E+03,-224.0129416393,
    5.008991372235E+03));
#5540 = CARTESIAN_POINT('',(6.699240129123E+03,-224.0387361189,
    5.008974175943E+03));
#5541 = CARTESIAN_POINT('',(6.698992740489E+03,-224.0768711304,
    5.008948830073E+03));
#5542 = CARTESIAN_POINT('',(6.698751355323E+03,-224.1264129999,
    5.008916108905E+03));
#5543 = CARTESIAN_POINT('',(6.698369725369E+03,-224.2237098417,
    5.008852384713E+03));
#5544 = CARTESIAN_POINT('',(6.698224681115E+03,-224.2655028694,
    5.00882512242E+03));
#5545 = CARTESIAN_POINT('',(6.698082716377E+03,-224.3111063841,
    5.008795520092E+03));
#5546 = CARTESIAN_POINT('',(6.69794395678E+03,-224.360261332,
    5.00876379774E+03));
#5547 = CARTESIAN_POINT('',(6.697808515883E+03,-224.4127017506,
    5.00873018164E+03));
#5548 = CARTESIAN_POINT('',(6.697514138598E+03,-224.5363470905,
    5.008651516346E+03));
#5549 = CARTESIAN_POINT('',(6.697356919858E+03,-224.6091094061,
    5.008605605688E+03));
#5550 = CARTESIAN_POINT('',(6.697204801564E+03,-224.6860315621,
    5.0085575352E+03));
#5551 = CARTESIAN_POINT('',(6.69705772947E+03,-224.766742742,
    5.008507646374E+03));
#5552 = CARTESIAN_POINT('',(6.696915632896E+03,-224.8509096514,
    5.008456256394E+03));
#5553 = CARTESIAN_POINT('',(6.696674410614E+03,-225.0044362938,
    5.008363782889E+03));
#5554 = CARTESIAN_POINT('',(6.696573187121E+03,-225.0724641768,
    5.008323206608E+03));
#5555 = CARTESIAN_POINT('',(6.696474699813E+03,-225.1422038698,
    5.008282047608E+03));
#5556 = CARTESIAN_POINT('',(6.696378892569E+03,-225.2135538815,
    5.00824041675E+03));
#5557 = CARTESIAN_POINT('',(6.69628570799E+03,-225.2864269515,
    5.008198416564E+03));
#5558 = CARTESIAN_POINT('',(6.695958266766E+03,-225.5549801129,
    5.008045662314E+03));
#5559 = CARTESIAN_POINT('',(6.695738861712E+03,-225.7591915771,
    5.007933260217E+03));
#5560 = CARTESIAN_POINT('',(6.695535986163E+03,-225.9719915685,
    5.007820681605E+03));
#5561 = CARTESIAN_POINT('',(6.69534881124E+03,-226.1924842166,
    5.007709395774E+03));
#5562 = CARTESIAN_POINT('',(6.695176654126E+03,-226.4201639122,
    5.007600732408E+03));
#5563 = CARTESIAN_POINT('',(6.694846769952E+03,-226.9113558289,
    5.007381531933E+03));
#5564 = CARTESIAN_POINT('',(6.694691788557E+03,-227.1763795186,
    5.007271699726E+03));
#5565 = CARTESIAN_POINT('',(6.694553968113E+03,-227.4490224634,
    5.007168530951E+03));
#5566 = CARTESIAN_POINT('',(6.694433267123E+03,-227.7286269991,
    5.007074004151E+03));
#5567 = CARTESIAN_POINT('',(6.694329773373E+03,-228.0147193759,
    5.006990066842E+03));
#5568 = CARTESIAN_POINT('',(6.694197768774E+03,-228.4635303747,
    5.006880239837E+03));
#5569 = CARTESIAN_POINT('',(6.694156775227E+03,-228.6217795926,
    5.006845511115E+03));
#5570 = CARTESIAN_POINT('',(6.694120925477E+03,-228.7815033698,
    5.006814680612E+03));
#5571 = CARTESIAN_POINT('',(6.694090289966E+03,-228.9424900855,
    5.006788023876E+03));
#5572 = CARTESIAN_POINT('',(6.694064924758E+03,-229.1045465927,
    5.006765766512E+03));
#5573 = CARTESIAN_POINT('',(6.694029960785E+03,-229.3887978801,
    5.006734911118E+03));
#5574 = CARTESIAN_POINT('',(6.694017992576E+03,-229.5105680489,
    5.006724278521E+03));
#5575 = CARTESIAN_POINT('',(6.694009000376E+03,-229.6326890225,
    5.006716254194E+03));
#5576 = CARTESIAN_POINT('',(6.694003000161E+03,-229.7550438684,
    5.006710887613E+03));
#5577 = CARTESIAN_POINT('',(6.693999999988E+03,-229.8775182847,
    5.006708203922E+03));
#5578 = CARTESIAN_POINT('',(6.694E+03,-230.0000006,5.006708203932E+03));
#5579 = PCURVE('',#4901,#5580);
#5580 = DEFINITIONAL_REPRESENTATION('',(#5581),#5624);
#5581 = B_SPLINE_CURVE_WITH_KNOTS('',6,(#5582,#5583,#5584,#5585,#5586,
    #5587,#5588,#5589,#5590,#5591,#5592,#5593,#5594,#5595,#5596,#5597,
    #5598,#5599,#5600,#5601,#5602,#5603,#5604,#5605,#5606,#5607,#5608,
    #5609,#5610,#5611,#5612,#5613,#5614,#5615,#5616,#5617,#5618,#5619,
    #5620,#5621,#5622,#5623),.UNSPECIFIED.,.F.,.F.,(7,5,5,5,5,5,5,5,7),(
    0.,0.128049620589,0.209154069675,0.308894808363,0.384506306687,
    0.582103366758,0.798144877862,0.913861476603,1.),.UNSPECIFIED.);
#5582 = CARTESIAN_POINT('',(6.28318530718,6.));
#5583 = CARTESIAN_POINT('',(6.254921115484,6.));
#5584 = CARTESIAN_POINT('',(6.226708504626,5.98705836065));
#5585 = CARTESIAN_POINT('',(6.198714586085,5.961263881097));
#5586 = CARTESIAN_POINT('',(6.171105710677,5.923128869517));
#5587 = CARTESIAN_POINT('',(6.14405260344,5.873587000089));
#5588 = CARTESIAN_POINT('',(6.101062194787,5.776290158239));
#5589 = CARTESIAN_POINT('',(6.084667353435,5.734497130529));
#5590 = CARTESIAN_POINT('',(6.06855884165,5.688893615885));
#5591 = CARTESIAN_POINT('',(6.052747505009,5.639738667911));
#5592 = CARTESIAN_POINT('',(6.037244386092,5.587298249395));
#5593 = CARTESIAN_POINT('',(6.003388078606,5.463652909432));
#5594 = CARTESIAN_POINT('',(5.985194556003,5.390890593877));
#5595 = CARTESIAN_POINT('',(5.967474869549,5.313968437842));
#5596 = CARTESIAN_POINT('',(5.950224265037,5.233257257909));
#5597 = CARTESIAN_POINT('',(5.933438000109,5.149090348507));
#5598 = CARTESIAN_POINT('',(5.904733559415,4.995563706156));
#5599 = CARTESIAN_POINT('',(5.892617893019,4.927535823192));
#5600 = CARTESIAN_POINT('',(5.880759561146,4.857796130123));
#5601 = CARTESIAN_POINT('',(5.869154408463,4.786446118471));
#5602 = CARTESIAN_POINT('',(5.85779841498,4.71357304841));
#5603 = CARTESIAN_POINT('',(5.81765182923,4.445019887048));
#5604 = CARTESIAN_POINT('',(5.790279132438,4.240808422891));
#5605 = CARTESIAN_POINT('',(5.764518948673,4.028008431446));
#5606 = CARTESIAN_POINT('',(5.740336831489,3.807515783333));
#5607 = CARTESIAN_POINT('',(5.717722884372,3.579836087738));
#5608 = CARTESIAN_POINT('',(5.673714970323,3.088644171004));
#5609 = CARTESIAN_POINT('',(5.652618543102,2.823620481389));
#5610 = CARTESIAN_POINT('',(5.633498161833,2.550977536503));
#5611 = CARTESIAN_POINT('',(5.616467681298,2.27137300082));
#5612 = CARTESIAN_POINT('',(5.601662922717,1.985280624051));
#5613 = CARTESIAN_POINT('',(5.582583108149,1.536469625206));
#5614 = CARTESIAN_POINT('',(5.57661371432,1.378220407336));
#5615 = CARTESIAN_POINT('',(5.5713601677,1.218496630122));
#5616 = CARTESIAN_POINT('',(5.566848082256,1.057509914471));
#5617 = CARTESIAN_POINT('',(5.563098556545,0.895453407299));
#5618 = CARTESIAN_POINT('',(5.557917233539,0.611202119848));
#5619 = CARTESIAN_POINT('',(5.556138452757,0.489431951044));
#5620 = CARTESIAN_POINT('',(5.554799355048,0.367310977465));
#5621 = CARTESIAN_POINT('',(5.553904911492,0.244956131534));
#5622 = CARTESIAN_POINT('',(5.553457649127,0.122481715213));
#5623 = CARTESIAN_POINT('',(5.553457650953,-6.E-07));
#5624 = ( GEOMETRIC_REPRESENTATION_CONTEXT(2) 
PARAMETRIC_REPRESENTATION_CONTEXT() REPRESENTATION_CONTEXT('2D SPACE',''
  ) );
#5625 = PCURVE('',#5459,#5626);
#5626 = DEFINITIONAL_REPRESENTATION('',(#5627),#5670);
#5627 = B_SPLINE_CURVE_WITH_KNOTS('',6,(#5628,#5629,#5630,#5631,#5632,
    #5633,#5634,#5635,#5636,#5637,#5638,#5639,#5640,#5641,#5642,#5643,
    #5644,#5645,#5646,#5647,#5648,#5649,#5650,#5651,#5652,#5653,#5654,
    #5655,#5656,#5657,#5658,#5659,#5660,#5661,#5662,#5663,#5664,#5665,
    #5666,#5667,#5668,#5669),.UNSPECIFIED.,.F.,.F.,(7,5,5,5,5,5,5,5,7),(
    0.,0.128049620589,0.209154069675,0.308894808363,0.384506306687,
    0.582103366758,0.798144877862,0.913861476603,1.),.UNSPECIFIED.);
#5628 = CARTESIAN_POINT('',(1.570796326795,9.));
#5629 = CARTESIAN_POINT('',(1.613192614338,9.));
#5630 = CARTESIAN_POINT('',(1.655511522036,8.991372234538));
#5631 = CARTESIAN_POINT('',(1.697578647745,8.974175942685));
#5632 = CARTESIAN_POINT('',(1.739219064002,8.948830073264));
#5633 = CARTESIAN_POINT('',(1.780242767251,8.916108904759));
#5634 = CARTESIAN_POINT('',(1.845882376103,8.852384713451));
#5635 = CARTESIAN_POINT('',(1.871027918256,8.825122420106));
#5636 = CARTESIAN_POINT('',(1.895862685594,8.795520091564));
#5637 = CARTESIAN_POINT('',(1.920381841037,8.763797740336));
#5638 = CARTESIAN_POINT('',(1.944578611455,8.730181639712));
#5639 = CARTESIAN_POINT('',(1.997793624947,8.651516346324));
#5640 = CARTESIAN_POINT('',(2.026648453245,8.605605687925));
#5641 = CARTESIAN_POINT('',(2.055033491826,8.557535200473));
#5642 = CARTESIAN_POINT('',(2.082971070069,8.507646373903));
#5643 = CARTESIAN_POINT('',(2.110482431739,8.456256394207));
#5644 = CARTESIAN_POINT('',(2.158138205257,8.363782889425));
#5645 = CARTESIAN_POINT('',(2.178458457308,8.323206607793));
#5646 = CARTESIAN_POINT('',(2.198562642819,8.282047607711));
#5647 = CARTESIAN_POINT('',(2.218463607365,8.240416749924));
#5648 = CARTESIAN_POINT('',(2.23817429613,8.198416564299));
#5649 = CARTESIAN_POINT('',(2.308754934745,8.045662314228));
#5650 = CARTESIAN_POINT('',(2.358612955268,7.933260216705));
#5651 = CARTESIAN_POINT('',(2.407487243224,7.820681605372));
#5652 = CARTESIAN_POINT('',(2.455575690677,7.709395774106));
#5653 = CARTESIAN_POINT('',(2.503074308749,7.600732407581));
#5654 = CARTESIAN_POINT('',(2.60168874699,7.381531933098));
#5655 = CARTESIAN_POINT('',(2.652758427873,7.271699726162));
#5656 = CARTESIAN_POINT('',(2.703533487424,7.168530951317));
#5657 = CARTESIAN_POINT('',(2.754152455509,7.074004150959));
#5658 = CARTESIAN_POINT('',(2.804764088843,6.990066841753));
#5659 = CARTESIAN_POINT('',(2.882734262436,6.880239836897));
#5660 = CARTESIAN_POINT('',(2.909965221538,6.845511115233));
#5661 = CARTESIAN_POINT('',(2.937226300882,6.814680611807));
#5662 = CARTESIAN_POINT('',(2.964516912866,6.788023875854));
#5663 = CARTESIAN_POINT('',(2.991840420216,6.765766512007));
#5664 = CARTESIAN_POINT('',(3.039572680971,6.734911117525));
#5665 = CARTESIAN_POINT('',(3.059959392097,6.724278520869));
#5666 = CARTESIAN_POINT('',(3.080358846942,6.716254193868));
#5667 = CARTESIAN_POINT('',(3.100766660825,6.710887612708));
#5668 = CARTESIAN_POINT('',(3.121179034388,6.708203921544));
#5669 = CARTESIAN_POINT('',(3.14159275359,6.708203932499));
#5670 = ( GEOMETRIC_REPRESENTATION_CONTEXT(2) 
PARAMETRIC_REPRESENTATION_CONTEXT() REPRESENTATION_CONTEXT('2D SPACE',''
  ) );
#5671 = ORIENTED_EDGE('',*,*,#5350,.T.);
#5672 = ORIENTED_EDGE('',*,*,#5673,.F.);
#5673 = EDGE_CURVE('',#5674,#5353,#5676,.T.);
#5674 = VERTEX_POINT('',#5675);
#5675 = CARTESIAN_POINT('',(6.694E+03,230.,5.006708203932E+03));
#5676 = SURFACE_CURVE('',#5677,(#5715,#5756),.PCURVE_S1.);
#5677 = B_SPLINE_CURVE_WITH_KNOTS('',6,(#5678,#5679,#5680,#5681,#5682,
    #5683,#5684,#5685,#5686,#5687,#5688,#5689,#5690,#5691,#5692,#5693,
    #5694,#5695,#5696,#5697,#5698,#5699,#5700,#5701,#5702,#5703,#5704,
    #5705,#5706,#5707,#5708,#5709,#5710,#5711,#5712,#5713,#5714),
  .UNSPECIFIED.,.F.,.F.,(7,5,5,5,5,5,5,7),(0.,0.203774921615,
    0.419521947281,0.616131021523,0.688073107626,0.788245774766,
    0.866959466402,1.),.UNSPECIFIED.);
#5678 = CARTESIAN_POINT('',(6.694E+03,230.00000060004,5.006708203932E+03
    ));
#5679 = CARTESIAN_POINT('',(6.693999999971E+03,229.70993851128,
    5.006708203907E+03));
#5680 = CARTESIAN_POINT('',(6.694016826977E+03,229.42033127138,
    5.006723254405E+03));
#5681 = CARTESIAN_POINT('',(6.694050383192E+03,229.13231862132,
    5.006753268149E+03));
#5682 = CARTESIAN_POINT('',(6.694100479396E+03,228.84709265298,
    5.006797505393E+03));
#5683 = CARTESIAN_POINT('',(6.694166804659E+03,228.56599923655,
    5.006854571745E+03));
#5684 = CARTESIAN_POINT('',(6.694335298565E+03,227.99908379356,
    5.00699455851E+03));
#5685 = CARTESIAN_POINT('',(6.694439413324E+03,227.71372068917,
    5.007078858365E+03));
#5686 = CARTESIAN_POINT('',(6.694560673079E+03,227.43485048817,
    5.00717364275E+03));
#5687 = CARTESIAN_POINT('',(6.694698996349E+03,227.16294059506,
    5.007276973719E+03));
#5688 = CARTESIAN_POINT('',(6.694854432921E+03,226.89864174105,
    5.007386885699E+03));
#5689 = CARTESIAN_POINT('',(6.695184545489E+03,226.409662013,
    5.007605725373E+03));
#5690 = CARTESIAN_POINT('',(6.695356373661E+03,226.18342543674,
    5.00771392953E+03));
#5691 = CARTESIAN_POINT('',(6.695543082033E+03,225.96431723161,
    5.007824689995E+03));
#5692 = CARTESIAN_POINT('',(6.695745347739E+03,225.75284045507,
    5.007936696322E+03));
#5693 = CARTESIAN_POINT('',(6.695963990068E+03,225.54988287362,
    5.008048499396E+03));
#5694 = CARTESIAN_POINT('',(6.696286200074E+03,225.28617657374,
    5.008198582633E+03));
#5695 = CARTESIAN_POINT('',(6.696374839024E+03,225.21684707844,
    5.00823853634E+03));
#5696 = CARTESIAN_POINT('',(6.696465850701E+03,225.14889544481,
    5.00827815672E+03));
#5697 = CARTESIAN_POINT('',(6.69655928459E+03,225.08239648988,
    5.008317355679E+03));
#5698 = CARTESIAN_POINT('',(6.696655189152E+03,225.01743668873,
    5.008356038315E+03));
#5699 = CARTESIAN_POINT('',(6.696890656229E+03,224.86594345977,
    5.008447104334E+03));
#5700 = CARTESIAN_POINT('',(6.697032613884E+03,224.78092689372,
    5.008498919456E+03));
#5701 = CARTESIAN_POINT('',(6.697179576528E+03,224.69935841462,
    5.008549256394E+03));
#5702 = CARTESIAN_POINT('',(6.697331620071E+03,224.62157024246,
    5.008597797381E+03));
#5703 = CARTESIAN_POINT('',(6.697488804184E+03,224.54793339913,
    5.008644199541E+03));
#5704 = CARTESIAN_POINT('',(6.697778757189E+03,224.42458033202,
    5.008722588385E+03));
#5705 = CARTESIAN_POINT('',(6.697909561419E+03,224.37311131417,
    5.008755538688E+03));
#5706 = CARTESIAN_POINT('',(6.698043499875E+03,224.32469768327,
    5.008786738504E+03));
#5707 = CARTESIAN_POINT('',(6.69818047725E+03,224.27958018585,
    5.008815982517E+03));
#5708 = CARTESIAN_POINT('',(6.698320387604E+03,224.23799483331,
    5.008843069885E+03));
#5709 = CARTESIAN_POINT('',(6.698704348617E+03,224.13624968295,
    5.008909614437E+03));
#5710 = CARTESIAN_POINT('',(6.698954187981E+03,224.08293109064,
    5.008944802924E+03));
#5711 = CARTESIAN_POINT('',(6.699210708756E+03,224.04181293995,
    5.008972124735E+03));
#5712 = CARTESIAN_POINT('',(6.699471898016E+03,224.01397210938,
    5.008990685253E+03));
#5713 = CARTESIAN_POINT('',(6.699735688932E+03,224.,5.009E+03));
#5714 = CARTESIAN_POINT('',(6.7E+03,224.,5.009E+03));
#5715 = PCURVE('',#4901,#5716);
#5716 = DEFINITIONAL_REPRESENTATION('',(#5717),#5755);
#5717 = B_SPLINE_CURVE_WITH_KNOTS('',6,(#5718,#5719,#5720,#5721,#5722,
    #5723,#5724,#5725,#5726,#5727,#5728,#5729,#5730,#5731,#5732,#5733,
    #5734,#5735,#5736,#5737,#5738,#5739,#5740,#5741,#5742,#5743,#5744,
    #5745,#5746,#5747,#5748,#5749,#5750,#5751,#5752,#5753,#5754),
  .UNSPECIFIED.,.F.,.F.,(7,5,5,5,5,5,5,7),(0.,0.203774921615,
    0.419521947281,0.616131021523,0.688073107626,0.788245774766,
    0.866959466402,1.),.UNSPECIFIED.);
#5718 = CARTESIAN_POINT('',(5.553457650953,460.0000006));
#5719 = CARTESIAN_POINT('',(5.553457646628,459.70993851123));
#5720 = CARTESIAN_POINT('',(5.555966052132,459.42033127158));
#5721 = CARTESIAN_POINT('',(5.560968394023,459.13231862112));
#5722 = CARTESIAN_POINT('',(5.56839390099,458.84709265306));
#5723 = CARTESIAN_POINT('',(5.578114252668,458.56599923655));
#5724 = CARTESIAN_POINT('',(5.602454051624,457.99908379356));
#5725 = CARTESIAN_POINT('',(5.617337752352,457.71372068917));
#5726 = CARTESIAN_POINT('',(5.634434700698,457.43485048817));
#5727 = CARTESIAN_POINT('',(5.653610550715,457.16294059506));
#5728 = CARTESIAN_POINT('',(5.674753333941,456.89864174105));
#5729 = CARTESIAN_POINT('',(5.718760223219,456.409662013));
#5730 = CARTESIAN_POINT('',(5.741316075689,456.18342543674));
#5731 = CARTESIAN_POINT('',(5.765423919936,455.96431723161));
#5732 = CARTESIAN_POINT('',(5.791094222138,455.75284045507));
#5733 = CARTESIAN_POINT('',(5.818361390989,455.54988287362));
#5734 = CARTESIAN_POINT('',(5.857855767254,455.28617657374));
#5735 = CARTESIAN_POINT('',(5.868657991296,455.21684707844));
#5736 = CARTESIAN_POINT('',(5.879685656692,455.14889544481));
#5737 = CARTESIAN_POINT('',(5.890942227392,455.08239648988));
#5738 = CARTESIAN_POINT('',(5.90243127792,455.01743668873));
#5739 = CARTESIAN_POINT('',(5.930482765909,454.86594345977));
#5740 = CARTESIAN_POINT('',(5.947270655286,454.78092689372));
#5741 = CARTESIAN_POINT('',(5.964525811184,454.69935841462));
#5742 = CARTESIAN_POINT('',(5.982253398573,454.62157024246));
#5743 = CARTESIAN_POINT('',(6.000458601476,454.54793339913));
#5744 = CARTESIAN_POINT('',(6.0338321986,454.42458033202));
#5745 = CARTESIAN_POINT('',(6.048817807765,454.37311131417));
#5746 = CARTESIAN_POINT('',(6.06409453174,454.32469768327));
#5747 = CARTESIAN_POINT('',(6.07965306994,454.27958018585));
#5748 = CARTESIAN_POINT('',(6.095484279563,454.23799483331));
#5749 = CARTESIAN_POINT('',(6.138782589736,454.13624968295));
#5750 = CARTESIAN_POINT('',(6.16680244405,454.08293109064));
#5751 = CARTESIAN_POINT('',(6.195440711185,454.04181293995));
#5752 = CARTESIAN_POINT('',(6.224507302985,454.01397210938));
#5753 = CARTESIAN_POINT('',(6.253817410775,454.));
#5754 = CARTESIAN_POINT('',(6.28318530718,454.));
#5755 = ( GEOMETRIC_REPRESENTATION_CONTEXT(2) 
PARAMETRIC_REPRESENTATION_CONTEXT() REPRESENTATION_CONTEXT('2D SPACE',''
  ) );
#5756 = PCURVE('',#5757,#5762);
#5757 = CYLINDRICAL_SURFACE('',#5758,6.);
#5758 = AXIS2_PLACEMENT_3D('',#5759,#5760,#5761);
#5759 = CARTESIAN_POINT('',(6.7E+03,230.,5.E+03));
#5760 = DIRECTION('',(0.,0.,1.));
#5761 = DIRECTION('',(1.,0.,-0.));
#5762 = DEFINITIONAL_REPRESENTATION('',(#5763),#5801);
#5763 = B_SPLINE_CURVE_WITH_KNOTS('',6,(#5764,#5765,#5766,#5767,#5768,
    #5769,#5770,#5771,#5772,#5773,#5774,#5775,#5776,#5777,#5778,#5779,
    #5780,#5781,#5782,#5783,#5784,#5785,#5786,#5787,#5788,#5789,#5790,
    #5791,#5792,#5793,#5794,#5795,#5796,#5797,#5798,#5799,#5800),
  .UNSPECIFIED.,.F.,.F.,(7,5,5,5,5,5,5,7),(0.,0.203774921615,
    0.419521947281,0.616131021523,0.688073107626,0.788245774766,
    0.866959466402,1.),.UNSPECIFIED.);
#5764 = CARTESIAN_POINT('',(3.141592553573,6.708203932499));
#5765 = CARTESIAN_POINT('',(3.189936235034,6.708203906551));
#5766 = CARTESIAN_POINT('',(3.238204067139,6.723254404538));
#5767 = CARTESIAN_POINT('',(3.286409743413,6.753268149346));
#5768 = CARTESIAN_POINT('',(3.33455382335,6.797505392798));
#5769 = CARTESIAN_POINT('',(3.382610501204,6.854571744503));
#5770 = CARTESIAN_POINT('',(3.481181304271,6.994558510143));
#5771 = CARTESIAN_POINT('',(3.531714505577,7.078858364568));
#5772 = CARTESIAN_POINT('',(3.582258820313,7.173642749618));
#5773 = CARTESIAN_POINT('',(3.632963405913,7.276973719352));
#5774 = CARTESIAN_POINT('',(3.68396758292,7.386885699456));
#5775 = CARTESIAN_POINT('',(3.782297453226,7.605725373351));
#5776 = CARTESIAN_POINT('',(3.829572339456,7.713929530174));
#5777 = CARTESIAN_POINT('',(3.877436245913,7.82468999493));
#5778 = CARTESIAN_POINT('',(3.926082609004,7.936696322296));
#5779 = CARTESIAN_POINT('',(3.975706633749,8.048499395864));
#5780 = CARTESIAN_POINT('',(4.045100897989,8.198582633212));
#5781 = CARTESIAN_POINT('',(4.063851695531,8.238536340233));
#5782 = CARTESIAN_POINT('',(4.082774528422,8.278156719762));
#5783 = CARTESIAN_POINT('',(4.101880553723,8.317355678926));
#5784 = CARTESIAN_POINT('',(4.121180840067,8.35603831512));
#5785 = CARTESIAN_POINT('',(4.167846001599,8.447104334245));
#5786 = CARTESIAN_POINT('',(4.195409850968,8.498919456059));
#5787 = CARTESIAN_POINT('',(4.223400371064,8.549256394295));
#5788 = CARTESIAN_POINT('',(4.251839599361,8.597797380521));
#5789 = CARTESIAN_POINT('',(4.280750609284,8.644199541406));
#5790 = CARTESIAN_POINT('',(4.333267464826,8.722588384818));
#5791 = CARTESIAN_POINT('',(4.356686367816,8.755538688095));
#5792 = CARTESIAN_POINT('',(4.380408821402,8.786738503988));
#5793 = CARTESIAN_POINT('',(4.40442967915,8.815982516515));
#5794 = CARTESIAN_POINT('',(4.428745449368,8.843069885129));
#5795 = CARTESIAN_POINT('',(4.494947609238,8.909614437259));
#5796 = CARTESIAN_POINT('',(4.537474536158,8.944802923564));
#5797 = CARTESIAN_POINT('',(4.580686558673,8.972124735155));
#5798 = CARTESIAN_POINT('',(4.62437198434,8.99068525303));
#5799 = CARTESIAN_POINT('',(4.668337135777,9.));
#5800 = CARTESIAN_POINT('',(4.712388980385,9.));
#5801 = ( GEOMETRIC_REPRESENTATION_CONTEXT(2) 
PARAMETRIC_REPRESENTATION_CONTEXT() REPRESENTATION_CONTEXT('2D SPACE',''
  ) );
#5802 = ORIENTED_EDGE('',*,*,#5803,.F.);
#5803 = EDGE_CURVE('',#5804,#5674,#5806,.T.);
#5804 = VERTEX_POINT('',#5805);
#5805 = CARTESIAN_POINT('',(6.706E+03,230.,5.006708203932E+03));
#5806 = SURFACE_CURVE('',#5807,(#5812,#5819),.PCURVE_S1.);
#5807 = CIRCLE('',#5808,9.);
#5808 = AXIS2_PLACEMENT_3D('',#5809,#5810,#5811);
#5809 = CARTESIAN_POINT('',(6.7E+03,230.,5.E+03));
#5810 = DIRECTION('',(0.,1.,0.));
#5811 = DIRECTION('',(0.,-0.,1.));
#5812 = PCURVE('',#4901,#5813);
#5813 = DEFINITIONAL_REPRESENTATION('',(#5814),#5818);
#5814 = LINE('',#5815,#5816);
#5815 = CARTESIAN_POINT('',(0.,460.));
#5816 = VECTOR('',#5817,1.);
#5817 = DIRECTION('',(1.,0.));
#5818 = ( GEOMETRIC_REPRESENTATION_CONTEXT(2) 
PARAMETRIC_REPRESENTATION_CONTEXT() REPRESENTATION_CONTEXT('2D SPACE',''
  ) );
#5819 = PCURVE('',#5820,#5825);
#5820 = PLANE('',#5821);
#5821 = AXIS2_PLACEMENT_3D('',#5822,#5823,#5824);
#5822 = CARTESIAN_POINT('',(6.7E+03,230.,5.E+03));
#5823 = DIRECTION('',(0.,1.,0.));
#5824 = DIRECTION('',(0.,-0.,1.));
#5825 = DEFINITIONAL_REPRESENTATION('',(#5826),#5830);
#5826 = CIRCLE('',#5827,9.);
#5827 = AXIS2_PLACEMENT_2D('',#5828,#5829);
#5828 = CARTESIAN_POINT('',(0.,0.));
#5829 = DIRECTION('',(1.,0.));
#5830 = ( GEOMETRIC_REPRESENTATION_CONTEXT(2) 
PARAMETRIC_REPRESENTATION_CONTEXT() REPRESENTATION_CONTEXT('2D SPACE',''
  ) );
#5831 = ORIENTED_EDGE('',*,*,#5832,.F.);
#5832 = EDGE_CURVE('',#5353,#5804,#5833,.T.);
#5833 = SURFACE_CURVE('',#5834,(#5872,#5913),.PCURVE_S1.);
#5834 = B_SPLINE_CURVE_WITH_KNOTS('',6,(#5835,#5836,#5837,#5838,#5839,
    #5840,#5841,#5842,#5843,#5844,#5845,#5846,#5847,#5848,#5849,#5850,
    #5851,#5852,#5853,#5854,#5855,#5856,#5857,#5858,#5859,#5860,#5861,
    #5862,#5863,#5864,#5865,#5866,#5867,#5868,#5869,#5870,#5871),
  .UNSPECIFIED.,.F.,.F.,(7,5,5,5,5,5,5,7),(0.,0.128065782895,
    0.209180468926,0.308933796837,0.384554838804,0.582176858864,
    0.798245640104,1.),.UNSPECIFIED.);
#5835 = CARTESIAN_POINT('',(6.7E+03,224.,5.009E+03));
#5836 = CARTESIAN_POINT('',(6.700254377725E+03,224.,5.009E+03));
#5837 = CARTESIAN_POINT('',(6.700508291178E+03,224.01294163935,
    5.008991372235E+03));
#5838 = CARTESIAN_POINT('',(6.700759870877E+03,224.0387361189,
    5.008974175943E+03));
#5839 = CARTESIAN_POINT('',(6.701007259511E+03,224.07687113048,
    5.008948830073E+03));
#5840 = CARTESIAN_POINT('',(6.701248644677E+03,224.12641299991,
    5.008916108905E+03));
#5841 = CARTESIAN_POINT('',(6.701630274631E+03,224.22370984176,
    5.008852384713E+03));
#5842 = CARTESIAN_POINT('',(6.701775318885E+03,224.26550286947,
    5.00882512242E+03));
#5843 = CARTESIAN_POINT('',(6.701917283623E+03,224.3111063841,
    5.008795520092E+03));
#5844 = CARTESIAN_POINT('',(6.70205604322E+03,224.36026133208,
    5.00876379774E+03));
#5845 = CARTESIAN_POINT('',(6.702191484117E+03,224.41270175061,
    5.00873018164E+03));
#5846 = CARTESIAN_POINT('',(6.702485861402E+03,224.53634709056,
    5.008651516346E+03));
#5847 = CARTESIAN_POINT('',(6.702643080142E+03,224.60910940612,
    5.008605605688E+03));
#5848 = CARTESIAN_POINT('',(6.702795198436E+03,224.68603156215,
    5.0085575352E+03));
#5849 = CARTESIAN_POINT('',(6.70294227053E+03,224.76674274209,
    5.008507646374E+03));
#5850 = CARTESIAN_POINT('',(6.703084367104E+03,224.85090965149,
    5.008456256394E+03));
#5851 = CARTESIAN_POINT('',(6.703325589386E+03,225.00443629384,
    5.008363782889E+03));
#5852 = CARTESIAN_POINT('',(6.703426812879E+03,225.0724641768,
    5.008323206608E+03));
#5853 = CARTESIAN_POINT('',(6.703525300187E+03,225.14220386987,
    5.008282047608E+03));
#5854 = CARTESIAN_POINT('',(6.703621107431E+03,225.21355388152,
    5.00824041675E+03));
#5855 = CARTESIAN_POINT('',(6.70371429201E+03,225.28642695158,
    5.008198416564E+03));
#5856 = CARTESIAN_POINT('',(6.704041733257E+03,225.55498013201,
    5.008045662303E+03));
#5857 = CARTESIAN_POINT('',(6.704261138257E+03,225.75919154474,
    5.007933260233E+03));
#5858 = CARTESIAN_POINT('',(6.704464013833E+03,225.97199156957,
    5.007820681606E+03));
#5859 = CARTESIAN_POINT('',(6.704651188788E+03,226.19248424945,
    5.007709395758E+03));
#5860 = CARTESIAN_POINT('',(6.70482334586E+03,226.42016389085,
    5.007600732417E+03));
#5861 = CARTESIAN_POINT('',(6.705153230048E+03,226.91135582899,
    5.007381531933E+03));
#5862 = CARTESIAN_POINT('',(6.705308211443E+03,227.1763795186,
    5.007271699726E+03));
#5863 = CARTESIAN_POINT('',(6.705446031887E+03,227.44902246349,
    5.007168530951E+03));
#5864 = CARTESIAN_POINT('',(6.705566732877E+03,227.72862699918,
    5.007074004151E+03));
#5865 = CARTESIAN_POINT('',(6.705670226627E+03,228.01471937595,
    5.006990066842E+03));
#5866 = CARTESIAN_POINT('',(6.705836455013E+03,228.57989004792,
    5.006851765859E+03));
#5867 = CARTESIAN_POINT('',(6.705901489899E+03,228.85836230224,
    5.006795766275E+03));
#5868 = CARTESIAN_POINT('',(6.705950607193E+03,229.14085590892,
    5.006752382313E+03));
#5869 = CARTESIAN_POINT('',(6.705983504895E+03,229.426060575,
    5.006722957572E+03));
#5870 = CARTESIAN_POINT('',(6.706E+03,229.71281311408,5.006708203932E+03
    ));
#5871 = CARTESIAN_POINT('',(6.706E+03,230.,5.006708203932E+03));
#5872 = PCURVE('',#4901,#5873);
#5873 = DEFINITIONAL_REPRESENTATION('',(#5874),#5912);
#5874 = B_SPLINE_CURVE_WITH_KNOTS('',6,(#5875,#5876,#5877,#5878,#5879,
    #5880,#5881,#5882,#5883,#5884,#5885,#5886,#5887,#5888,#5889,#5890,
    #5891,#5892,#5893,#5894,#5895,#5896,#5897,#5898,#5899,#5900,#5901,
    #5902,#5903,#5904,#5905,#5906,#5907,#5908,#5909,#5910,#5911),
  .UNSPECIFIED.,.F.,.F.,(7,5,5,5,5,5,5,7),(0.,0.128065782895,
    0.209180468926,0.308933796837,0.384554838804,0.582176858864,
    0.798245640104,1.),.UNSPECIFIED.);
#5875 = CARTESIAN_POINT('',(0.,454.));
#5876 = CARTESIAN_POINT('',(2.82641916953E-02,454.));
#5877 = CARTESIAN_POINT('',(5.647680255366E-02,454.01294163935));
#5878 = CARTESIAN_POINT('',(8.447072109491E-02,454.0387361189));
#5879 = CARTESIAN_POINT('',(0.112079596503,454.07687113048));
#5880 = CARTESIAN_POINT('',(0.139132703739,454.12641299991));
#5881 = CARTESIAN_POINT('',(0.182123112396,454.22370984176));
#5882 = CARTESIAN_POINT('',(0.198517953744,454.26550286947));
#5883 = CARTESIAN_POINT('',(0.214626465527,454.3111063841));
#5884 = CARTESIAN_POINT('',(0.230437802169,454.36026133208));
#5885 = CARTESIAN_POINT('',(0.24594092109,454.41270175061));
#5886 = CARTESIAN_POINT('',(0.279797228573,454.53634709056));
#5887 = CARTESIAN_POINT('',(0.297990751176,454.60910940612));
#5888 = CARTESIAN_POINT('',(0.31571043763,454.68603156215));
#5889 = CARTESIAN_POINT('',(0.332961042143,454.76674274209));
#5890 = CARTESIAN_POINT('',(0.349747307071,454.85090965149));
#5891 = CARTESIAN_POINT('',(0.378451747764,455.00443629384));
#5892 = CARTESIAN_POINT('',(0.390567414161,455.0724641768));
#5893 = CARTESIAN_POINT('',(0.402425746034,455.14220386987));
#5894 = CARTESIAN_POINT('',(0.414030898717,455.21355388152));
#5895 = CARTESIAN_POINT('',(0.425386892199,455.28642695158));
#5896 = CARTESIAN_POINT('',(0.465533480799,455.55498013201));
#5897 = CARTESIAN_POINT('',(0.492906170835,455.75919154474));
#5898 = CARTESIAN_POINT('',(0.518666358068,455.97199156957));
#5899 = CARTESIAN_POINT('',(0.542848479386,456.19248424945));
#5900 = CARTESIAN_POINT('',(0.565462420889,456.42016389085));
#5901 = CARTESIAN_POINT('',(0.609470336857,456.91135582899));
#5902 = CARTESIAN_POINT('',(0.630566764077,457.1763795186));
#5903 = CARTESIAN_POINT('',(0.649687145347,457.44902246349));
#5904 = CARTESIAN_POINT('',(0.666717625882,457.72862699918));
#5905 = CARTESIAN_POINT('',(0.681522384463,458.01471937595));
#5906 = CARTESIAN_POINT('',(0.705548871443,458.57989004792));
#5907 = CARTESIAN_POINT('',(0.715083313795,458.85836230224));
#5908 = CARTESIAN_POINT('',(0.722364555256,459.14085590892));
#5909 = CARTESIAN_POINT('',(0.727268726416,459.426060575));
#5910 = CARTESIAN_POINT('',(0.729727656227,459.71281311408));
#5911 = CARTESIAN_POINT('',(0.729727656227,460.));
#5912 = ( GEOMETRIC_REPRESENTATION_CONTEXT(2) 
PARAMETRIC_REPRESENTATION_CONTEXT() REPRESENTATION_CONTEXT('2D SPACE',''
  ) );
#5913 = PCURVE('',#5757,#5914);
#5914 = DEFINITIONAL_REPRESENTATION('',(#5915),#5953);
#5915 = B_SPLINE_CURVE_WITH_KNOTS('',6,(#5916,#5917,#5918,#5919,#5920,
    #5921,#5922,#5923,#5924,#5925,#5926,#5927,#5928,#5929,#5930,#5931,
    #5932,#5933,#5934,#5935,#5936,#5937,#5938,#5939,#5940,#5941,#5942,
    #5943,#5944,#5945,#5946,#5947,#5948,#5949,#5950,#5951,#5952),
  .UNSPECIFIED.,.F.,.F.,(7,5,5,5,5,5,5,7),(0.,0.128065782895,
    0.209180468926,0.308933796837,0.384554838804,0.582176858864,
    0.798245640104,1.),.UNSPECIFIED.);
#5916 = CARTESIAN_POINT('',(4.712388980385,9.));
#5917 = CARTESIAN_POINT('',(4.754785267928,9.));
#5918 = CARTESIAN_POINT('',(4.797104175626,8.991372234538));
#5919 = CARTESIAN_POINT('',(4.839171301334,8.974175942685));
#5920 = CARTESIAN_POINT('',(4.880811717591,8.948830073264));
#5921 = CARTESIAN_POINT('',(4.921835420841,8.916108904759));
#5922 = CARTESIAN_POINT('',(4.987475029697,8.852384713446));
#5923 = CARTESIAN_POINT('',(5.012620571844,8.825122420106));
#5924 = CARTESIAN_POINT('',(5.037455339179,8.795520091569));
#5925 = CARTESIAN_POINT('',(5.061974494625,8.763797740339));
#5926 = CARTESIAN_POINT('',(5.086171265049,8.730181639706));
#5927 = CARTESIAN_POINT('',(5.139386278536,8.651516346323));
#5928 = CARTESIAN_POINT('',(5.168241106834,8.605605687925));
#5929 = CARTESIAN_POINT('',(5.196626145415,8.557535200473));
#5930 = CARTESIAN_POINT('',(5.224563723658,8.507646373903));
#5931 = CARTESIAN_POINT('',(5.252075085329,8.456256394207));
#5932 = CARTESIAN_POINT('',(5.299730858846,8.363782889425));
#5933 = CARTESIAN_POINT('',(5.320051110898,8.323206607794));
#5934 = CARTESIAN_POINT('',(5.340155296408,8.282047607712));
#5935 = CARTESIAN_POINT('',(5.360056260955,8.240416749924));
#5936 = CARTESIAN_POINT('',(5.37976694972,8.198416564299));
#5937 = CARTESIAN_POINT('',(5.450347593345,8.045662303386));
#5938 = CARTESIAN_POINT('',(5.500205601334,7.933260233286));
#5939 = CARTESIAN_POINT('',(5.549079896471,7.820681606001));
#5940 = CARTESIAN_POINT('',(5.597168351619,7.709395757849));
#5941 = CARTESIAN_POINT('',(5.64466695804,7.600732417135));
#5942 = CARTESIAN_POINT('',(5.74328140058,7.381531933097));
#5943 = CARTESIAN_POINT('',(5.794351081462,7.271699726164));
#5944 = CARTESIAN_POINT('',(5.845126141013,7.168530951317));
#5945 = CARTESIAN_POINT('',(5.895745109099,7.074004150959));
#5946 = CARTESIAN_POINT('',(5.946356742433,6.990066841752));
#5947 = CARTESIAN_POINT('',(6.044541625417,6.851765859169));
#5948 = CARTESIAN_POINT('',(6.092126138268,6.795766275343));
#5949 = CARTESIAN_POINT('',(6.139797094877,6.752382313216));
#5950 = CARTESIAN_POINT('',(6.18752877487,6.722957571802));
#5951 = CARTESIAN_POINT('',(6.235320826193,6.708203932499));
#5952 = CARTESIAN_POINT('',(6.28318530718,6.708203932499));
#5953 = ( GEOMETRIC_REPRESENTATION_CONTEXT(2) 
PARAMETRIC_REPRESENTATION_CONTEXT() REPRESENTATION_CONTEXT('2D SPACE',''
  ) );
#5954 = FACE_BOUND('',#5955,.T.);
#5955 = EDGE_LOOP('',(#5956,#5957,#5958,#5959));
#5956 = ORIENTED_EDGE('',*,*,#4733,.F.);
#5957 = ORIENTED_EDGE('',*,*,#5328,.T.);
#5958 = ORIENTED_EDGE('',*,*,#5018,.T.);
#5959 = ORIENTED_EDGE('',*,*,#5960,.F.);
#5960 = EDGE_CURVE('',#4734,#4990,#5961,.T.);
#5961 = SURFACE_CURVE('',#5962,(#5966,#5972),.PCURVE_S1.);
#5962 = LINE('',#5963,#5964);
#5963 = CARTESIAN_POINT('',(6.691E+03,-230.,5.E+03));
#5964 = VECTOR('',#5965,1.);
#5965 = DIRECTION('',(0.,1.,0.));
#5966 = PCURVE('',#4901,#5967);
#5967 = DEFINITIONAL_REPRESENTATION('',(#5968),#5971);
#5968 = B_SPLINE_CURVE_WITH_KNOTS('',1,(#5969,#5970),.UNSPECIFIED.,.F.,
  .F.,(2,2),(218.,242.),.PIECEWISE_BEZIER_KNOTS.);
#5969 = CARTESIAN_POINT('',(4.712388980385,218.));
#5970 = CARTESIAN_POINT('',(4.712388980385,242.));
#5971 = ( GEOMETRIC_REPRESENTATION_CONTEXT(2) 
PARAMETRIC_REPRESENTATION_CONTEXT() REPRESENTATION_CONTEXT('2D SPACE',''
  ) );
#5972 = PCURVE('',#5006,#5973);
#5973 = DEFINITIONAL_REPRESENTATION('',(#5974),#5977);
#5974 = B_SPLINE_CURVE_WITH_KNOTS('',1,(#5975,#5976),.UNSPECIFIED.,.F.,
  .F.,(2,2),(218.,242.),.PIECEWISE_BEZIER_KNOTS.);
#5975 = CARTESIAN_POINT('',(-9.,-12.));
#5976 = CARTESIAN_POINT('',(-9.,12.));
#5977 = ( GEOMETRIC_REPRESENTATION_CONTEXT(2) 
PARAMETRIC_REPRESENTATION_CONTEXT() REPRESENTATION_CONTEXT('2D SPACE',''
  ) );
#5978 = ADVANCED_FACE('',(#5979),#5006,.T.);
#5979 = FACE_BOUND('',#5980,.T.);
#5980 = EDGE_LOOP('',(#5981,#5982));
#5981 = ORIENTED_EDGE('',*,*,#5960,.T.);
#5982 = ORIENTED_EDGE('',*,*,#4989,.T.);
#5983 = ADVANCED_FACE('',(#5984),#5757,.T.);
#5984 = FACE_BOUND('',#5985,.T.);
#5985 = EDGE_LOOP('',(#5986,#5987,#6010,#6039,#6065,#6094,#6120,#6142,
    #6143,#6166,#6195,#6214));
#5986 = ORIENTED_EDGE('',*,*,#5832,.T.);
#5987 = ORIENTED_EDGE('',*,*,#5988,.T.);
#5988 = EDGE_CURVE('',#5804,#5989,#5991,.T.);
#5989 = VERTEX_POINT('',#5990);
#5990 = CARTESIAN_POINT('',(6.706E+03,230.,5.09E+03));
#5991 = SEAM_CURVE('',#5992,(#5996,#6003),.PCURVE_S1.);
#5992 = LINE('',#5993,#5994);
#5993 = CARTESIAN_POINT('',(6.706E+03,230.,5.E+03));
#5994 = VECTOR('',#5995,1.);
#5995 = DIRECTION('',(0.,0.,1.));
#5996 = PCURVE('',#5757,#5997);
#5997 = DEFINITIONAL_REPRESENTATION('',(#5998),#6002);
#5998 = LINE('',#5999,#6000);
#5999 = CARTESIAN_POINT('',(0.,-0.));
#6000 = VECTOR('',#6001,1.);
#6001 = DIRECTION('',(0.,1.));
#6002 = ( GEOMETRIC_REPRESENTATION_CONTEXT(2) 
PARAMETRIC_REPRESENTATION_CONTEXT() REPRESENTATION_CONTEXT('2D SPACE',''
  ) );
#6003 = PCURVE('',#5757,#6004);
#6004 = DEFINITIONAL_REPRESENTATION('',(#6005),#6009);
#6005 = LINE('',#6006,#6007);
#6006 = CARTESIAN_POINT('',(6.28318530718,-0.));
#6007 = VECTOR('',#6008,1.);
#6008 = DIRECTION('',(0.,1.));
#6009 = ( GEOMETRIC_REPRESENTATION_CONTEXT(2) 
PARAMETRIC_REPRESENTATION_CONTEXT() REPRESENTATION_CONTEXT('2D SPACE',''
  ) );
#6010 = ORIENTED_EDGE('',*,*,#6011,.F.);
#6011 = EDGE_CURVE('',#6012,#5989,#6014,.T.);
#6012 = VERTEX_POINT('',#6013);
#6013 = CARTESIAN_POINT('',(6.694343145751E+03,228.,5.09E+03));
#6014 = SURFACE_CURVE('',#6015,(#6020,#6027),.PCURVE_S1.);
#6015 = CIRCLE('',#6016,6.);
#6016 = AXIS2_PLACEMENT_3D('',#6017,#6018,#6019);
#6017 = CARTESIAN_POINT('',(6.7E+03,230.,5.09E+03));
#6018 = DIRECTION('',(0.,0.,1.));
#6019 = DIRECTION('',(1.,0.,-0.));
#6020 = PCURVE('',#5757,#6021);
#6021 = DEFINITIONAL_REPRESENTATION('',(#6022),#6026);
#6022 = LINE('',#6023,#6024);
#6023 = CARTESIAN_POINT('',(0.,90.));
#6024 = VECTOR('',#6025,1.);
#6025 = DIRECTION('',(1.,0.));
#6026 = ( GEOMETRIC_REPRESENTATION_CONTEXT(2) 
PARAMETRIC_REPRESENTATION_CONTEXT() REPRESENTATION_CONTEXT('2D SPACE',''
  ) );
#6027 = PCURVE('',#6028,#6033);
#6028 = PLANE('',#6029);
#6029 = AXIS2_PLACEMENT_3D('',#6030,#6031,#6032);
#6030 = CARTESIAN_POINT('',(6.7E+03,230.,5.09E+03));
#6031 = DIRECTION('',(0.,0.,1.));
#6032 = DIRECTION('',(1.,0.,-0.));
#6033 = DEFINITIONAL_REPRESENTATION('',(#6034),#6038);
#6034 = CIRCLE('',#6035,6.);
#6035 = AXIS2_PLACEMENT_2D('',#6036,#6037);
#6036 = CARTESIAN_POINT('',(0.,0.));
#6037 = DIRECTION('',(1.,0.));
#6038 = ( GEOMETRIC_REPRESENTATION_CONTEXT(2) 
PARAMETRIC_REPRESENTATION_CONTEXT() REPRESENTATION_CONTEXT('2D SPACE',''
  ) );
#6039 = ORIENTED_EDGE('',*,*,#6040,.F.);
#6040 = EDGE_CURVE('',#6041,#6012,#6043,.T.);
#6041 = VERTEX_POINT('',#6042);
#6042 = CARTESIAN_POINT('',(6.694343145751E+03,228.,5.045E+03));
#6043 = SURFACE_CURVE('',#6044,(#6048,#6054),.PCURVE_S1.);
#6044 = LINE('',#6045,#6046);
#6045 = CARTESIAN_POINT('',(6.694343145751E+03,228.,5.E+03));
#6046 = VECTOR('',#6047,1.);
#6047 = DIRECTION('',(0.,0.,1.));
#6048 = PCURVE('',#5757,#6049);
#6049 = DEFINITIONAL_REPRESENTATION('',(#6050),#6053);
#6050 = B_SPLINE_CURVE_WITH_KNOTS('',1,(#6051,#6052),.UNSPECIFIED.,.F.,
  .F.,(2,2),(36.,90.0000006),.PIECEWISE_BEZIER_KNOTS.);
#6051 = CARTESIAN_POINT('',(3.481429563044,36.));
#6052 = CARTESIAN_POINT('',(3.481429563044,90.0000006));
#6053 = ( GEOMETRIC_REPRESENTATION_CONTEXT(2) 
PARAMETRIC_REPRESENTATION_CONTEXT() REPRESENTATION_CONTEXT('2D SPACE',''
  ) );
#6054 = PCURVE('',#6055,#6060);
#6055 = PLANE('',#6056);
#6056 = AXIS2_PLACEMENT_3D('',#6057,#6058,#6059);
#6057 = CARTESIAN_POINT('',(6.535E+03,228.,5.045E+03));
#6058 = DIRECTION('',(-0.,1.,0.));
#6059 = DIRECTION('',(0.,0.,1.));
#6060 = DEFINITIONAL_REPRESENTATION('',(#6061),#6064);
#6061 = B_SPLINE_CURVE_WITH_KNOTS('',1,(#6062,#6063),.UNSPECIFIED.,.F.,
  .F.,(2,2),(36.,90.0000006),.PIECEWISE_BEZIER_KNOTS.);
#6062 = CARTESIAN_POINT('',(-9.,159.3431457505));
#6063 = CARTESIAN_POINT('',(45.0000006,159.3431457505));
#6064 = ( GEOMETRIC_REPRESENTATION_CONTEXT(2) 
PARAMETRIC_REPRESENTATION_CONTEXT() REPRESENTATION_CONTEXT('2D SPACE',''
  ) );
#6065 = ORIENTED_EDGE('',*,*,#6066,.F.);
#6066 = EDGE_CURVE('',#6067,#6041,#6069,.T.);
#6067 = VERTEX_POINT('',#6068);
#6068 = CARTESIAN_POINT('',(6.694343145751E+03,232.,5.045E+03));
#6069 = SURFACE_CURVE('',#6070,(#6075,#6082),.PCURVE_S1.);
#6070 = CIRCLE('',#6071,6.);
#6071 = AXIS2_PLACEMENT_3D('',#6072,#6073,#6074);
#6072 = CARTESIAN_POINT('',(6.7E+03,230.,5.045E+03));
#6073 = DIRECTION('',(0.,0.,1.));
#6074 = DIRECTION('',(1.,0.,-0.));
#6075 = PCURVE('',#5757,#6076);
#6076 = DEFINITIONAL_REPRESENTATION('',(#6077),#6081);
#6077 = LINE('',#6078,#6079);
#6078 = CARTESIAN_POINT('',(0.,45.));
#6079 = VECTOR('',#6080,1.);
#6080 = DIRECTION('',(1.,0.));
#6081 = ( GEOMETRIC_REPRESENTATION_CONTEXT(2) 
PARAMETRIC_REPRESENTATION_CONTEXT() REPRESENTATION_CONTEXT('2D SPACE',''
  ) );
#6082 = PCURVE('',#6083,#6088);
#6083 = PLANE('',#6084);
#6084 = AXIS2_PLACEMENT_3D('',#6085,#6086,#6087);
#6085 = CARTESIAN_POINT('',(6.535E+03,228.,5.045E+03));
#6086 = DIRECTION('',(0.,0.,1.));
#6087 = DIRECTION('',(1.,0.,-0.));
#6088 = DEFINITIONAL_REPRESENTATION('',(#6089),#6093);
#6089 = CIRCLE('',#6090,6.);
#6090 = AXIS2_PLACEMENT_2D('',#6091,#6092);
#6091 = CARTESIAN_POINT('',(165.,2.));
#6092 = DIRECTION('',(1.,0.));
#6093 = ( GEOMETRIC_REPRESENTATION_CONTEXT(2) 
PARAMETRIC_REPRESENTATION_CONTEXT() REPRESENTATION_CONTEXT('2D SPACE',''
  ) );
#6094 = ORIENTED_EDGE('',*,*,#6095,.T.);
#6095 = EDGE_CURVE('',#6067,#6096,#6098,.T.);
#6096 = VERTEX_POINT('',#6097);
#6097 = CARTESIAN_POINT('',(6.694343145751E+03,232.,5.09E+03));
#6098 = SURFACE_CURVE('',#6099,(#6103,#6109),.PCURVE_S1.);
#6099 = LINE('',#6100,#6101);
#6100 = CARTESIAN_POINT('',(6.694343145751E+03,232.,5.E+03));
#6101 = VECTOR('',#6102,1.);
#6102 = DIRECTION('',(0.,0.,1.));
#6103 = PCURVE('',#5757,#6104);
#6104 = DEFINITIONAL_REPRESENTATION('',(#6105),#6108);
#6105 = B_SPLINE_CURVE_WITH_KNOTS('',1,(#6106,#6107),.UNSPECIFIED.,.F.,
  .F.,(2,2),(36.,90.0000006),.PIECEWISE_BEZIER_KNOTS.);
#6106 = CARTESIAN_POINT('',(2.801755744136,36.));
#6107 = CARTESIAN_POINT('',(2.801755744136,90.0000006));
#6108 = ( GEOMETRIC_REPRESENTATION_CONTEXT(2) 
PARAMETRIC_REPRESENTATION_CONTEXT() REPRESENTATION_CONTEXT('2D SPACE',''
  ) );
#6109 = PCURVE('',#6110,#6115);
#6110 = PLANE('',#6111);
#6111 = AXIS2_PLACEMENT_3D('',#6112,#6113,#6114);
#6112 = CARTESIAN_POINT('',(6.535E+03,232.,5.045E+03));
#6113 = DIRECTION('',(-0.,1.,0.));
#6114 = DIRECTION('',(0.,0.,1.));
#6115 = DEFINITIONAL_REPRESENTATION('',(#6116),#6119);
#6116 = B_SPLINE_CURVE_WITH_KNOTS('',1,(#6117,#6118),.UNSPECIFIED.,.F.,
  .F.,(2,2),(36.,90.0000006),.PIECEWISE_BEZIER_KNOTS.);
#6117 = CARTESIAN_POINT('',(-9.,159.3431457505));
#6118 = CARTESIAN_POINT('',(45.0000006,159.3431457505));
#6119 = ( GEOMETRIC_REPRESENTATION_CONTEXT(2) 
PARAMETRIC_REPRESENTATION_CONTEXT() REPRESENTATION_CONTEXT('2D SPACE',''
  ) );
#6120 = ORIENTED_EDGE('',*,*,#6121,.F.);
#6121 = EDGE_CURVE('',#5989,#6096,#6122,.T.);
#6122 = SURFACE_CURVE('',#6123,(#6128,#6135),.PCURVE_S1.);
#6123 = CIRCLE('',#6124,6.);
#6124 = AXIS2_PLACEMENT_3D('',#6125,#6126,#6127);
#6125 = CARTESIAN_POINT('',(6.7E+03,230.,5.09E+03));
#6126 = DIRECTION('',(0.,0.,1.));
#6127 = DIRECTION('',(1.,0.,-0.));
#6128 = PCURVE('',#5757,#6129);
#6129 = DEFINITIONAL_REPRESENTATION('',(#6130),#6134);
#6130 = LINE('',#6131,#6132);
#6131 = CARTESIAN_POINT('',(0.,90.));
#6132 = VECTOR('',#6133,1.);
#6133 = DIRECTION('',(1.,0.));
#6134 = ( GEOMETRIC_REPRESENTATION_CONTEXT(2) 
PARAMETRIC_REPRESENTATION_CONTEXT() REPRESENTATION_CONTEXT('2D SPACE',''
  ) );
#6135 = PCURVE('',#6028,#6136);
#6136 = DEFINITIONAL_REPRESENTATION('',(#6137),#6141);
#6137 = CIRCLE('',#6138,6.);
#6138 = AXIS2_PLACEMENT_2D('',#6139,#6140);
#6139 = CARTESIAN_POINT('',(0.,0.));
#6140 = DIRECTION('',(1.,0.));
#6141 = ( GEOMETRIC_REPRESENTATION_CONTEXT(2) 
PARAMETRIC_REPRESENTATION_CONTEXT() REPRESENTATION_CONTEXT('2D SPACE',''
  ) );
#6142 = ORIENTED_EDGE('',*,*,#5988,.F.);
#6143 = ORIENTED_EDGE('',*,*,#6144,.F.);
#6144 = EDGE_CURVE('',#6145,#5804,#6147,.T.);
#6145 = VERTEX_POINT('',#6146);
#6146 = CARTESIAN_POINT('',(6.706E+03,230.,5.E+03));
#6147 = SURFACE_CURVE('',#6148,(#6152,#6159),.PCURVE_S1.);
#6148 = LINE('',#6149,#6150);
#6149 = CARTESIAN_POINT('',(6.706E+03,230.,5.E+03));
#6150 = VECTOR('',#6151,1.);
#6151 = DIRECTION('',(0.,0.,1.));
#6152 = PCURVE('',#5757,#6153);
#6153 = DEFINITIONAL_REPRESENTATION('',(#6154),#6158);
#6154 = LINE('',#6155,#6156);
#6155 = CARTESIAN_POINT('',(0.,-0.));
#6156 = VECTOR('',#6157,1.);
#6157 = DIRECTION('',(0.,1.));
#6158 = ( GEOMETRIC_REPRESENTATION_CONTEXT(2) 
PARAMETRIC_REPRESENTATION_CONTEXT() REPRESENTATION_CONTEXT('2D SPACE',''
  ) );
#6159 = PCURVE('',#5820,#6160);
#6160 = DEFINITIONAL_REPRESENTATION('',(#6161),#6165);
#6161 = LINE('',#6162,#6163);
#6162 = CARTESIAN_POINT('',(0.,6.));
#6163 = VECTOR('',#6164,1.);
#6164 = DIRECTION('',(1.,0.));
#6165 = ( GEOMETRIC_REPRESENTATION_CONTEXT(2) 
PARAMETRIC_REPRESENTATION_CONTEXT() REPRESENTATION_CONTEXT('2D SPACE',''
  ) );
#6166 = ORIENTED_EDGE('',*,*,#6167,.T.);
#6167 = EDGE_CURVE('',#6145,#6168,#6170,.T.);
#6168 = VERTEX_POINT('',#6169);
#6169 = CARTESIAN_POINT('',(6.694E+03,230.,5.E+03));
#6170 = SURFACE_CURVE('',#6171,(#6176,#6183),.PCURVE_S1.);
#6171 = CIRCLE('',#6172,6.);
#6172 = AXIS2_PLACEMENT_3D('',#6173,#6174,#6175);
#6173 = CARTESIAN_POINT('',(6.7E+03,230.,5.E+03));
#6174 = DIRECTION('',(0.,0.,1.));
#6175 = DIRECTION('',(1.,0.,-0.));
#6176 = PCURVE('',#5757,#6177);
#6177 = DEFINITIONAL_REPRESENTATION('',(#6178),#6182);
#6178 = LINE('',#6179,#6180);
#6179 = CARTESIAN_POINT('',(0.,0.));
#6180 = VECTOR('',#6181,1.);
#6181 = DIRECTION('',(1.,0.));
#6182 = ( GEOMETRIC_REPRESENTATION_CONTEXT(2) 
PARAMETRIC_REPRESENTATION_CONTEXT() REPRESENTATION_CONTEXT('2D SPACE',''
  ) );
#6183 = PCURVE('',#6184,#6189);
#6184 = PLANE('',#6185);
#6185 = AXIS2_PLACEMENT_3D('',#6186,#6187,#6188);
#6186 = CARTESIAN_POINT('',(6.7E+03,230.,5.E+03));
#6187 = DIRECTION('',(0.,0.,1.));
#6188 = DIRECTION('',(1.,0.,-0.));
#6189 = DEFINITIONAL_REPRESENTATION('',(#6190),#6194);
#6190 = CIRCLE('',#6191,6.);
#6191 = AXIS2_PLACEMENT_2D('',#6192,#6193);
#6192 = CARTESIAN_POINT('',(0.,0.));
#6193 = DIRECTION('',(1.,0.));
#6194 = ( GEOMETRIC_REPRESENTATION_CONTEXT(2) 
PARAMETRIC_REPRESENTATION_CONTEXT() REPRESENTATION_CONTEXT('2D SPACE',''
  ) );
#6195 = ORIENTED_EDGE('',*,*,#6196,.T.);
#6196 = EDGE_CURVE('',#6168,#5674,#6197,.T.);
#6197 = SURFACE_CURVE('',#6198,(#6202,#6208),.PCURVE_S1.);
#6198 = LINE('',#6199,#6200);
#6199 = CARTESIAN_POINT('',(6.694E+03,230.,5.E+03));
#6200 = VECTOR('',#6201,1.);
#6201 = DIRECTION('',(0.,0.,1.));
#6202 = PCURVE('',#5757,#6203);
#6203 = DEFINITIONAL_REPRESENTATION('',(#6204),#6207);
#6204 = B_SPLINE_CURVE_WITH_KNOTS('',1,(#6205,#6206),.UNSPECIFIED.,.F.,
  .F.,(2,2),(-6.000000212225E-07,10.8),.PIECEWISE_BEZIER_KNOTS.);
#6205 = CARTESIAN_POINT('',(3.14159265359,-6.000000212225E-07));
#6206 = CARTESIAN_POINT('',(3.14159265359,10.8));
#6207 = ( GEOMETRIC_REPRESENTATION_CONTEXT(2) 
PARAMETRIC_REPRESENTATION_CONTEXT() REPRESENTATION_CONTEXT('2D SPACE',''
  ) );
#6208 = PCURVE('',#5820,#6209);
#6209 = DEFINITIONAL_REPRESENTATION('',(#6210),#6213);
#6210 = B_SPLINE_CURVE_WITH_KNOTS('',1,(#6211,#6212),.UNSPECIFIED.,.F.,
  .F.,(2,2),(-6.000000212225E-07,10.8),.PIECEWISE_BEZIER_KNOTS.);
#6211 = CARTESIAN_POINT('',(-6.000000212225E-07,-6.));
#6212 = CARTESIAN_POINT('',(10.8,-6.));
#6213 = ( GEOMETRIC_REPRESENTATION_CONTEXT(2) 
PARAMETRIC_REPRESENTATION_CONTEXT() REPRESENTATION_CONTEXT('2D SPACE',''
  ) );
#6214 = ORIENTED_EDGE('',*,*,#5673,.T.);
#6215 = ADVANCED_FACE('',(#6216),#5820,.T.);
#6216 = FACE_BOUND('',#6217,.T.);
#6217 = EDGE_LOOP('',(#6218,#6219,#6220,#6221));
#6218 = ORIENTED_EDGE('',*,*,#6144,.T.);
#6219 = ORIENTED_EDGE('',*,*,#5803,.T.);
#6220 = ORIENTED_EDGE('',*,*,#6196,.F.);
#6221 = ORIENTED_EDGE('',*,*,#6222,.T.);
#6222 = EDGE_CURVE('',#6168,#6145,#6223,.T.);
#6223 = SURFACE_CURVE('',#6224,(#6228,#6234),.PCURVE_S1.);
#6224 = LINE('',#6225,#6226);
#6225 = CARTESIAN_POINT('',(6.7E+03,230.,5.E+03));
#6226 = VECTOR('',#6227,1.);
#6227 = DIRECTION('',(1.,0.,0.));
#6228 = PCURVE('',#5820,#6229);
#6229 = DEFINITIONAL_REPRESENTATION('',(#6230),#6233);
#6230 = B_SPLINE_CURVE_WITH_KNOTS('',1,(#6231,#6232),.UNSPECIFIED.,.F.,
  .F.,(2,2),(-6.,6.),.PIECEWISE_BEZIER_KNOTS.);
#6231 = CARTESIAN_POINT('',(0.,-6.));
#6232 = CARTESIAN_POINT('',(0.,6.));
#6233 = ( GEOMETRIC_REPRESENTATION_CONTEXT(2) 
PARAMETRIC_REPRESENTATION_CONTEXT() REPRESENTATION_CONTEXT('2D SPACE',''
  ) );
#6234 = PCURVE('',#6184,#6235);
#6235 = DEFINITIONAL_REPRESENTATION('',(#6236),#6239);
#6236 = B_SPLINE_CURVE_WITH_KNOTS('',1,(#6237,#6238),.UNSPECIFIED.,.F.,
  .F.,(2,2),(-6.,6.),.PIECEWISE_BEZIER_KNOTS.);
#6237 = CARTESIAN_POINT('',(-6.,0.));
#6238 = CARTESIAN_POINT('',(6.,0.));
#6239 = ( GEOMETRIC_REPRESENTATION_CONTEXT(2) 
PARAMETRIC_REPRESENTATION_CONTEXT() REPRESENTATION_CONTEXT('2D SPACE',''
  ) );
#6240 = ADVANCED_FACE('',(#6241),#5459,.T.);
#6241 = FACE_BOUND('',#6242,.T.);
#6242 = EDGE_LOOP('',(#6243,#6266,#6289,#6316,#6317,#6318,#6319,#6340));
#6243 = ORIENTED_EDGE('',*,*,#6244,.T.);
#6244 = EDGE_CURVE('',#6245,#5376,#6247,.T.);
#6245 = VERTEX_POINT('',#6246);
#6246 = CARTESIAN_POINT('',(6.706E+03,-230.,5.E+03));
#6247 = SURFACE_CURVE('',#6248,(#6252,#6259),.PCURVE_S1.);
#6248 = LINE('',#6249,#6250);
#6249 = CARTESIAN_POINT('',(6.706E+03,-230.,5.E+03));
#6250 = VECTOR('',#6251,1.);
#6251 = DIRECTION('',(0.,0.,1.));
#6252 = PCURVE('',#5459,#6253);
#6253 = DEFINITIONAL_REPRESENTATION('',(#6254),#6258);
#6254 = LINE('',#6255,#6256);
#6255 = CARTESIAN_POINT('',(6.28318530718,-0.));
#6256 = VECTOR('',#6257,1.);
#6257 = DIRECTION('',(0.,1.));
#6258 = ( GEOMETRIC_REPRESENTATION_CONTEXT(2) 
PARAMETRIC_REPRESENTATION_CONTEXT() REPRESENTATION_CONTEXT('2D SPACE',''
  ) );
#6259 = PCURVE('',#5522,#6260);
#6260 = DEFINITIONAL_REPRESENTATION('',(#6261),#6265);
#6261 = LINE('',#6262,#6263);
#6262 = CARTESIAN_POINT('',(0.,6.));
#6263 = VECTOR('',#6264,1.);
#6264 = DIRECTION('',(1.,0.));
#6265 = ( GEOMETRIC_REPRESENTATION_CONTEXT(2) 
PARAMETRIC_REPRESENTATION_CONTEXT() REPRESENTATION_CONTEXT('2D SPACE',''
  ) );
#6266 = ORIENTED_EDGE('',*,*,#6267,.T.);
#6267 = EDGE_CURVE('',#5376,#6268,#6270,.T.);
#6268 = VERTEX_POINT('',#6269);
#6269 = CARTESIAN_POINT('',(6.706E+03,-230.,5.078E+03));
#6270 = SEAM_CURVE('',#6271,(#6275,#6282),.PCURVE_S1.);
#6271 = LINE('',#6272,#6273);
#6272 = CARTESIAN_POINT('',(6.706E+03,-230.,5.E+03));
#6273 = VECTOR('',#6274,1.);
#6274 = DIRECTION('',(0.,0.,1.));
#6275 = PCURVE('',#5459,#6276);
#6276 = DEFINITIONAL_REPRESENTATION('',(#6277),#6281);
#6277 = LINE('',#6278,#6279);
#6278 = CARTESIAN_POINT('',(0.,-0.));
#6279 = VECTOR('',#6280,1.);
#6280 = DIRECTION('',(0.,1.));
#6281 = ( GEOMETRIC_REPRESENTATION_CONTEXT(2) 
PARAMETRIC_REPRESENTATION_CONTEXT() REPRESENTATION_CONTEXT('2D SPACE',''
  ) );
#6282 = PCURVE('',#5459,#6283);
#6283 = DEFINITIONAL_REPRESENTATION('',(#6284),#6288);
#6284 = LINE('',#6285,#6286);
#6285 = CARTESIAN_POINT('',(6.28318530718,-0.));
#6286 = VECTOR('',#6287,1.);
#6287 = DIRECTION('',(0.,1.));
#6288 = ( GEOMETRIC_REPRESENTATION_CONTEXT(2) 
PARAMETRIC_REPRESENTATION_CONTEXT() REPRESENTATION_CONTEXT('2D SPACE',''
  ) );
#6289 = ORIENTED_EDGE('',*,*,#6290,.F.);
#6290 = EDGE_CURVE('',#6268,#6268,#6291,.T.);
#6291 = SURFACE_CURVE('',#6292,(#6297,#6304),.PCURVE_S1.);
#6292 = CIRCLE('',#6293,6.);
#6293 = AXIS2_PLACEMENT_3D('',#6294,#6295,#6296);
#6294 = CARTESIAN_POINT('',(6.7E+03,-230.,5.078E+03));
#6295 = DIRECTION('',(0.,0.,1.));
#6296 = DIRECTION('',(1.,0.,-0.));
#6297 = PCURVE('',#5459,#6298);
#6298 = DEFINITIONAL_REPRESENTATION('',(#6299),#6303);
#6299 = LINE('',#6300,#6301);
#6300 = CARTESIAN_POINT('',(0.,78.));
#6301 = VECTOR('',#6302,1.);
#6302 = DIRECTION('',(1.,0.));
#6303 = ( GEOMETRIC_REPRESENTATION_CONTEXT(2) 
PARAMETRIC_REPRESENTATION_CONTEXT() REPRESENTATION_CONTEXT('2D SPACE',''
  ) );
#6304 = PCURVE('',#6305,#6310);
#6305 = PLANE('',#6306);
#6306 = AXIS2_PLACEMENT_3D('',#6307,#6308,#6309);
#6307 = CARTESIAN_POINT('',(6.7E+03,-230.,5.078E+03));
#6308 = DIRECTION('',(0.,0.,1.));
#6309 = DIRECTION('',(1.,0.,-0.));
#6310 = DEFINITIONAL_REPRESENTATION('',(#6311),#6315);
#6311 = CIRCLE('',#6312,6.);
#6312 = AXIS2_PLACEMENT_2D('',#6313,#6314);
#6313 = CARTESIAN_POINT('',(0.,0.));
#6314 = DIRECTION('',(1.,0.));
#6315 = ( GEOMETRIC_REPRESENTATION_CONTEXT(2) 
PARAMETRIC_REPRESENTATION_CONTEXT() REPRESENTATION_CONTEXT('2D SPACE',''
  ) );
#6316 = ORIENTED_EDGE('',*,*,#6267,.F.);
#6317 = ORIENTED_EDGE('',*,*,#5375,.T.);
#6318 = ORIENTED_EDGE('',*,*,#5534,.T.);
#6319 = ORIENTED_EDGE('',*,*,#6320,.F.);
#6320 = EDGE_CURVE('',#6321,#5506,#6323,.T.);
#6321 = VERTEX_POINT('',#6322);
#6322 = CARTESIAN_POINT('',(6.694E+03,-230.,5.E+03));
#6323 = SURFACE_CURVE('',#6324,(#6328,#6334),.PCURVE_S1.);
#6324 = LINE('',#6325,#6326);
#6325 = CARTESIAN_POINT('',(6.694E+03,-230.,5.E+03));
#6326 = VECTOR('',#6327,1.);
#6327 = DIRECTION('',(0.,0.,1.));
#6328 = PCURVE('',#5459,#6329);
#6329 = DEFINITIONAL_REPRESENTATION('',(#6330),#6333);
#6330 = B_SPLINE_CURVE_WITH_KNOTS('',1,(#6331,#6332),.UNSPECIFIED.,.F.,
  .F.,(2,2),(-6.000000212225E-07,10.8),.PIECEWISE_BEZIER_KNOTS.);
#6331 = CARTESIAN_POINT('',(3.14159265359,-6.000000212225E-07));
#6332 = CARTESIAN_POINT('',(3.14159265359,10.8));
#6333 = ( GEOMETRIC_REPRESENTATION_CONTEXT(2) 
PARAMETRIC_REPRESENTATION_CONTEXT() REPRESENTATION_CONTEXT('2D SPACE',''
  ) );
#6334 = PCURVE('',#5522,#6335);
#6335 = DEFINITIONAL_REPRESENTATION('',(#6336),#6339);
#6336 = B_SPLINE_CURVE_WITH_KNOTS('',1,(#6337,#6338),.UNSPECIFIED.,.F.,
  .F.,(2,2),(-6.000000212225E-07,10.8),.PIECEWISE_BEZIER_KNOTS.);
#6337 = CARTESIAN_POINT('',(-6.000000212225E-07,-6.));
#6338 = CARTESIAN_POINT('',(10.8,-6.));
#6339 = ( GEOMETRIC_REPRESENTATION_CONTEXT(2) 
PARAMETRIC_REPRESENTATION_CONTEXT() REPRESENTATION_CONTEXT('2D SPACE',''
  ) );
#6340 = ORIENTED_EDGE('',*,*,#6341,.T.);
#6341 = EDGE_CURVE('',#6321,#6245,#6342,.T.);
#6342 = SURFACE_CURVE('',#6343,(#6348,#6355),.PCURVE_S1.);
#6343 = CIRCLE('',#6344,6.);
#6344 = AXIS2_PLACEMENT_3D('',#6345,#6346,#6347);
#6345 = CARTESIAN_POINT('',(6.7E+03,-230.,5.E+03));
#6346 = DIRECTION('',(0.,0.,1.));
#6347 = DIRECTION('',(1.,0.,-0.));
#6348 = PCURVE('',#5459,#6349);
#6349 = DEFINITIONAL_REPRESENTATION('',(#6350),#6354);
#6350 = LINE('',#6351,#6352);
#6351 = CARTESIAN_POINT('',(0.,0.));
#6352 = VECTOR('',#6353,1.);
#6353 = DIRECTION('',(1.,0.));
#6354 = ( GEOMETRIC_REPRESENTATION_CONTEXT(2) 
PARAMETRIC_REPRESENTATION_CONTEXT() REPRESENTATION_CONTEXT('2D SPACE',''
  ) );
#6355 = PCURVE('',#6356,#6361);
#6356 = PLANE('',#6357);
#6357 = AXIS2_PLACEMENT_3D('',#6358,#6359,#6360);
#6358 = CARTESIAN_POINT('',(6.7E+03,-230.,5.E+03));
#6359 = DIRECTION('',(0.,0.,1.));
#6360 = DIRECTION('',(1.,0.,-0.));
#6361 = DEFINITIONAL_REPRESENTATION('',(#6362),#6366);
#6362 = CIRCLE('',#6363,6.);
#6363 = AXIS2_PLACEMENT_2D('',#6364,#6365);
#6364 = CARTESIAN_POINT('',(0.,0.));
#6365 = DIRECTION('',(1.,0.));
#6366 = ( GEOMETRIC_REPRESENTATION_CONTEXT(2) 
PARAMETRIC_REPRESENTATION_CONTEXT() REPRESENTATION_CONTEXT('2D SPACE',''
  ) );
#6367 = ADVANCED_FACE('',(#6368),#5522,.F.);
#6368 = FACE_BOUND('',#6369,.F.);
#6369 = EDGE_LOOP('',(#6370,#6371,#6372,#6373));
#6370 = ORIENTED_EDGE('',*,*,#6244,.T.);
#6371 = ORIENTED_EDGE('',*,*,#5505,.T.);
#6372 = ORIENTED_EDGE('',*,*,#6320,.F.);
#6373 = ORIENTED_EDGE('',*,*,#6374,.T.);
#6374 = EDGE_CURVE('',#6321,#6245,#6375,.T.);
#6375 = SURFACE_CURVE('',#6376,(#6380,#6386),.PCURVE_S1.);
#6376 = LINE('',#6377,#6378);
#6377 = CARTESIAN_POINT('',(6.7E+03,-230.,5.E+03));
#6378 = VECTOR('',#6379,1.);
#6379 = DIRECTION('',(1.,0.,0.));
#6380 = PCURVE('',#5522,#6381);
#6381 = DEFINITIONAL_REPRESENTATION('',(#6382),#6385);
#6382 = B_SPLINE_CURVE_WITH_KNOTS('',1,(#6383,#6384),.UNSPECIFIED.,.F.,
  .F.,(2,2),(-6.,6.),.PIECEWISE_BEZIER_KNOTS.);
#6383 = CARTESIAN_POINT('',(0.,-6.));
#6384 = CARTESIAN_POINT('',(0.,6.));
#6385 = ( GEOMETRIC_REPRESENTATION_CONTEXT(2) 
PARAMETRIC_REPRESENTATION_CONTEXT() REPRESENTATION_CONTEXT('2D SPACE',''
  ) );
#6386 = PCURVE('',#6356,#6387);
#6387 = DEFINITIONAL_REPRESENTATION('',(#6388),#6391);
#6388 = B_SPLINE_CURVE_WITH_KNOTS('',1,(#6389,#6390),.UNSPECIFIED.,.F.,
  .F.,(2,2),(-6.,6.),.PIECEWISE_BEZIER_KNOTS.);
#6389 = CARTESIAN_POINT('',(-6.,0.));
#6390 = CARTESIAN_POINT('',(6.,0.));
#6391 = ( GEOMETRIC_REPRESENTATION_CONTEXT(2) 
PARAMETRIC_REPRESENTATION_CONTEXT() REPRESENTATION_CONTEXT('2D SPACE',''
  ) );
#6392 = ADVANCED_FACE('',(#6393),#6184,.F.);
#6393 = FACE_BOUND('',#6394,.F.);
#6394 = EDGE_LOOP('',(#6395,#6396));
#6395 = ORIENTED_EDGE('',*,*,#6222,.T.);
#6396 = ORIENTED_EDGE('',*,*,#6167,.T.);
#6397 = ADVANCED_FACE('',(#6398),#6028,.T.);
#6398 = FACE_BOUND('',#6399,.T.);
#6399 = EDGE_LOOP('',(#6400,#6401,#6402,#6423,#6449));
#6400 = ORIENTED_EDGE('',*,*,#6011,.T.);
#6401 = ORIENTED_EDGE('',*,*,#6121,.T.);
#6402 = ORIENTED_EDGE('',*,*,#6403,.F.);
#6403 = EDGE_CURVE('',#6404,#6096,#6406,.T.);
#6404 = VERTEX_POINT('',#6405);
#6405 = CARTESIAN_POINT('',(6.705E+03,232.,5.09E+03));
#6406 = SURFACE_CURVE('',#6407,(#6411,#6417),.PCURVE_S1.);
#6407 = LINE('',#6408,#6409);
#6408 = CARTESIAN_POINT('',(6.6175E+03,232.,5.09E+03));
#6409 = VECTOR('',#6410,1.);
#6410 = DIRECTION('',(-1.,-0.,0.));
#6411 = PCURVE('',#6028,#6412);
#6412 = DEFINITIONAL_REPRESENTATION('',(#6413),#6416);
#6413 = B_SPLINE_CURVE_WITH_KNOTS('',1,(#6414,#6415),.UNSPECIFIED.,.F.,
  .F.,(2,2),(-87.5,-76.5),.PIECEWISE_BEZIER_KNOTS.);
#6414 = CARTESIAN_POINT('',(5.,2.));
#6415 = CARTESIAN_POINT('',(-6.,2.));
#6416 = ( GEOMETRIC_REPRESENTATION_CONTEXT(2) 
PARAMETRIC_REPRESENTATION_CONTEXT() REPRESENTATION_CONTEXT('2D SPACE',''
  ) );
#6417 = PCURVE('',#6110,#6418);
#6418 = DEFINITIONAL_REPRESENTATION('',(#6419),#6422);
#6419 = B_SPLINE_CURVE_WITH_KNOTS('',1,(#6420,#6421),.UNSPECIFIED.,.F.,
  .F.,(2,2),(-87.5,-76.5),.PIECEWISE_BEZIER_KNOTS.);
#6420 = CARTESIAN_POINT('',(45.,170.));
#6421 = CARTESIAN_POINT('',(45.,159.));
#6422 = ( GEOMETRIC_REPRESENTATION_CONTEXT(2) 
PARAMETRIC_REPRESENTATION_CONTEXT() REPRESENTATION_CONTEXT('2D SPACE',''
  ) );
#6423 = ORIENTED_EDGE('',*,*,#6424,.F.);
#6424 = EDGE_CURVE('',#6425,#6404,#6427,.T.);
#6425 = VERTEX_POINT('',#6426);
#6426 = CARTESIAN_POINT('',(6.705E+03,228.,5.09E+03));
#6427 = SURFACE_CURVE('',#6428,(#6432,#6438),.PCURVE_S1.);
#6428 = LINE('',#6429,#6430);
#6429 = CARTESIAN_POINT('',(6.705E+03,229.,5.09E+03));
#6430 = VECTOR('',#6431,1.);
#6431 = DIRECTION('',(-0.,1.,0.));
#6432 = PCURVE('',#6028,#6433);
#6433 = DEFINITIONAL_REPRESENTATION('',(#6434),#6437);
#6434 = B_SPLINE_CURVE_WITH_KNOTS('',1,(#6435,#6436),.UNSPECIFIED.,.F.,
  .F.,(2,2),(-1.,3.),.PIECEWISE_BEZIER_KNOTS.);
#6435 = CARTESIAN_POINT('',(5.,-2.));
#6436 = CARTESIAN_POINT('',(5.,2.));
#6437 = ( GEOMETRIC_REPRESENTATION_CONTEXT(2) 
PARAMETRIC_REPRESENTATION_CONTEXT() REPRESENTATION_CONTEXT('2D SPACE',''
  ) );
#6438 = PCURVE('',#6439,#6444);
#6439 = PLANE('',#6440);
#6440 = AXIS2_PLACEMENT_3D('',#6441,#6442,#6443);
#6441 = CARTESIAN_POINT('',(6.705E+03,228.,5.045E+03));
#6442 = DIRECTION('',(1.,0.,-0.));
#6443 = DIRECTION('',(0.,0.,1.));
#6444 = DEFINITIONAL_REPRESENTATION('',(#6445),#6448);
#6445 = B_SPLINE_CURVE_WITH_KNOTS('',1,(#6446,#6447),.UNSPECIFIED.,.F.,
  .F.,(2,2),(-1.,3.),.PIECEWISE_BEZIER_KNOTS.);
#6446 = CARTESIAN_POINT('',(45.,0.));
#6447 = CARTESIAN_POINT('',(45.,-4.));
#6448 = ( GEOMETRIC_REPRESENTATION_CONTEXT(2) 
PARAMETRIC_REPRESENTATION_CONTEXT() REPRESENTATION_CONTEXT('2D SPACE',''
  ) );
#6449 = ORIENTED_EDGE('',*,*,#6450,.T.);
#6450 = EDGE_CURVE('',#6425,#6012,#6451,.T.);
#6451 = SURFACE_CURVE('',#6452,(#6456,#6462),.PCURVE_S1.);
#6452 = LINE('',#6453,#6454);
#6453 = CARTESIAN_POINT('',(6.6175E+03,228.,5.09E+03));
#6454 = VECTOR('',#6455,1.);
#6455 = DIRECTION('',(-1.,-0.,0.));
#6456 = PCURVE('',#6028,#6457);
#6457 = DEFINITIONAL_REPRESENTATION('',(#6458),#6461);
#6458 = B_SPLINE_CURVE_WITH_KNOTS('',1,(#6459,#6460),.UNSPECIFIED.,.F.,
  .F.,(2,2),(-87.5,-76.5),.PIECEWISE_BEZIER_KNOTS.);
#6459 = CARTESIAN_POINT('',(5.,-2.));
#6460 = CARTESIAN_POINT('',(-6.,-2.));
#6461 = ( GEOMETRIC_REPRESENTATION_CONTEXT(2) 
PARAMETRIC_REPRESENTATION_CONTEXT() REPRESENTATION_CONTEXT('2D SPACE',''
  ) );
#6462 = PCURVE('',#6055,#6463);
#6463 = DEFINITIONAL_REPRESENTATION('',(#6464),#6467);
#6464 = B_SPLINE_CURVE_WITH_KNOTS('',1,(#6465,#6466),.UNSPECIFIED.,.F.,
  .F.,(2,2),(-87.5,-76.5),.PIECEWISE_BEZIER_KNOTS.);
#6465 = CARTESIAN_POINT('',(45.,170.));
#6466 = CARTESIAN_POINT('',(45.,159.));
#6467 = ( GEOMETRIC_REPRESENTATION_CONTEXT(2) 
PARAMETRIC_REPRESENTATION_CONTEXT() REPRESENTATION_CONTEXT('2D SPACE',''
  ) );
#6468 = ADVANCED_FACE('',(#6469),#6110,.T.);
#6469 = FACE_BOUND('',#6470,.T.);
#6470 = EDGE_LOOP('',(#6471,#6494,#6522,#6550,#6571,#6572));
#6471 = ORIENTED_EDGE('',*,*,#6472,.F.);
#6472 = EDGE_CURVE('',#6473,#6067,#6475,.T.);
#6473 = VERTEX_POINT('',#6474);
#6474 = CARTESIAN_POINT('',(6.535E+03,232.,5.045E+03));
#6475 = SURFACE_CURVE('',#6476,(#6480,#6487),.PCURVE_S1.);
#6476 = LINE('',#6477,#6478);
#6477 = CARTESIAN_POINT('',(6.535E+03,232.,5.045E+03));
#6478 = VECTOR('',#6479,1.);
#6479 = DIRECTION('',(1.,0.,-0.));
#6480 = PCURVE('',#6110,#6481);
#6481 = DEFINITIONAL_REPRESENTATION('',(#6482),#6486);
#6482 = LINE('',#6483,#6484);
#6483 = CARTESIAN_POINT('',(0.,0.));
#6484 = VECTOR('',#6485,1.);
#6485 = DIRECTION('',(0.,1.));
#6486 = ( GEOMETRIC_REPRESENTATION_CONTEXT(2) 
PARAMETRIC_REPRESENTATION_CONTEXT() REPRESENTATION_CONTEXT('2D SPACE',''
  ) );
#6487 = PCURVE('',#6083,#6488);
#6488 = DEFINITIONAL_REPRESENTATION('',(#6489),#6493);
#6489 = LINE('',#6490,#6491);
#6490 = CARTESIAN_POINT('',(0.,4.));
#6491 = VECTOR('',#6492,1.);
#6492 = DIRECTION('',(1.,0.));
#6493 = ( GEOMETRIC_REPRESENTATION_CONTEXT(2) 
PARAMETRIC_REPRESENTATION_CONTEXT() REPRESENTATION_CONTEXT('2D SPACE',''
  ) );
#6494 = ORIENTED_EDGE('',*,*,#6495,.T.);
#6495 = EDGE_CURVE('',#6473,#6496,#6498,.T.);
#6496 = VERTEX_POINT('',#6497);
#6497 = CARTESIAN_POINT('',(6.535E+03,232.,5.135E+03));
#6498 = SURFACE_CURVE('',#6499,(#6503,#6510),.PCURVE_S1.);
#6499 = LINE('',#6500,#6501);
#6500 = CARTESIAN_POINT('',(6.535E+03,232.,5.045E+03));
#6501 = VECTOR('',#6502,1.);
#6502 = DIRECTION('',(0.,0.,1.));
#6503 = PCURVE('',#6110,#6504);
#6504 = DEFINITIONAL_REPRESENTATION('',(#6505),#6509);
#6505 = LINE('',#6506,#6507);
#6506 = CARTESIAN_POINT('',(0.,0.));
#6507 = VECTOR('',#6508,1.);
#6508 = DIRECTION('',(1.,0.));
#6509 = ( GEOMETRIC_REPRESENTATION_CONTEXT(2) 
PARAMETRIC_REPRESENTATION_CONTEXT() REPRESENTATION_CONTEXT('2D SPACE',''
  ) );
#6510 = PCURVE('',#6511,#6516);
#6511 = PLANE('',#6512);
#6512 = AXIS2_PLACEMENT_3D('',#6513,#6514,#6515);
#6513 = CARTESIAN_POINT('',(6.535E+03,228.,5.045E+03));
#6514 = DIRECTION('',(1.,0.,-0.));
#6515 = DIRECTION('',(0.,0.,1.));
#6516 = DEFINITIONAL_REPRESENTATION('',(#6517),#6521);
#6517 = LINE('',#6518,#6519);
#6518 = CARTESIAN_POINT('',(0.,-4.));
#6519 = VECTOR('',#6520,1.);
#6520 = DIRECTION('',(1.,0.));
#6521 = ( GEOMETRIC_REPRESENTATION_CONTEXT(2) 
PARAMETRIC_REPRESENTATION_CONTEXT() REPRESENTATION_CONTEXT('2D SPACE',''
  ) );
#6522 = ORIENTED_EDGE('',*,*,#6523,.T.);
#6523 = EDGE_CURVE('',#6496,#6524,#6526,.T.);
#6524 = VERTEX_POINT('',#6525);
#6525 = CARTESIAN_POINT('',(6.705E+03,232.,5.135E+03));
#6526 = SURFACE_CURVE('',#6527,(#6531,#6538),.PCURVE_S1.);
#6527 = LINE('',#6528,#6529);
#6528 = CARTESIAN_POINT('',(6.535E+03,232.,5.135E+03));
#6529 = VECTOR('',#6530,1.);
#6530 = DIRECTION('',(1.,0.,-0.));
#6531 = PCURVE('',#6110,#6532);
#6532 = DEFINITIONAL_REPRESENTATION('',(#6533),#6537);
#6533 = LINE('',#6534,#6535);
#6534 = CARTESIAN_POINT('',(90.,0.));
#6535 = VECTOR('',#6536,1.);
#6536 = DIRECTION('',(0.,1.));
#6537 = ( GEOMETRIC_REPRESENTATION_CONTEXT(2) 
PARAMETRIC_REPRESENTATION_CONTEXT() REPRESENTATION_CONTEXT('2D SPACE',''
  ) );
#6538 = PCURVE('',#6539,#6544);
#6539 = PLANE('',#6540);
#6540 = AXIS2_PLACEMENT_3D('',#6541,#6542,#6543);
#6541 = CARTESIAN_POINT('',(6.535E+03,228.,5.135E+03));
#6542 = DIRECTION('',(0.,0.,1.));
#6543 = DIRECTION('',(1.,0.,-0.));
#6544 = DEFINITIONAL_REPRESENTATION('',(#6545),#6549);
#6545 = LINE('',#6546,#6547);
#6546 = CARTESIAN_POINT('',(0.,4.));
#6547 = VECTOR('',#6548,1.);
#6548 = DIRECTION('',(1.,0.));
#6549 = ( GEOMETRIC_REPRESENTATION_CONTEXT(2) 
PARAMETRIC_REPRESENTATION_CONTEXT() REPRESENTATION_CONTEXT('2D SPACE',''
  ) );
#6550 = ORIENTED_EDGE('',*,*,#6551,.F.);
#6551 = EDGE_CURVE('',#6404,#6524,#6552,.T.);
#6552 = SURFACE_CURVE('',#6553,(#6557,#6564),.PCURVE_S1.);
#6553 = LINE('',#6554,#6555);
#6554 = CARTESIAN_POINT('',(6.705E+03,232.,5.045E+03));
#6555 = VECTOR('',#6556,1.);
#6556 = DIRECTION('',(0.,0.,1.));
#6557 = PCURVE('',#6110,#6558);
#6558 = DEFINITIONAL_REPRESENTATION('',(#6559),#6563);
#6559 = LINE('',#6560,#6561);
#6560 = CARTESIAN_POINT('',(0.,170.));
#6561 = VECTOR('',#6562,1.);
#6562 = DIRECTION('',(1.,0.));
#6563 = ( GEOMETRIC_REPRESENTATION_CONTEXT(2) 
PARAMETRIC_REPRESENTATION_CONTEXT() REPRESENTATION_CONTEXT('2D SPACE',''
  ) );
#6564 = PCURVE('',#6439,#6565);
#6565 = DEFINITIONAL_REPRESENTATION('',(#6566),#6570);
#6566 = LINE('',#6567,#6568);
#6567 = CARTESIAN_POINT('',(0.,-4.));
#6568 = VECTOR('',#6569,1.);
#6569 = DIRECTION('',(1.,0.));
#6570 = ( GEOMETRIC_REPRESENTATION_CONTEXT(2) 
PARAMETRIC_REPRESENTATION_CONTEXT() REPRESENTATION_CONTEXT('2D SPACE',''
  ) );
#6571 = ORIENTED_EDGE('',*,*,#6403,.T.);
#6572 = ORIENTED_EDGE('',*,*,#6095,.F.);
#6573 = ADVANCED_FACE('',(#6574),#6083,.F.);
#6574 = FACE_BOUND('',#6575,.F.);
#6575 = EDGE_LOOP('',(#6576,#6577,#6600,#6621));
#6576 = ORIENTED_EDGE('',*,*,#6472,.F.);
#6577 = ORIENTED_EDGE('',*,*,#6578,.F.);
#6578 = EDGE_CURVE('',#6579,#6473,#6581,.T.);
#6579 = VERTEX_POINT('',#6580);
#6580 = CARTESIAN_POINT('',(6.535E+03,228.,5.045E+03));
#6581 = SURFACE_CURVE('',#6582,(#6586,#6593),.PCURVE_S1.);
#6582 = LINE('',#6583,#6584);
#6583 = CARTESIAN_POINT('',(6.535E+03,228.,5.045E+03));
#6584 = VECTOR('',#6585,1.);
#6585 = DIRECTION('',(-0.,1.,0.));
#6586 = PCURVE('',#6083,#6587);
#6587 = DEFINITIONAL_REPRESENTATION('',(#6588),#6592);
#6588 = LINE('',#6589,#6590);
#6589 = CARTESIAN_POINT('',(0.,0.));
#6590 = VECTOR('',#6591,1.);
#6591 = DIRECTION('',(0.,1.));
#6592 = ( GEOMETRIC_REPRESENTATION_CONTEXT(2) 
PARAMETRIC_REPRESENTATION_CONTEXT() REPRESENTATION_CONTEXT('2D SPACE',''
  ) );
#6593 = PCURVE('',#6511,#6594);
#6594 = DEFINITIONAL_REPRESENTATION('',(#6595),#6599);
#6595 = LINE('',#6596,#6597);
#6596 = CARTESIAN_POINT('',(0.,0.));
#6597 = VECTOR('',#6598,1.);
#6598 = DIRECTION('',(0.,-1.));
#6599 = ( GEOMETRIC_REPRESENTATION_CONTEXT(2) 
PARAMETRIC_REPRESENTATION_CONTEXT() REPRESENTATION_CONTEXT('2D SPACE',''
  ) );
#6600 = ORIENTED_EDGE('',*,*,#6601,.T.);
#6601 = EDGE_CURVE('',#6579,#6041,#6602,.T.);
#6602 = SURFACE_CURVE('',#6603,(#6607,#6614),.PCURVE_S1.);
#6603 = LINE('',#6604,#6605);
#6604 = CARTESIAN_POINT('',(6.535E+03,228.,5.045E+03));
#6605 = VECTOR('',#6606,1.);
#6606 = DIRECTION('',(1.,0.,-0.));
#6607 = PCURVE('',#6083,#6608);
#6608 = DEFINITIONAL_REPRESENTATION('',(#6609),#6613);
#6609 = LINE('',#6610,#6611);
#6610 = CARTESIAN_POINT('',(0.,0.));
#6611 = VECTOR('',#6612,1.);
#6612 = DIRECTION('',(1.,0.));
#6613 = ( GEOMETRIC_REPRESENTATION_CONTEXT(2) 
PARAMETRIC_REPRESENTATION_CONTEXT() REPRESENTATION_CONTEXT('2D SPACE',''
  ) );
#6614 = PCURVE('',#6055,#6615);
#6615 = DEFINITIONAL_REPRESENTATION('',(#6616),#6620);
#6616 = LINE('',#6617,#6618);
#6617 = CARTESIAN_POINT('',(0.,0.));
#6618 = VECTOR('',#6619,1.);
#6619 = DIRECTION('',(0.,1.));
#6620 = ( GEOMETRIC_REPRESENTATION_CONTEXT(2) 
PARAMETRIC_REPRESENTATION_CONTEXT() REPRESENTATION_CONTEXT('2D SPACE',''
  ) );
#6621 = ORIENTED_EDGE('',*,*,#6066,.F.);
#6622 = ADVANCED_FACE('',(#6623),#6055,.F.);
#6623 = FACE_BOUND('',#6624,.F.);
#6624 = EDGE_LOOP('',(#6625,#6626,#6649,#6672,#6693,#6694));
#6625 = ORIENTED_EDGE('',*,*,#6601,.F.);
#6626 = ORIENTED_EDGE('',*,*,#6627,.T.);
#6627 = EDGE_CURVE('',#6579,#6628,#6630,.T.);
#6628 = VERTEX_POINT('',#6629);
#6629 = CARTESIAN_POINT('',(6.535E+03,228.,5.135E+03));
#6630 = SURFACE_CURVE('',#6631,(#6635,#6642),.PCURVE_S1.);
#6631 = LINE('',#6632,#6633);
#6632 = CARTESIAN_POINT('',(6.535E+03,228.,5.045E+03));
#6633 = VECTOR('',#6634,1.);
#6634 = DIRECTION('',(0.,0.,1.));
#6635 = PCURVE('',#6055,#6636);
#6636 = DEFINITIONAL_REPRESENTATION('',(#6637),#6641);
#6637 = LINE('',#6638,#6639);
#6638 = CARTESIAN_POINT('',(0.,0.));
#6639 = VECTOR('',#6640,1.);
#6640 = DIRECTION('',(1.,0.));
#6641 = ( GEOMETRIC_REPRESENTATION_CONTEXT(2) 
PARAMETRIC_REPRESENTATION_CONTEXT() REPRESENTATION_CONTEXT('2D SPACE',''
  ) );
#6642 = PCURVE('',#6511,#6643);
#6643 = DEFINITIONAL_REPRESENTATION('',(#6644),#6648);
#6644 = LINE('',#6645,#6646);
#6645 = CARTESIAN_POINT('',(0.,0.));
#6646 = VECTOR('',#6647,1.);
#6647 = DIRECTION('',(1.,0.));
#6648 = ( GEOMETRIC_REPRESENTATION_CONTEXT(2) 
PARAMETRIC_REPRESENTATION_CONTEXT() REPRESENTATION_CONTEXT('2D SPACE',''
  ) );
#6649 = ORIENTED_EDGE('',*,*,#6650,.T.);
#6650 = EDGE_CURVE('',#6628,#6651,#6653,.T.);
#6651 = VERTEX_POINT('',#6652);
#6652 = CARTESIAN_POINT('',(6.705E+03,228.,5.135E+03));
#6653 = SURFACE_CURVE('',#6654,(#6658,#6665),.PCURVE_S1.);
#6654 = LINE('',#6655,#6656);
#6655 = CARTESIAN_POINT('',(6.535E+03,228.,5.135E+03));
#6656 = VECTOR('',#6657,1.);
#6657 = DIRECTION('',(1.,0.,-0.));
#6658 = PCURVE('',#6055,#6659);
#6659 = DEFINITIONAL_REPRESENTATION('',(#6660),#6664);
#6660 = LINE('',#6661,#6662);
#6661 = CARTESIAN_POINT('',(90.,0.));
#6662 = VECTOR('',#6663,1.);
#6663 = DIRECTION('',(0.,1.));
#6664 = ( GEOMETRIC_REPRESENTATION_CONTEXT(2) 
PARAMETRIC_REPRESENTATION_CONTEXT() REPRESENTATION_CONTEXT('2D SPACE',''
  ) );
#6665 = PCURVE('',#6539,#6666);
#6666 = DEFINITIONAL_REPRESENTATION('',(#6667),#6671);
#6667 = LINE('',#6668,#6669);
#6668 = CARTESIAN_POINT('',(0.,0.));
#6669 = VECTOR('',#6670,1.);
#6670 = DIRECTION('',(1.,0.));
#6671 = ( GEOMETRIC_REPRESENTATION_CONTEXT(2) 
PARAMETRIC_REPRESENTATION_CONTEXT() REPRESENTATION_CONTEXT('2D SPACE',''
  ) );
#6672 = ORIENTED_EDGE('',*,*,#6673,.F.);
#6673 = EDGE_CURVE('',#6425,#6651,#6674,.T.);
#6674 = SURFACE_CURVE('',#6675,(#6679,#6686),.PCURVE_S1.);
#6675 = LINE('',#6676,#6677);
#6676 = CARTESIAN_POINT('',(6.705E+03,228.,5.045E+03));
#6677 = VECTOR('',#6678,1.);
#6678 = DIRECTION('',(0.,0.,1.));
#6679 = PCURVE('',#6055,#6680);
#6680 = DEFINITIONAL_REPRESENTATION('',(#6681),#6685);
#6681 = LINE('',#6682,#6683);
#6682 = CARTESIAN_POINT('',(0.,170.));
#6683 = VECTOR('',#6684,1.);
#6684 = DIRECTION('',(1.,0.));
#6685 = ( GEOMETRIC_REPRESENTATION_CONTEXT(2) 
PARAMETRIC_REPRESENTATION_CONTEXT() REPRESENTATION_CONTEXT('2D SPACE',''
  ) );
#6686 = PCURVE('',#6439,#6687);
#6687 = DEFINITIONAL_REPRESENTATION('',(#6688),#6692);
#6688 = LINE('',#6689,#6690);
#6689 = CARTESIAN_POINT('',(0.,0.));
#6690 = VECTOR('',#6691,1.);
#6691 = DIRECTION('',(1.,0.));
#6692 = ( GEOMETRIC_REPRESENTATION_CONTEXT(2) 
PARAMETRIC_REPRESENTATION_CONTEXT() REPRESENTATION_CONTEXT('2D SPACE',''
  ) );
#6693 = ORIENTED_EDGE('',*,*,#6450,.T.);
#6694 = ORIENTED_EDGE('',*,*,#6040,.F.);
#6695 = ADVANCED_FACE('',(#6696),#6356,.F.);
#6696 = FACE_BOUND('',#6697,.F.);
#6697 = EDGE_LOOP('',(#6698,#6699));
#6698 = ORIENTED_EDGE('',*,*,#6341,.T.);
#6699 = ORIENTED_EDGE('',*,*,#6374,.F.);
#6700 = ADVANCED_FACE('',(#6701,#6732),#6305,.F.);
#6701 = FACE_BOUND('',#6702,.F.);
#6702 = EDGE_LOOP('',(#6703));
#6703 = ORIENTED_EDGE('',*,*,#6704,.T.);
#6704 = EDGE_CURVE('',#6705,#6705,#6707,.T.);
#6705 = VERTEX_POINT('',#6706);
#6706 = CARTESIAN_POINT('',(6.716E+03,-230.,5.078E+03));
#6707 = SURFACE_CURVE('',#6708,(#6713,#6720),.PCURVE_S1.);
#6708 = CIRCLE('',#6709,16.);
#6709 = AXIS2_PLACEMENT_3D('',#6710,#6711,#6712);
#6710 = CARTESIAN_POINT('',(6.7E+03,-230.,5.078E+03));
#6711 = DIRECTION('',(0.,0.,1.));
#6712 = DIRECTION('',(1.,0.,-0.));
#6713 = PCURVE('',#6305,#6714);
#6714 = DEFINITIONAL_REPRESENTATION('',(#6715),#6719);
#6715 = CIRCLE('',#6716,16.);
#6716 = AXIS2_PLACEMENT_2D('',#6717,#6718);
#6717 = CARTESIAN_POINT('',(0.,0.));
#6718 = DIRECTION('',(1.,0.));
#6719 = ( GEOMETRIC_REPRESENTATION_CONTEXT(2) 
PARAMETRIC_REPRESENTATION_CONTEXT() REPRESENTATION_CONTEXT('2D SPACE',''
  ) );
#6720 = PCURVE('',#6721,#6726);
#6721 = CYLINDRICAL_SURFACE('',#6722,16.);
#6722 = AXIS2_PLACEMENT_3D('',#6723,#6724,#6725);
#6723 = CARTESIAN_POINT('',(6.7E+03,-230.,5.078E+03));
#6724 = DIRECTION('',(0.,0.,1.));
#6725 = DIRECTION('',(1.,0.,-0.));
#6726 = DEFINITIONAL_REPRESENTATION('',(#6727),#6731);
#6727 = LINE('',#6728,#6729);
#6728 = CARTESIAN_POINT('',(0.,0.));
#6729 = VECTOR('',#6730,1.);
#6730 = DIRECTION('',(1.,0.));
#6731 = ( GEOMETRIC_REPRESENTATION_CONTEXT(2) 
PARAMETRIC_REPRESENTATION_CONTEXT() REPRESENTATION_CONTEXT('2D SPACE',''
  ) );
#6732 = FACE_BOUND('',#6733,.F.);
#6733 = EDGE_LOOP('',(#6734));
#6734 = ORIENTED_EDGE('',*,*,#6290,.F.);
#6735 = ADVANCED_FACE('',(#6736),#6439,.T.);
#6736 = FACE_BOUND('',#6737,.T.);
#6737 = EDGE_LOOP('',(#6738,#6739,#6740,#6741));
#6738 = ORIENTED_EDGE('',*,*,#6673,.F.);
#6739 = ORIENTED_EDGE('',*,*,#6424,.T.);
#6740 = ORIENTED_EDGE('',*,*,#6551,.T.);
#6741 = ORIENTED_EDGE('',*,*,#6742,.F.);
#6742 = EDGE_CURVE('',#6651,#6524,#6743,.T.);
#6743 = SURFACE_CURVE('',#6744,(#6748,#6755),.PCURVE_S1.);
#6744 = LINE('',#6745,#6746);
#6745 = CARTESIAN_POINT('',(6.705E+03,228.,5.135E+03));
#6746 = VECTOR('',#6747,1.);
#6747 = DIRECTION('',(-0.,1.,0.));
#6748 = PCURVE('',#6439,#6749);
#6749 = DEFINITIONAL_REPRESENTATION('',(#6750),#6754);
#6750 = LINE('',#6751,#6752);
#6751 = CARTESIAN_POINT('',(90.,0.));
#6752 = VECTOR('',#6753,1.);
#6753 = DIRECTION('',(0.,-1.));
#6754 = ( GEOMETRIC_REPRESENTATION_CONTEXT(2) 
PARAMETRIC_REPRESENTATION_CONTEXT() REPRESENTATION_CONTEXT('2D SPACE',''
  ) );
#6755 = PCURVE('',#6539,#6756);
#6756 = DEFINITIONAL_REPRESENTATION('',(#6757),#6761);
#6757 = LINE('',#6758,#6759);
#6758 = CARTESIAN_POINT('',(170.,0.));
#6759 = VECTOR('',#6760,1.);
#6760 = DIRECTION('',(0.,1.));
#6761 = ( GEOMETRIC_REPRESENTATION_CONTEXT(2) 
PARAMETRIC_REPRESENTATION_CONTEXT() REPRESENTATION_CONTEXT('2D SPACE',''
  ) );
#6762 = ADVANCED_FACE('',(#6763),#6539,.T.);
#6763 = FACE_BOUND('',#6764,.T.);
#6764 = EDGE_LOOP('',(#6765,#6786,#6787,#6788));
#6765 = ORIENTED_EDGE('',*,*,#6766,.F.);
#6766 = EDGE_CURVE('',#6628,#6496,#6767,.T.);
#6767 = SURFACE_CURVE('',#6768,(#6772,#6779),.PCURVE_S1.);
#6768 = LINE('',#6769,#6770);
#6769 = CARTESIAN_POINT('',(6.535E+03,228.,5.135E+03));
#6770 = VECTOR('',#6771,1.);
#6771 = DIRECTION('',(-0.,1.,0.));
#6772 = PCURVE('',#6539,#6773);
#6773 = DEFINITIONAL_REPRESENTATION('',(#6774),#6778);
#6774 = LINE('',#6775,#6776);
#6775 = CARTESIAN_POINT('',(0.,0.));
#6776 = VECTOR('',#6777,1.);
#6777 = DIRECTION('',(0.,1.));
#6778 = ( GEOMETRIC_REPRESENTATION_CONTEXT(2) 
PARAMETRIC_REPRESENTATION_CONTEXT() REPRESENTATION_CONTEXT('2D SPACE',''
  ) );
#6779 = PCURVE('',#6511,#6780);
#6780 = DEFINITIONAL_REPRESENTATION('',(#6781),#6785);
#6781 = LINE('',#6782,#6783);
#6782 = CARTESIAN_POINT('',(90.,0.));
#6783 = VECTOR('',#6784,1.);
#6784 = DIRECTION('',(0.,-1.));
#6785 = ( GEOMETRIC_REPRESENTATION_CONTEXT(2) 
PARAMETRIC_REPRESENTATION_CONTEXT() REPRESENTATION_CONTEXT('2D SPACE',''
  ) );
#6786 = ORIENTED_EDGE('',*,*,#6650,.T.);
#6787 = ORIENTED_EDGE('',*,*,#6742,.T.);
#6788 = ORIENTED_EDGE('',*,*,#6523,.F.);
#6789 = ADVANCED_FACE('',(#6790),#6511,.F.);
#6790 = FACE_BOUND('',#6791,.F.);
#6791 = EDGE_LOOP('',(#6792,#6793,#6794,#6795));
#6792 = ORIENTED_EDGE('',*,*,#6627,.F.);
#6793 = ORIENTED_EDGE('',*,*,#6578,.T.);
#6794 = ORIENTED_EDGE('',*,*,#6495,.T.);
#6795 = ORIENTED_EDGE('',*,*,#6766,.F.);
#6796 = ADVANCED_FACE('',(#6797,#6851,#7046,#7241),#6721,.T.);
#6797 = FACE_BOUND('',#6798,.T.);
#6798 = EDGE_LOOP('',(#6799,#6822,#6849,#6850));
#6799 = ORIENTED_EDGE('',*,*,#6800,.T.);
#6800 = EDGE_CURVE('',#6705,#6801,#6803,.T.);
#6801 = VERTEX_POINT('',#6802);
#6802 = CARTESIAN_POINT('',(6.716E+03,-230.,5.102E+03));
#6803 = SEAM_CURVE('',#6804,(#6808,#6815),.PCURVE_S1.);
#6804 = LINE('',#6805,#6806);
#6805 = CARTESIAN_POINT('',(6.716E+03,-230.,5.078E+03));
#6806 = VECTOR('',#6807,1.);
#6807 = DIRECTION('',(0.,0.,1.));
#6808 = PCURVE('',#6721,#6809);
#6809 = DEFINITIONAL_REPRESENTATION('',(#6810),#6814);
#6810 = LINE('',#6811,#6812);
#6811 = CARTESIAN_POINT('',(6.28318530718,-0.));
#6812 = VECTOR('',#6813,1.);
#6813 = DIRECTION('',(0.,1.));
#6814 = ( GEOMETRIC_REPRESENTATION_CONTEXT(2) 
PARAMETRIC_REPRESENTATION_CONTEXT() REPRESENTATION_CONTEXT('2D SPACE',''
  ) );
#6815 = PCURVE('',#6721,#6816);
#6816 = DEFINITIONAL_REPRESENTATION('',(#6817),#6821);
#6817 = LINE('',#6818,#6819);
#6818 = CARTESIAN_POINT('',(0.,-0.));
#6819 = VECTOR('',#6820,1.);
#6820 = DIRECTION('',(0.,1.));
#6821 = ( GEOMETRIC_REPRESENTATION_CONTEXT(2) 
PARAMETRIC_REPRESENTATION_CONTEXT() REPRESENTATION_CONTEXT('2D SPACE',''
  ) );
#6822 = ORIENTED_EDGE('',*,*,#6823,.F.);
#6823 = EDGE_CURVE('',#6801,#6801,#6824,.T.);
#6824 = SURFACE_CURVE('',#6825,(#6830,#6837),.PCURVE_S1.);
#6825 = CIRCLE('',#6826,16.);
#6826 = AXIS2_PLACEMENT_3D('',#6827,#6828,#6829);
#6827 = CARTESIAN_POINT('',(6.7E+03,-230.,5.102E+03));
#6828 = DIRECTION('',(0.,0.,1.));
#6829 = DIRECTION('',(1.,0.,-0.));
#6830 = PCURVE('',#6721,#6831);
#6831 = DEFINITIONAL_REPRESENTATION('',(#6832),#6836);
#6832 = LINE('',#6833,#6834);
#6833 = CARTESIAN_POINT('',(0.,24.));
#6834 = VECTOR('',#6835,1.);
#6835 = DIRECTION('',(1.,0.));
#6836 = ( GEOMETRIC_REPRESENTATION_CONTEXT(2) 
PARAMETRIC_REPRESENTATION_CONTEXT() REPRESENTATION_CONTEXT('2D SPACE',''
  ) );
#6837 = PCURVE('',#6838,#6843);
#6838 = PLANE('',#6839);
#6839 = AXIS2_PLACEMENT_3D('',#6840,#6841,#6842);
#6840 = CARTESIAN_POINT('',(6.7E+03,-230.,5.102E+03));
#6841 = DIRECTION('',(0.,0.,1.));
#6842 = DIRECTION('',(1.,0.,-0.));
#6843 = DEFINITIONAL_REPRESENTATION('',(#6844),#6848);
#6844 = CIRCLE('',#6845,16.);
#6845 = AXIS2_PLACEMENT_2D('',#6846,#6847);
#6846 = CARTESIAN_POINT('',(0.,0.));
#6847 = DIRECTION('',(1.,0.));
#6848 = ( GEOMETRIC_REPRESENTATION_CONTEXT(2) 
PARAMETRIC_REPRESENTATION_CONTEXT() REPRESENTATION_CONTEXT('2D SPACE',''
  ) );
#6849 = ORIENTED_EDGE('',*,*,#6800,.F.);
#6850 = ORIENTED_EDGE('',*,*,#6704,.T.);
#6851 = FACE_BOUND('',#6852,.T.);
#6852 = EDGE_LOOP('',(#6853));
#6853 = ORIENTED_EDGE('',*,*,#6854,.F.);
#6854 = EDGE_CURVE('',#6855,#6855,#6857,.T.);
#6855 = VERTEX_POINT('',#6856);
#6856 = CARTESIAN_POINT('',(6.713742368354E+03,-221.8056536535,5.09E+03)
  );
#6857 = SURFACE_CURVE('',#6858,(#6917,#6979),.PCURVE_S1.);
#6858 = B_SPLINE_CURVE_WITH_KNOTS('',8,(#6859,#6860,#6861,#6862,#6863,
    #6864,#6865,#6866,#6867,#6868,#6869,#6870,#6871,#6872,#6873,#6874,
    #6875,#6876,#6877,#6878,#6879,#6880,#6881,#6882,#6883,#6884,#6885,
    #6886,#6887,#6888,#6889,#6890,#6891,#6892,#6893,#6894,#6895,#6896,
    #6897,#6898,#6899,#6900,#6901,#6902,#6903,#6904,#6905,#6906,#6907,
    #6908,#6909,#6910,#6911,#6912,#6913,#6914,#6915,#6916),
  .UNSPECIFIED.,.T.,.F.,(9,7,7,7,7,7,7,7,9),(0.,0.106527559873,
    0.210384089429,0.31034030734,0.431115941236,0.556240917027,
    0.670873152093,0.814534143287,1.),.UNSPECIFIED.);
#6859 = CARTESIAN_POINT('',(6.713742368353E+03,-221.8056536536,5.09E+03)
  );
#6860 = CARTESIAN_POINT('',(6.713742368353E+03,-221.8056536536,
    5.090235637356E+03));
#6861 = CARTESIAN_POINT('',(6.713753396893E+03,-221.8241496069,
    5.09047125432E+03));
#6862 = CARTESIAN_POINT('',(6.713775451352E+03,-221.8611349296,
    5.090704638841E+03));
#6863 = CARTESIAN_POINT('',(6.713808227889E+03,-221.916420468,
    5.090933597028E+03));
#6864 = CARTESIAN_POINT('',(6.713851130844E+03,-221.9896393354,
    5.09115597519E+03));
#6865 = CARTESIAN_POINT('',(6.71390330121E+03,-222.0802395641,
    5.09136968892E+03));
#6866 = CARTESIAN_POINT('',(6.713963664189E+03,-222.1874645736,
    5.091572759234E+03));
#6867 = CARTESIAN_POINT('',(6.714096639215E+03,-222.4300978681,
    5.091949173337E+03));
#6868 = CARTESIAN_POINT('',(6.714170823279E+03,-222.5682307804,
    5.092128562785E+03));
#6869 = CARTESIAN_POINT('',(6.714253150367E+03,-222.7254292349,
    5.092298784236E+03));
#6870 = CARTESIAN_POINT('',(6.714342915042E+03,-222.9021908002,
    5.092456851241E+03));
#6871 = CARTESIAN_POINT('',(6.714439104594E+03,-223.0987707602,
    5.09259951696E+03));
#6872 = CARTESIAN_POINT('',(6.714540404887E+03,-223.3151168009,
    5.092723240004E+03));
#6873 = CARTESIAN_POINT('',(6.714645231178E+03,-223.5507401577,
    5.092824118063E+03));
#6874 = CARTESIAN_POINT('',(6.714854373598E+03,-224.0487185291,
    5.09296867063E+03));
#6875 = CARTESIAN_POINT('',(6.714957358556E+03,-224.3068758758,
    5.093013520116E+03));
#6876 = CARTESIAN_POINT('',(6.715057656163E+03,-224.5737923779,
    5.093028454227E+03));
#6877 = CARTESIAN_POINT('',(6.715152443031E+03,-224.8435437041,
    5.093011854632E+03));
#6878 = CARTESIAN_POINT('',(6.715239603756E+03,-225.1097676243,
    5.092964266666E+03));
#6879 = CARTESIAN_POINT('',(6.715317878807E+03,-225.3661449359,
    5.092888361931E+03));
#6880 = CARTESIAN_POINT('',(6.715386781299E+03,-225.6069252852,
    5.092788947947E+03));
#6881 = CARTESIAN_POINT('',(6.715518287932E+03,-226.0937399256,
    5.092532945016E+03));
#6882 = CARTESIAN_POINT('',(6.715577765602E+03,-226.3347676675,
    5.092366475565E+03));
#6883 = CARTESIAN_POINT('',(6.71562654099E+03,-226.5496940327,
    5.092179679098E+03));
#6884 = CARTESIAN_POINT('',(6.715666334412E+03,-226.7385241807,
    5.091977287713E+03));
#6885 = CARTESIAN_POINT('',(6.715698614015E+03,-226.9017124656,
    5.091763019435E+03));
#6886 = CARTESIAN_POINT('',(6.715724558052E+03,-227.0399187885,
    5.091539799389E+03));
#6887 = CARTESIAN_POINT('',(6.715745084176E+03,-227.153826218,
    5.091309910512E+03));
#6888 = CARTESIAN_POINT('',(6.715777190032E+03,-227.337431676,
    5.090831841386E+03));
#6889 = CARTESIAN_POINT('',(6.715788433736E+03,-227.4054616908,
    5.090583112908E+03));
#6890 = CARTESIAN_POINT('',(6.715795300776E+03,-227.4486292653,
    5.090330914906E+03));
#6891 = CARTESIAN_POINT('',(6.715798211571E+03,-227.4672776597,
    5.090076906761E+03));
#6892 = CARTESIAN_POINT('',(6.715797332141E+03,-227.4615520404,
    5.089822574073E+03));
#6893 = CARTESIAN_POINT('',(6.715792589993E+03,-227.4313935338,
    5.089569375265E+03));
#6894 = CARTESIAN_POINT('',(6.71578366311E+03,-227.3765339576,
    5.089318885137E+03));
#6895 = CARTESIAN_POINT('',(6.71575736944E+03,-227.2231593815,
    5.088847636629E+03));
#6896 = CARTESIAN_POINT('',(6.715740777002E+03,-227.1287139775,
    5.088626216803E+03));
#6897 = CARTESIAN_POINT('',(6.715719691044E+03,-227.0127601917,
    5.088409976756E+03));
#6898 = CARTESIAN_POINT('',(6.71569343139E+03,-226.8747442822,
    5.088200576294E+03));
#6899 = CARTESIAN_POINT('',(6.715661105184E+03,-226.714048354,
    5.088000143545E+03));
#6900 = CARTESIAN_POINT('',(6.71562158061E+03,-226.530116243,
    5.08781140213E+03));
#6901 = CARTESIAN_POINT('',(6.715573489973E+03,-226.3226186401,
    5.087637847268E+03));
#6902 = CARTESIAN_POINT('',(6.715442402926E+03,-225.8022289658,
    5.087291167033E+03));
#6903 = CARTESIAN_POINT('',(6.715350612598E+03,-225.4638911093,
    5.087121242547E+03));
#6904 = CARTESIAN_POINT('',(6.715238847149E+03,-225.0881999171,
    5.086998762111E+03));
#6905 = CARTESIAN_POINT('',(6.715107683427E+03,-224.6919359544,
    5.086939022202E+03));
#6906 = CARTESIAN_POINT('',(6.714960828236E+03,-224.2948506668,
    5.086948495039E+03));
#6907 = CARTESIAN_POINT('',(6.714806451212E+03,-223.9155308888,
    5.087025147563E+03));
#6908 = CARTESIAN_POINT('',(6.714654691941E+03,-223.5695479311,
    5.087158061032E+03));
#6909 = CARTESIAN_POINT('',(6.714333946572E+03,-222.8780274903,
    5.087545054799E+03));
#6910 = CARTESIAN_POINT('',(6.714169718755E+03,-222.5552810651,
    5.087826855674E+03));
#6911 = CARTESIAN_POINT('',(6.714028694706E+03,-222.2965979762,
    5.088149496093E+03));
#6912 = CARTESIAN_POINT('',(6.713914475229E+03,-222.0964162342,
    5.088498670491E+03));
#6913 = CARTESIAN_POINT('',(6.713828469324E+03,-221.9500575423,
    5.088864344326E+03));
#6914 = CARTESIAN_POINT('',(6.713771091604E+03,-221.8538224714,
    5.089239705718E+03));
#6915 = CARTESIAN_POINT('',(6.713742368353E+03,-221.8056536536,
    5.089619726474E+03));
#6916 = CARTESIAN_POINT('',(6.713742368353E+03,-221.8056536536,5.09E+03)
  );
#6917 = PCURVE('',#6721,#6918);
#6918 = DEFINITIONAL_REPRESENTATION('',(#6919),#6978);
#6919 = B_SPLINE_CURVE_WITH_KNOTS('',8,(#6920,#6921,#6922,#6923,#6924,
    #6925,#6926,#6927,#6928,#6929,#6930,#6931,#6932,#6933,#6934,#6935,
    #6936,#6937,#6938,#6939,#6940,#6941,#6942,#6943,#6944,#6945,#6946,
    #6947,#6948,#6949,#6950,#6951,#6952,#6953,#6954,#6955,#6956,#6957,
    #6958,#6959,#6960,#6961,#6962,#6963,#6964,#6965,#6966,#6967,#6968,
    #6969,#6970,#6971,#6972,#6973,#6974,#6975,#6976,#6977),
  .UNSPECIFIED.,.T.,.F.,(9,7,7,7,7,7,7,7,9),(0.,0.106527559873,
    0.210384089429,0.31034030734,0.431115941236,0.556240917027,
    0.670873152093,0.814534143287,1.),.UNSPECIFIED.);
#6920 = CARTESIAN_POINT('',(0.537682236574,12.));
#6921 = CARTESIAN_POINT('',(0.537682236574,12.235637355682));
#6922 = CARTESIAN_POINT('',(0.536336348282,12.471254320442));
#6923 = CARTESIAN_POINT('',(0.533644965836,12.704638840994));
#6924 = CARTESIAN_POINT('',(0.529628036433,12.93359702778));
#6925 = CARTESIAN_POINT('',(0.524324302256,13.155975189699));
#6926 = CARTESIAN_POINT('',(0.517790495312,13.369688920103));
#6927 = CARTESIAN_POINT('',(0.510100485181,13.572759234058));
#6928 = CARTESIAN_POINT('',(0.492807821312,13.949173337129));
#6929 = CARTESIAN_POINT('',(0.483008623279,14.128562785302));
#6930 = CARTESIAN_POINT('',(0.471918938859,14.29878423649));
#6931 = CARTESIAN_POINT('',(0.459530512085,14.456851240836));
#6932 = CARTESIAN_POINT('',(0.445855713241,14.599516959554));
#6933 = CARTESIAN_POINT('',(0.430929582557,14.723240003541));
#6934 = CARTESIAN_POINT('',(0.414815048766,14.824118063295));
#6935 = CARTESIAN_POINT('',(0.381057930864,14.968670629501));
#6936 = CARTESIAN_POINT('',(0.363689442424,15.01352011636));
#6937 = CARTESIAN_POINT('',(0.345874385972,15.028454226815));
#6938 = CARTESIAN_POINT('',(0.328012574286,15.011854631998));
#6939 = CARTESIAN_POINT('',(0.310511916579,14.964266665977));
#6940 = CARTESIAN_POINT('',(0.293762511043,14.888361930725));
#6941 = CARTESIAN_POINT('',(0.278111436456,14.788947947161));
#6942 = CARTESIAN_POINT('',(0.246594917437,14.532945015714));
#6943 = CARTESIAN_POINT('',(0.231082529425,14.366475564789));
#6944 = CARTESIAN_POINT('',(0.217311621386,14.179679098053));
#6945 = CARTESIAN_POINT('',(0.205252729849,13.977287713273));
#6946 = CARTESIAN_POINT('',(0.19485687481,13.763019434831));
#6947 = CARTESIAN_POINT('',(0.186068519722,13.539799389253));
#6948 = CARTESIAN_POINT('',(0.17883473252,13.309910512029));
#6949 = CARTESIAN_POINT('',(0.167185270655,12.831841386455));
#6950 = CARTESIAN_POINT('',(0.162875899485,12.583112908383));
#6951 = CARTESIAN_POINT('',(0.160144012466,12.33091490568));
#6952 = CARTESIAN_POINT('',(0.158964336849,12.076906760522));
#6953 = CARTESIAN_POINT('',(0.159326410459,11.822574072522));
#6954 = CARTESIAN_POINT('',(0.161234487802,11.569375265298));
#6955 = CARTESIAN_POINT('',(0.164708185254,11.318885136776));
#6956 = CARTESIAN_POINT('',(0.174433939896,10.847636628766));
#6957 = CARTESIAN_POINT('',(0.180427130421,10.626216802502));
#6958 = CARTESIAN_POINT('',(0.187792863388,10.409976755693));
#6959 = CARTESIAN_POINT('',(0.196572987932,10.200576294278));
#6960 = CARTESIAN_POINT('',(0.206816345818,10.000143544999));
#6961 = CARTESIAN_POINT('',(0.218572317067,9.811402129597));
#6962 = CARTESIAN_POINT('',(0.231882254131,9.637847267794));
#6963 = CARTESIAN_POINT('',(0.265422646456,9.291167032967));
#6964 = CARTESIAN_POINT('',(0.287329472537,9.121242546681));
#6965 = CARTESIAN_POINT('',(0.311815477125,8.998762110607));
#6966 = CARTESIAN_POINT('',(0.337877183114,8.939022201672));
#6967 = CARTESIAN_POINT('',(0.364308474893,8.94849503942));
#6968 = CARTESIAN_POINT('',(0.389889100321,9.025147562854));
#6969 = CARTESIAN_POINT('',(0.413496540174,9.158061032171));
#6970 = CARTESIAN_POINT('',(0.461139339968,9.545054798896));
#6971 = CARTESIAN_POINT('',(0.483757266547,9.826855673692));
#6972 = CARTESIAN_POINT('',(0.502162349257,10.149496092671));
#6973 = CARTESIAN_POINT('',(0.51656499269,10.498670490703));
#6974 = CARTESIAN_POINT('',(0.527174363362,10.864344325722));
#6975 = CARTESIAN_POINT('',(0.534177092135,11.239705717979));
#6976 = CARTESIAN_POINT('',(0.537682236574,11.6197264742));
#6977 = CARTESIAN_POINT('',(0.537682236574,12.));
#6978 = ( GEOMETRIC_REPRESENTATION_CONTEXT(2) 
PARAMETRIC_REPRESENTATION_CONTEXT() REPRESENTATION_CONTEXT('2D SPACE',''
  ) );
#6979 = PCURVE('',#6980,#6985);
#6980 = CYLINDRICAL_SURFACE('',#6981,3.);
#6981 = AXIS2_PLACEMENT_3D('',#6982,#6983,#6984);
#6982 = CARTESIAN_POINT('',(6.7E+03,-230.,5.09E+03));
#6983 = DIRECTION('',(0.939692620786,0.342020143326,0.));
#6984 = DIRECTION('',(-0.342020143326,0.939692620786,0.));
#6985 = DEFINITIONAL_REPRESENTATION('',(#6986),#7045);
#6986 = B_SPLINE_CURVE_WITH_KNOTS('',8,(#6987,#6988,#6989,#6990,#6991,
    #6992,#6993,#6994,#6995,#6996,#6997,#6998,#6999,#7000,#7001,#7002,
    #7003,#7004,#7005,#7006,#7007,#7008,#7009,#7010,#7011,#7012,#7013,
    #7014,#7015,#7016,#7017,#7018,#7019,#7020,#7021,#7022,#7023,#7024,
    #7025,#7026,#7027,#7028,#7029,#7030,#7031,#7032,#7033,#7034,#7035,
    #7036,#7037,#7038,#7039,#7040,#7041,#7042,#7043,#7044),
  .UNSPECIFIED.,.F.,.F.,(9,7,7,7,7,7,7,7,9),(0.,0.106527559873,
    0.210384089429,0.31034030734,0.431115941236,0.556240917027,
    0.670873152093,0.814534143287,1.),.UNSPECIFIED.);
#6987 = CARTESIAN_POINT('',(0.,15.716233645502));
#6988 = CARTESIAN_POINT('',(7.854578522727E-02,15.716233645502));
#6989 = CARTESIAN_POINT('',(0.157084646693,15.720271094633));
#6990 = CARTESIAN_POINT('',(0.235618230344,15.728345781282));
#6991 = CARTESIAN_POINT('',(0.314152109891,15.740236883774));
#6992 = CARTESIAN_POINT('',(0.392692003615,15.755510146369));
#6993 = CARTESIAN_POINT('',(0.471239664626,15.773547150822));
#6994 = CARTESIAN_POINT('',(0.549788444558,15.793596683488));
#6995 = CARTESIAN_POINT('',(0.704879584253,15.835566860331));
#6996 = CARTESIAN_POINT('',(0.783659006965,15.858032839552));
#6997 = CARTESIAN_POINT('',(0.864706395849,15.881629958425));
#6998 = CARTESIAN_POINT('',(0.948109242234,15.90552514543));
#6999 = CARTESIAN_POINT('',(1.034007406559,15.928679451765));
#7000 = CARTESIAN_POINT('',(1.122594362857,15.949875885645));
#7001 = CARTESIAN_POINT('',(1.214130896528,15.967792443415));
#7002 = CARTESIAN_POINT('',(1.400300305802,15.994003398477));
#7003 = CARTESIAN_POINT('',(1.493617900677,16.002482590574));
#7004 = CARTESIAN_POINT('',(1.587869236051,16.005440691347));
#7005 = CARTESIAN_POINT('',(1.682184605127,16.00225082475));
#7006 = CARTESIAN_POINT('',(1.775744768723,15.993101171379));
#7007 = CARTESIAN_POINT('',(1.867673866939,15.978969453948));
#7008 = CARTESIAN_POINT('',(1.956917162772,15.961364888345));
#7009 = CARTESIAN_POINT('',(2.144882132372,15.918440287686));
#7010 = CARTESIAN_POINT('',(2.243384621108,15.891894672295));
#7011 = CARTESIAN_POINT('',(2.338247684867,15.864219397968));
#7012 = CARTESIAN_POINT('',(2.430006356492,15.83702926893));
#7013 = CARTESIAN_POINT('',(2.519134119442,15.811548492571));
#7014 = CARTESIAN_POINT('',(2.606071588789,15.788658567232));
#7015 = CARTESIAN_POINT('',(2.691236183349,15.768988178752));
#7016 = CARTESIAN_POINT('',(2.861929966839,15.736361050025));
#7017 = CARTESIAN_POINT('',(2.947428511256,15.723659040085));
#7018 = CARTESIAN_POINT('',(3.03203555297,15.715347766285));
#7019 = CARTESIAN_POINT('',(3.116158031605,15.711704892568));
#7020 = CARTESIAN_POINT('',(3.200188820256,15.712836776051));
#7021 = CARTESIAN_POINT('',(3.284519783004,15.718695431616));
#7022 = CARTESIAN_POINT('',(3.369554405732,15.729069985381));
#7023 = CARTESIAN_POINT('',(3.534721073865,15.756819212365));
#7024 = CARTESIAN_POINT('',(3.614641451821,15.773529651522));
#7025 = CARTESIAN_POINT('',(3.695911033646,15.79337386255));
#7026 = CARTESIAN_POINT('',(3.778905579878,15.815902080582));
#7027 = CARTESIAN_POINT('',(3.864014318196,15.84048662721));
#7028 = CARTESIAN_POINT('',(3.951648989545,15.866254164145));
#7029 = CARTESIAN_POINT('',(4.042264612727,15.892032106898));
#7030 = CARTESIAN_POINT('',(4.254441983143,15.946834327628));
#7031 = CARTESIAN_POINT('',(4.3829495067,15.976297995432));
#7032 = CARTESIAN_POINT('',(4.517060773193,15.999766783478));
#7033 = CARTESIAN_POINT('',(4.653957213245,16.01204345882));
#7034 = CARTESIAN_POINT('',(4.791464985524,16.009855886773));
#7035 = CARTESIAN_POINT('',(4.927510671258,15.994523941206));
#7036 = CARTESIAN_POINT('',(5.059602232247,15.97025001473));
#7037 = CARTESIAN_POINT('',(5.343744570723,15.905361879268));
#7038 = CARTESIAN_POINT('',(5.493148800433,15.861423989606));
#7039 = CARTESIAN_POINT('',(5.63474196076,15.817379559104));
#7040 = CARTESIAN_POINT('',(5.770334725509,15.778514546816));
#7041 = CARTESIAN_POINT('',(5.901534188657,15.747753054008));
#7042 = CARTESIAN_POINT('',(6.029752957476,15.726749966046));
#7043 = CARTESIAN_POINT('',(6.156427465246,15.716233645502));
#7044 = CARTESIAN_POINT('',(6.28318530718,15.716233645502));
#7045 = ( GEOMETRIC_REPRESENTATION_CONTEXT(2) 
PARAMETRIC_REPRESENTATION_CONTEXT() REPRESENTATION_CONTEXT('2D SPACE',''
  ) );
#7046 = FACE_BOUND('',#7047,.T.);
#7047 = EDGE_LOOP('',(#7048));
#7048 = ORIENTED_EDGE('',*,*,#7049,.F.);
#7049 = EDGE_CURVE('',#7050,#7050,#7052,.T.);
#7050 = VERTEX_POINT('',#7051);
#7051 = CARTESIAN_POINT('',(6.68603230372E+03,-222.1959330707,5.09E+03)
  );
#7052 = SURFACE_CURVE('',#7053,(#7112,#7174),.PCURVE_S1.);
#7053 = B_SPLINE_CURVE_WITH_KNOTS('',8,(#7054,#7055,#7056,#7057,#7058,
    #7059,#7060,#7061,#7062,#7063,#7064,#7065,#7066,#7067,#7068,#7069,
    #7070,#7071,#7072,#7073,#7074,#7075,#7076,#7077,#7078,#7079,#7080,
    #7081,#7082,#7083,#7084,#7085,#7086,#7087,#7088,#7089,#7090,#7091,
    #7092,#7093,#7094,#7095,#7096,#7097,#7098,#7099,#7100,#7101,#7102,
    #7103,#7104,#7105,#7106,#7107,#7108,#7109,#7110,#7111),
  .UNSPECIFIED.,.T.,.F.,(9,7,7,7,7,7,7,7,9),(0.,0.106527559687,
    0.210384089086,0.310340306863,0.431115940598,0.55624091622,
    0.670873151132,0.814534142134,1.),.UNSPECIFIED.);
#7054 = CARTESIAN_POINT('',(6.68603230372E+03,-222.195933071,5.09E+03));
#7055 = CARTESIAN_POINT('',(6.68603230372E+03,-222.195933071,
    5.090235637356E+03));
#7056 = CARTESIAN_POINT('',(6.686042807415E+03,-222.1771340985,
    5.09047125432E+03));
#7057 = CARTESIAN_POINT('',(6.686063810415E+03,-222.1395417157,
    5.090704638841E+03));
#7058 = CARTESIAN_POINT('',(6.686095300827E+03,-222.0835136325,
    5.090933597028E+03));
#7059 = CARTESIAN_POINT('',(6.686137258749E+03,-222.0097491501,
    5.09115597519E+03));
#7060 = CARTESIAN_POINT('',(6.686189635666E+03,-221.9192681737,
    5.09136968892E+03));
#7061 = CARTESIAN_POINT('',(6.686252313758E+03,-221.8133797958,
    5.091572759234E+03));
#7062 = CARTESIAN_POINT('',(6.686395952842E+03,-221.5769033976,
    5.091949173337E+03));
#7063 = CARTESIAN_POINT('',(6.686478487421E+03,-221.4435916574,
    5.092128562785E+03));
#7064 = CARTESIAN_POINT('',(6.686573461732E+03,-221.2936950808,
    5.092298784236E+03));
#7065 = CARTESIAN_POINT('',(6.686681659401E+03,-221.127575809,
    5.092456851241E+03));
#7066 = CARTESIAN_POINT('',(6.686803807864E+03,-220.9459832333,
    5.09259951696E+03));
#7067 = CARTESIAN_POINT('',(6.686940518885E+03,-220.7500815858,
    5.092723240004E+03));
#7068 = CARTESIAN_POINT('',(6.687092161552E+03,-220.5414876764,
    5.092824118063E+03));
#7069 = CARTESIAN_POINT('',(6.687418852262E+03,-220.1113758418,
    5.09296867063E+03));
#7070 = CARTESIAN_POINT('',(6.687590930604E+03,-219.8931095789,
    5.093013520116E+03));
#7071 = CARTESIAN_POINT('',(6.687771938272E+03,-219.6727910523,
    5.093028454227E+03));
#7072 = CARTESIAN_POINT('',(6.687958156339E+03,-219.4558275534,
    5.093011854632E+03));
#7073 = CARTESIAN_POINT('',(6.688145132654E+03,-219.2472321913,
    5.092964266666E+03));
#7074 = CARTESIAN_POINT('',(6.688328024394E+03,-219.0512553532,
    5.092888361931E+03));
#7075 = CARTESIAN_POINT('',(6.688502095047E+03,-218.8711938695,
    5.092788947947E+03));
#7076 = CARTESIAN_POINT('',(6.688857935576E+03,-218.5138984645,
    5.092532945016E+03));
#7077 = CARTESIAN_POINT('',(6.689036932888E+03,-218.3418754206,
    5.092366475565E+03));
#7078 = CARTESIAN_POINT('',(6.689198676887E+03,-218.1921715131,
    5.092179679098E+03));
#7079 = CARTESIAN_POINT('',(6.689342311881E+03,-218.0632943246,
    5.091977287713E+03));
#7080 = CARTESIAN_POINT('',(6.68946749728E+03,-217.9537452264,
    5.091763019435E+03));
#7081 = CARTESIAN_POINT('',(6.689574215447E+03,-217.8621738689,
    5.091539799389E+03));
#7082 = CARTESIAN_POINT('',(6.689662599113E+03,-217.7874440097,
    5.091309910512E+03));
#7083 = CARTESIAN_POINT('',(6.689805553176E+03,-217.6678367935,
    5.090831841386E+03));
#7084 = CARTESIAN_POINT('',(6.689858847045E+03,-217.624084453,
    5.090583112908E+03));
#7085 = CARTESIAN_POINT('',(6.689892797742E+03,-217.5965536352,
    5.090330914906E+03));
#7086 = CARTESIAN_POINT('',(6.689907492327E+03,-217.5847086154,
    5.090076906761E+03));
#7087 = CARTESIAN_POINT('',(6.68990297351E+03,-217.5883330335,
    5.089822574073E+03));
#7088 = CARTESIAN_POINT('',(6.689879226551E+03,-217.6075191072,
    5.089569375265E+03));
#7089 = CARTESIAN_POINT('',(6.689836180206E+03,-217.642679803,
    5.089318885137E+03));
#7090 = CARTESIAN_POINT('',(6.689716500762E+03,-217.742138077,
    5.088847636629E+03));
#7091 = CARTESIAN_POINT('',(6.689643004862E+03,-217.8037302518,
    5.088626216803E+03));
#7092 = CARTESIAN_POINT('',(6.689553128917E+03,-217.8799681203,
    5.088409976756E+03));
#7093 = CARTESIAN_POINT('',(6.68944673346E+03,-217.9717176024,
    5.088200576294E+03));
#7094 = CARTESIAN_POINT('',(6.689323729807E+03,-218.0800608826,
    5.088000143545E+03));
#7095 = CARTESIAN_POINT('',(6.689184202213E+03,-218.2062562228,
    5.08781140213E+03));
#7096 = CARTESIAN_POINT('',(6.689028549337E+03,-218.351652738,
    5.087637847268E+03));
#7097 = CARTESIAN_POINT('',(6.688643422182E+03,-218.7253722875,
    5.087291167033E+03));
#7098 = CARTESIAN_POINT('',(6.688396308168E+03,-218.9740339721,
    5.087121242547E+03));
#7099 = CARTESIAN_POINT('',(6.688126832775E+03,-219.258671286,
    5.086998762111E+03));
#7100 = CARTESIAN_POINT('',(6.687849239978E+03,-219.570394383,
    5.086939022202E+03));
#7101 = CARTESIAN_POINT('',(6.687578781627E+03,-219.8961173526,
    5.086948495039E+03));
#7102 = CARTESIAN_POINT('',(6.687327469575E+03,-220.2194716663,
    5.087025147563E+03));
#7103 = CARTESIAN_POINT('',(6.68710371918E+03,-220.5238905292,
    5.087158061032E+03));
#7104 = CARTESIAN_POINT('',(6.686665217594E+03,-221.1474243893,
    5.087545054801E+03));
#7105 = CARTESIAN_POINT('',(6.686467824908E+03,-221.4510230513,
    5.087826855665E+03));
#7106 = CARTESIAN_POINT('',(6.686314310787E+03,-221.702495032,
    5.088149496115E+03));
#7107 = CARTESIAN_POINT('',(6.686198058076E+03,-221.9015028365,
    5.08849867046E+03));
#7108 = CARTESIAN_POINT('',(6.686114310664E+03,-222.0491655085,
    5.088864344351E+03));
#7109 = CARTESIAN_POINT('',(6.686059657516E+03,-222.146973595,
    5.089239705706E+03));
#7110 = CARTESIAN_POINT('',(6.68603230372E+03,-222.195933071,
    5.089619726477E+03));
#7111 = CARTESIAN_POINT('',(6.68603230372E+03,-222.195933071,5.09E+03));
#7112 = PCURVE('',#6721,#7113);
#7113 = DEFINITIONAL_REPRESENTATION('',(#7114),#7173);
#7114 = B_SPLINE_CURVE_WITH_KNOTS('',8,(#7115,#7116,#7117,#7118,#7119,
    #7120,#7121,#7122,#7123,#7124,#7125,#7126,#7127,#7128,#7129,#7130,
    #7131,#7132,#7133,#7134,#7135,#7136,#7137,#7138,#7139,#7140,#7141,
    #7142,#7143,#7144,#7145,#7146,#7147,#7148,#7149,#7150,#7151,#7152,
    #7153,#7154,#7155,#7156,#7157,#7158,#7159,#7160,#7161,#7162,#7163,
    #7164,#7165,#7166,#7167,#7168,#7169,#7170,#7171,#7172),
  .UNSPECIFIED.,.T.,.F.,(9,7,7,7,7,7,7,7,9),(0.,0.106527559687,
    0.210384089086,0.310340306863,0.431115940598,0.55624091622,
    0.670873151132,0.814534142134,1.),.UNSPECIFIED.);
#7115 = CARTESIAN_POINT('',(2.632077338967,12.));
#7116 = CARTESIAN_POINT('',(2.632077338967,12.235637355682));
#7117 = CARTESIAN_POINT('',(2.630731450676,12.471254320441));
#7118 = CARTESIAN_POINT('',(2.62804006823,12.704638840994));
#7119 = CARTESIAN_POINT('',(2.624023138826,12.933597027781));
#7120 = CARTESIAN_POINT('',(2.618719404649,13.155975189699));
#7121 = CARTESIAN_POINT('',(2.612185597706,13.369688920102));
#7122 = CARTESIAN_POINT('',(2.604495587574,13.572759234059));
#7123 = CARTESIAN_POINT('',(2.587202923703,13.949173337171));
#7124 = CARTESIAN_POINT('',(2.577403725671,14.128562785308));
#7125 = CARTESIAN_POINT('',(2.566314041253,14.298784236465));
#7126 = CARTESIAN_POINT('',(2.553925614481,14.456851240808));
#7127 = CARTESIAN_POINT('',(2.540250815636,14.599516959549));
#7128 = CARTESIAN_POINT('',(2.525324684949,14.723240003559));
#7129 = CARTESIAN_POINT('',(2.509210151156,14.824118063308));
#7130 = CARTESIAN_POINT('',(2.475453033257,14.968670629501));
#7131 = CARTESIAN_POINT('',(2.458084544817,15.01352011636));
#7132 = CARTESIAN_POINT('',(2.440269488366,15.028454226816));
#7133 = CARTESIAN_POINT('',(2.42240767668,15.011854631997));
#7134 = CARTESIAN_POINT('',(2.404907018972,14.964266665976));
#7135 = CARTESIAN_POINT('',(2.388157613436,14.888361930726));
#7136 = CARTESIAN_POINT('',(2.372506538849,14.788947947161));
#7137 = CARTESIAN_POINT('',(2.34099001983,14.532945015714));
#7138 = CARTESIAN_POINT('',(2.325477631818,14.36647556479));
#7139 = CARTESIAN_POINT('',(2.311706723779,14.179679098051));
#7140 = CARTESIAN_POINT('',(2.299647832242,13.977287713272));
#7141 = CARTESIAN_POINT('',(2.289251977203,13.763019434834));
#7142 = CARTESIAN_POINT('',(2.280463622115,13.539799389253));
#7143 = CARTESIAN_POINT('',(2.273229834913,13.309910512029));
#7144 = CARTESIAN_POINT('',(2.261580373049,12.831841386458));
#7145 = CARTESIAN_POINT('',(2.257271001878,12.583112908379));
#7146 = CARTESIAN_POINT('',(2.25453911486,12.33091490568));
#7147 = CARTESIAN_POINT('',(2.253359439243,12.076906760524));
#7148 = CARTESIAN_POINT('',(2.253721512852,11.822574072522));
#7149 = CARTESIAN_POINT('',(2.255629590195,11.569375265297));
#7150 = CARTESIAN_POINT('',(2.259103287647,11.318885136777));
#7151 = CARTESIAN_POINT('',(2.268829042289,10.847636628763));
#7152 = CARTESIAN_POINT('',(2.274822232814,10.626216802506));
#7153 = CARTESIAN_POINT('',(2.282187965781,10.409976755694));
#7154 = CARTESIAN_POINT('',(2.290968090325,10.200576294274));
#7155 = CARTESIAN_POINT('',(2.301211448212,10.000143544998));
#7156 = CARTESIAN_POINT('',(2.31296741946,9.811402129601));
#7157 = CARTESIAN_POINT('',(2.326277356525,9.637847267792));
#7158 = CARTESIAN_POINT('',(2.359817748849,9.291167032969));
#7159 = CARTESIAN_POINT('',(2.381724574931,9.121242546678));
#7160 = CARTESIAN_POINT('',(2.406210579519,8.99876211061));
#7161 = CARTESIAN_POINT('',(2.432272285507,8.93902220167));
#7162 = CARTESIAN_POINT('',(2.458703577286,8.948495039419));
#7163 = CARTESIAN_POINT('',(2.484284202714,9.025147562856));
#7164 = CARTESIAN_POINT('',(2.507891642567,9.15806103217));
#7165 = CARTESIAN_POINT('',(2.555534442564,9.545054800544));
#7166 = CARTESIAN_POINT('',(2.578152368181,9.826855664623));
#7167 = CARTESIAN_POINT('',(2.596557453003,10.149496114792));
#7168 = CARTESIAN_POINT('',(2.610960093726,10.498670460227));
#7169 = CARTESIAN_POINT('',(2.621569466516,10.864344350867));
#7170 = CARTESIAN_POINT('',(2.628572194334,11.239705705959));
#7171 = CARTESIAN_POINT('',(2.632077338967,11.619726476941));
#7172 = CARTESIAN_POINT('',(2.632077338967,12.));
#7173 = ( GEOMETRIC_REPRESENTATION_CONTEXT(2) 
PARAMETRIC_REPRESENTATION_CONTEXT() REPRESENTATION_CONTEXT('2D SPACE',''
  ) );
#7174 = PCURVE('',#7175,#7180);
#7175 = CYLINDRICAL_SURFACE('',#7176,3.);
#7176 = AXIS2_PLACEMENT_3D('',#7177,#7178,#7179);
#7177 = CARTESIAN_POINT('',(6.7E+03,-230.,5.09E+03));
#7178 = DIRECTION('',(-0.766044443119,0.642787609687,0.));
#7179 = DIRECTION('',(-0.642787609687,-0.766044443119,0.));
#7180 = DEFINITIONAL_REPRESENTATION('',(#7181),#7240);
#7181 = B_SPLINE_CURVE_WITH_KNOTS('',8,(#7182,#7183,#7184,#7185,#7186,
    #7187,#7188,#7189,#7190,#7191,#7192,#7193,#7194,#7195,#7196,#7197,
    #7198,#7199,#7200,#7201,#7202,#7203,#7204,#7205,#7206,#7207,#7208,
    #7209,#7210,#7211,#7212,#7213,#7214,#7215,#7216,#7217,#7218,#7219,
    #7220,#7221,#7222,#7223,#7224,#7225,#7226,#7227,#7228,#7229,#7230,
    #7231,#7232,#7233,#7234,#7235,#7236,#7237,#7238,#7239),
  .UNSPECIFIED.,.F.,.F.,(9,7,7,7,7,7,7,7,9),(0.,0.106527559687,
    0.210384089086,0.310340306863,0.431115940598,0.55624091622,
    0.670873151132,0.814534142134,1.),.UNSPECIFIED.);
#7182 = CARTESIAN_POINT('',(0.,15.716233645502));
#7183 = CARTESIAN_POINT('',(7.854578522726E-02,15.716233645502));
#7184 = CARTESIAN_POINT('',(0.157084646692,15.720271094633));
#7185 = CARTESIAN_POINT('',(0.235618230344,15.728345781282));
#7186 = CARTESIAN_POINT('',(0.314152109891,15.740236883774));
#7187 = CARTESIAN_POINT('',(0.392692003615,15.755510146369));
#7188 = CARTESIAN_POINT('',(0.471239664625,15.773547150822));
#7189 = CARTESIAN_POINT('',(0.549788444558,15.793596683488));
#7190 = CARTESIAN_POINT('',(0.70487958427,15.835566860336));
#7191 = CARTESIAN_POINT('',(0.78365900697,15.858032839553));
#7192 = CARTESIAN_POINT('',(0.86470639584,15.881629958422));
#7193 = CARTESIAN_POINT('',(0.948109242218,15.905525145425));
#7194 = CARTESIAN_POINT('',(1.03400740655,15.928679451764));
#7195 = CARTESIAN_POINT('',(1.122594362865,15.949875885648));
#7196 = CARTESIAN_POINT('',(1.214130896545,15.967792443417));
#7197 = CARTESIAN_POINT('',(1.400300305801,15.994003398477));
#7198 = CARTESIAN_POINT('',(1.493617900678,16.002482590574));
#7199 = CARTESIAN_POINT('',(1.587869236051,16.005440691347));
#7200 = CARTESIAN_POINT('',(1.682184605127,16.00225082475));
#7201 = CARTESIAN_POINT('',(1.775744768724,15.993101171379));
#7202 = CARTESIAN_POINT('',(1.867673866938,15.978969453948));
#7203 = CARTESIAN_POINT('',(1.956917162772,15.961364888345));
#7204 = CARTESIAN_POINT('',(2.144882132372,15.918440287686));
#7205 = CARTESIAN_POINT('',(2.243384621108,15.891894672295));
#7206 = CARTESIAN_POINT('',(2.338247684868,15.864219397968));
#7207 = CARTESIAN_POINT('',(2.430006356492,15.83702926893));
#7208 = CARTESIAN_POINT('',(2.519134119441,15.811548492571));
#7209 = CARTESIAN_POINT('',(2.606071588789,15.788658567231));
#7210 = CARTESIAN_POINT('',(2.691236183349,15.768988178752));
#7211 = CARTESIAN_POINT('',(2.861929966838,15.736361050025));
#7212 = CARTESIAN_POINT('',(2.947428511258,15.723659040085));
#7213 = CARTESIAN_POINT('',(3.03203555297,15.715347766285));
#7214 = CARTESIAN_POINT('',(3.116158031604,15.711704892568));
#7215 = CARTESIAN_POINT('',(3.200188820256,15.712836776051));
#7216 = CARTESIAN_POINT('',(3.284519783004,15.718695431616));
#7217 = CARTESIAN_POINT('',(3.369554405731,15.729069985381));
#7218 = CARTESIAN_POINT('',(3.534721073866,15.756819212365));
#7219 = CARTESIAN_POINT('',(3.61464145182,15.773529651522));
#7220 = CARTESIAN_POINT('',(3.695911033645,15.793373862549));
#7221 = CARTESIAN_POINT('',(3.77890557988,15.815902080582));
#7222 = CARTESIAN_POINT('',(3.864014318197,15.84048662721));
#7223 = CARTESIAN_POINT('',(3.951648989542,15.866254164144));
#7224 = CARTESIAN_POINT('',(4.042264612728,15.892032106899));
#7225 = CARTESIAN_POINT('',(4.254441983142,15.946834327627));
#7226 = CARTESIAN_POINT('',(4.382949506701,15.976297995432));
#7227 = CARTESIAN_POINT('',(4.517060773193,15.999766783478));
#7228 = CARTESIAN_POINT('',(4.653957213243,16.012043458821));
#7229 = CARTESIAN_POINT('',(4.791464985525,16.009855886773));
#7230 = CARTESIAN_POINT('',(4.927510671259,15.994523941206));
#7231 = CARTESIAN_POINT('',(5.059602232246,15.97025001473));
#7232 = CARTESIAN_POINT('',(5.343744571933,15.905361878992));
#7233 = CARTESIAN_POINT('',(5.493148795076,15.861423990736));
#7234 = CARTESIAN_POINT('',(5.634741972081,15.817379556956));
#7235 = CARTESIAN_POINT('',(5.77033471156,15.77851454908));
#7236 = CARTESIAN_POINT('',(5.90153419909,15.747753052693));
#7237 = CARTESIAN_POINT('',(6.029752952958,15.72674996639));
#7238 = CARTESIAN_POINT('',(6.15642746616,15.716233645502));
#7239 = CARTESIAN_POINT('',(6.28318530718,15.716233645502));
#7240 = ( GEOMETRIC_REPRESENTATION_CONTEXT(2) 
PARAMETRIC_REPRESENTATION_CONTEXT() REPRESENTATION_CONTEXT('2D SPACE',''
  ) );
#7241 = FACE_BOUND('',#7242,.T.);
#7242 = EDGE_LOOP('',(#7243));
#7243 = ORIENTED_EDGE('',*,*,#7244,.F.);
#7244 = EDGE_CURVE('',#7245,#7245,#7247,.T.);
#7245 = VERTEX_POINT('',#7246);
#7246 = CARTESIAN_POINT('',(6.694316481409E+03,-244.9565242092,5.09E+03)
  );
#7247 = SURFACE_CURVE('',#7248,(#7307,#7369),.PCURVE_S1.);
#7248 = B_SPLINE_CURVE_WITH_KNOTS('',8,(#7249,#7250,#7251,#7252,#7253,
    #7254,#7255,#7256,#7257,#7258,#7259,#7260,#7261,#7262,#7263,#7264,
    #7265,#7266,#7267,#7268,#7269,#7270,#7271,#7272,#7273,#7274,#7275,
    #7276,#7277,#7278,#7279,#7280,#7281,#7282,#7283,#7284,#7285,#7286,
    #7287,#7288,#7289,#7290,#7291,#7292,#7293,#7294,#7295,#7296,#7297,
    #7298,#7299,#7300,#7301,#7302,#7303,#7304,#7305,#7306),
  .UNSPECIFIED.,.T.,.F.,(9,7,7,7,7,7,7,7,9),(0.,0.121202747429,
    0.229945399798,0.322803181975,0.435065092603,0.559321459519,
    0.673157925585,0.815821632806,1.),.UNSPECIFIED.);
#7249 = CARTESIAN_POINT('',(6.694316481409E+03,-244.9565242092,5.09E+03)
  );
#7250 = CARTESIAN_POINT('',(6.694316481409E+03,-244.9565242092,
    5.089752878803E+03));
#7251 = CARTESIAN_POINT('',(6.694338620786E+03,-244.9649372196,
    5.089505956993E+03));
#7252 = CARTESIAN_POINT('',(6.694382839324E+03,-244.9817404263,
    5.089260491412E+03));
#7253 = CARTESIAN_POINT('',(6.694449434083E+03,-245.0068365186,
    5.08901781824E+03));
#7254 = CARTESIAN_POINT('',(6.694539009035E+03,-245.040038005,
    5.088779472212E+03));
#7255 = CARTESIAN_POINT('',(6.694652431183E+03,-245.0810188815,
    5.088547330481E+03));
#7256 = CARTESIAN_POINT('',(6.694790778576E+03,-245.1292450151,
    5.08832379644E+03));
#7257 = CARTESIAN_POINT('',(6.695102842816E+03,-245.232926003,
    5.087922050687E+03));
#7258 = CARTESIAN_POINT('',(6.695273174201E+03,-245.2876970459,
    5.087739337212E+03));
#7259 = CARTESIAN_POINT('',(6.695466790255E+03,-245.3474256217,
    5.087568124789E+03));
#7260 = CARTESIAN_POINT('',(6.69568363044E+03,-245.4109118315,
    5.087412699681E+03));
#7261 = CARTESIAN_POINT('',(6.69592305683E+03,-245.4766035846,
    5.087277399283E+03));
#7262 = CARTESIAN_POINT('',(6.696183824162E+03,-245.5427029831,
    5.087166626126E+03));
#7263 = CARTESIAN_POINT('',(6.696463977784E+03,-245.6073163538,
    5.087084896425E+03));
#7264 = CARTESIAN_POINT('',(6.697013986813E+03,-245.721025648,
    5.086995979627E+03));
#7265 = CARTESIAN_POINT('',(6.697273889415E+03,-245.7698766069,
    5.086980533392E+03));
#7266 = CARTESIAN_POINT('',(6.697535765936E+03,-245.8138782216,
    5.086991983887E+03));
#7267 = CARTESIAN_POINT('',(6.69779475108E+03,-245.8521262084,
    5.087030262727E+03));
#7268 = CARTESIAN_POINT('',(6.698045990841E+03,-245.88429009,
    5.087093908029E+03));
#7269 = CARTESIAN_POINT('',(6.698284942654E+03,-245.9105741587,
    5.087180091463E+03));
#7270 = CARTESIAN_POINT('',(6.698507665987E+03,-245.931559423,
    5.08728462016E+03));
#7271 = CARTESIAN_POINT('',(6.698956994838E+03,-245.967874331,
    5.087543739899E+03));
#7272 = CARTESIAN_POINT('',(6.699178885257E+03,-245.9814454172,
    5.087706649762E+03));
#7273 = CARTESIAN_POINT('',(6.699376652645E+03,-245.9902187825,
    5.087885996761E+03));
#7274 = CARTESIAN_POINT('',(6.699550684802E+03,-245.9955180831,
    5.088078120181E+03));
#7275 = CARTESIAN_POINT('',(6.699701619763E+03,-245.9984133085,
    5.08828012648E+03));
#7276 = CARTESIAN_POINT('',(6.699830176137E+03,-245.9997326963,
    5.088489725755E+03));
#7277 = CARTESIAN_POINT('',(6.699937029674E+03,-246.0001055405,
    5.088705115793E+03));
#7278 = CARTESIAN_POINT('',(6.700117562369E+03,-245.999849202,
    5.089168158614E+03));
#7279 = CARTESIAN_POINT('',(6.700186511304E+03,-245.9991088006,
    5.089416887092E+03));
#7280 = CARTESIAN_POINT('',(6.700230215515E+03,-245.9983755436,
    5.089669085094E+03));
#7281 = CARTESIAN_POINT('',(6.700249086053E+03,-245.9980038576,
    5.089923093239E+03));
#7282 = CARTESIAN_POINT('',(6.700243294707E+03,-245.9981320317,
    5.090177425927E+03));
#7283 = CARTESIAN_POINT('',(6.700212770911E+03,-245.9986988976,
    5.090430624735E+03));
#7284 = CARTESIAN_POINT('',(6.700157194638E+03,-245.9994338992,
    5.090681114863E+03));
#7285 = CARTESIAN_POINT('',(6.700001584318E+03,-246.0001729049,
    5.091152363371E+03));
#7286 = CARTESIAN_POINT('',(6.699905692505E+03,-246.0002328157,
    5.091373783197E+03));
#7287 = CARTESIAN_POINT('',(6.69978783878E+03,-245.9996023641,
    5.091590023244E+03));
#7288 = CARTESIAN_POINT('',(6.699647359701E+03,-245.9977078644,
    5.091799423706E+03));
#7289 = CARTESIAN_POINT('',(6.699483491718E+03,-245.9937773206,
    5.091999856455E+03));
#7290 = CARTESIAN_POINT('',(6.699295490579E+03,-245.9867926901,
    5.09218859787E+03));
#7291 = CARTESIAN_POINT('',(6.69908279448E+03,-245.9754642381,
    5.092362152732E+03));
#7292 = CARTESIAN_POINT('',(6.698547547666E+03,-245.936733417,
    5.092708832968E+03));
#7293 = CARTESIAN_POINT('',(6.698198410706E+03,-245.9050893429,
    5.092878757451E+03));
#7294 = CARTESIAN_POINT('',(6.697809019219E+03,-245.8602599505,
    5.093001237893E+03));
#7295 = CARTESIAN_POINT('',(6.69739599909E+03,-245.7998994203,
    5.093060977797E+03));
#7296 = CARTESIAN_POINT('',(6.696979445249E+03,-245.7242284203,
    5.093051504959E+03));
#7297 = CARTESIAN_POINT('',(6.696579080924E+03,-245.6380649226,
    5.092974852439E+03));
#7298 = CARTESIAN_POINT('',(6.696212001496E+03,-245.5486905241,
    5.092841938967E+03));
#7299 = CARTESIAN_POINT('',(6.695475289957E+03,-245.3528992633,
    5.092454945201E+03));
#7300 = CARTESIAN_POINT('',(6.695128928914E+03,-245.2472107639,
    5.092173144326E+03));
#7301 = CARTESIAN_POINT('',(6.694849687233E+03,-245.1532490347,
    5.091850503907E+03));
#7302 = CARTESIAN_POINT('',(6.694632712698E+03,-245.0755260022,
    5.091501329509E+03));
#7303 = CARTESIAN_POINT('',(6.694473642754E+03,-245.016241641,
    5.091135655674E+03));
#7304 = CARTESIAN_POINT('',(6.694368906174E+03,-244.9764466615,
    5.090760294282E+03));
#7305 = CARTESIAN_POINT('',(6.694316481409E+03,-244.9565242092,
    5.090380273526E+03));
#7306 = CARTESIAN_POINT('',(6.694316481409E+03,-244.9565242092,5.09E+03)
  );
#7307 = PCURVE('',#6721,#7308);
#7308 = DEFINITIONAL_REPRESENTATION('',(#7309),#7368);
#7309 = B_SPLINE_CURVE_WITH_KNOTS('',8,(#7310,#7311,#7312,#7313,#7314,
    #7315,#7316,#7317,#7318,#7319,#7320,#7321,#7322,#7323,#7324,#7325,
    #7326,#7327,#7328,#7329,#7330,#7331,#7332,#7333,#7334,#7335,#7336,
    #7337,#7338,#7339,#7340,#7341,#7342,#7343,#7344,#7345,#7346,#7347,
    #7348,#7349,#7350,#7351,#7352,#7353,#7354,#7355,#7356,#7357,#7358,
    #7359,#7360,#7361,#7362,#7363,#7364,#7365,#7366,#7367),
  .UNSPECIFIED.,.T.,.F.,(9,7,7,7,7,7,7,7,9),(0.,0.121202747429,
    0.229945399798,0.322803181975,0.435065092603,0.559321459519,
    0.673157925585,0.815821632806,1.),.UNSPECIFIED.);
#7310 = CARTESIAN_POINT('',(4.34923966901,12.));
#7311 = CARTESIAN_POINT('',(4.34923966901,11.752878802855));
#7312 = CARTESIAN_POINT('',(4.350719916747,11.505956993409));
#7313 = CARTESIAN_POINT('',(4.353676392981,11.260491412261));
#7314 = CARTESIAN_POINT('',(4.358124277222,11.017818239843));
#7315 = CARTESIAN_POINT('',(4.364094720451,10.779472211834));
#7316 = CARTESIAN_POINT('',(4.371631527979,10.547330480887));
#7317 = CARTESIAN_POINT('',(4.380787545434,10.323796440496));
#7318 = CARTESIAN_POINT('',(4.401339864024,9.922050686683));
#7319 = CARTESIAN_POINT('',(4.412521894231,9.739337212407));
#7320 = CARTESIAN_POINT('',(4.425184067433,9.568124789314));
#7321 = CARTESIAN_POINT('',(4.439302353661,9.412699681064));
#7322 = CARTESIAN_POINT('',(4.454814420882,9.277399283481));
#7323 = CARTESIAN_POINT('',(4.471621611444,9.166626126449));
#7324 = CARTESIAN_POINT('',(4.48958619797,9.084896424687));
#7325 = CARTESIAN_POINT('',(4.524688711662,8.995979626727));
#7326 = CARTESIAN_POINT('',(4.541214377683,8.980533391548));
#7327 = CARTESIAN_POINT('',(4.557805896533,8.991983887137));
#7328 = CARTESIAN_POINT('',(4.574161803179,9.030262727198));
#7329 = CARTESIAN_POINT('',(4.589987165334,9.093908029142));
#7330 = CARTESIAN_POINT('',(4.605008648874,9.180091463235));
#7331 = CARTESIAN_POINT('',(4.618989265511,9.284620159905));
#7332 = CARTESIAN_POINT('',(4.64716388761,9.543739899019));
#7333 = CARTESIAN_POINT('',(4.661055292301,9.706649761561));
#7334 = CARTESIAN_POINT('',(4.673425354155,9.88599676126));
#7335 = CARTESIAN_POINT('',(4.684305776504,10.078120180856));
#7336 = CARTESIAN_POINT('',(4.693740149426,10.280126480114));
#7337 = CARTESIAN_POINT('',(4.701775021162,10.489725754767));
#7338 = CARTESIAN_POINT('',(4.708453330099,10.705115793495));
#7339 = CARTESIAN_POINT('',(4.719736634929,11.168158613547));
#7340 = CARTESIAN_POINT('',(4.7240460061,11.416887091615));
#7341 = CARTESIAN_POINT('',(4.726777893118,11.669085094321));
#7342 = CARTESIAN_POINT('',(4.727957568735,11.923093239477));
#7343 = CARTESIAN_POINT('',(4.727595495126,12.177425927477));
#7344 = CARTESIAN_POINT('',(4.725687417782,12.430624734706));
#7345 = CARTESIAN_POINT('',(4.72221372033,12.681114863221));
#7346 = CARTESIAN_POINT('',(4.712487965688,13.152363371236));
#7347 = CARTESIAN_POINT('',(4.706494775163,13.373783197494));
#7348 = CARTESIAN_POINT('',(4.699129042197,13.590023244308));
#7349 = CARTESIAN_POINT('',(4.690348917652,13.799423705725));
#7350 = CARTESIAN_POINT('',(4.680105559766,13.999856455001));
#7351 = CARTESIAN_POINT('',(4.668349588517,14.188597870401));
#7352 = CARTESIAN_POINT('',(4.655039651453,14.362152732207));
#7353 = CARTESIAN_POINT('',(4.621499259045,14.708832967886));
#7354 = CARTESIAN_POINT('',(4.599592433469,14.878757450744));
#7355 = CARTESIAN_POINT('',(4.575106427488,15.001237892594));
#7356 = CARTESIAN_POINT('',(4.54904472373,15.060977797137));
#7357 = CARTESIAN_POINT('',(4.522613429723,15.051504959238));
#7358 = CARTESIAN_POINT('',(4.497032805684,14.974852438877));
#7359 = CARTESIAN_POINT('',(4.473425365327,14.841938967157));
#7360 = CARTESIAN_POINT('',(4.425782565616,14.4549452011));
#7361 = CARTESIAN_POINT('',(4.403164639037,14.173144326306));
#7362 = CARTESIAN_POINT('',(4.384759556326,13.850503907317));
#7363 = CARTESIAN_POINT('',(4.370356912895,13.501329509304));
#7364 = CARTESIAN_POINT('',(4.359747542223,13.135655674267));
#7365 = CARTESIAN_POINT('',(4.352744813449,12.760294282041));
#7366 = CARTESIAN_POINT('',(4.34923966901,12.380273525806));
#7367 = CARTESIAN_POINT('',(4.34923966901,12.));
#7368 = ( GEOMETRIC_REPRESENTATION_CONTEXT(2) 
PARAMETRIC_REPRESENTATION_CONTEXT() REPRESENTATION_CONTEXT('2D SPACE',''
  ) );
#7369 = PCURVE('',#7370,#7375);
#7370 = CYLINDRICAL_SURFACE('',#7371,3.);
#7371 = AXIS2_PLACEMENT_3D('',#7372,#7373,#7374);
#7372 = CARTESIAN_POINT('',(6.7E+03,-230.,5.09E+03));
#7373 = DIRECTION('',(-0.173648177667,-0.984807753012,0.));
#7374 = DIRECTION('',(-0.984807753012,0.173648177667,0.));
#7375 = DEFINITIONAL_REPRESENTATION('',(#7376),#7435);
#7376 = B_SPLINE_CURVE_WITH_KNOTS('',8,(#7377,#7378,#7379,#7380,#7381,
    #7382,#7383,#7384,#7385,#7386,#7387,#7388,#7389,#7390,#7391,#7392,
    #7393,#7394,#7395,#7396,#7397,#7398,#7399,#7400,#7401,#7402,#7403,
    #7404,#7405,#7406,#7407,#7408,#7409,#7410,#7411,#7412,#7413,#7414,
    #7415,#7416,#7417,#7418,#7419,#7420,#7421,#7422,#7423,#7424,#7425,
    #7426,#7427,#7428,#7429,#7430,#7431,#7432,#7433,#7434),
  .UNSPECIFIED.,.F.,.F.,(9,7,7,7,7,7,7,7,9),(0.,0.121202747429,
    0.229945399798,0.322803181975,0.435065092603,0.559321459519,
    0.673157925585,0.815821632806,1.),.UNSPECIFIED.);
#7377 = CARTESIAN_POINT('',(0.,15.716233645502));
#7378 = CARTESIAN_POINT('',(8.23737323815E-02,15.716233645502));
#7379 = CARTESIAN_POINT('',(0.164680911703,15.720674380737));
#7380 = CARTESIAN_POINT('',(0.24735481056,15.729543840553));
#7381 = CARTESIAN_POINT('',(0.33079491911,15.742694608339));
#7382 = CARTESIAN_POINT('',(0.415405948543,15.759837162244));
#7383 = CARTESIAN_POINT('',(0.50160767862,15.780499897963));
#7384 = CARTESIAN_POINT('',(0.589851363275,15.80396959547));
#7385 = CARTESIAN_POINT('',(0.762168093867,15.851886049642));
#7386 = CARTESIAN_POINT('',(0.846682931483,15.876247262597));
#7387 = CARTESIAN_POINT('',(0.934034598365,15.901447352233));
#7388 = CARTESIAN_POINT('',(1.024136316659,15.926315160951));
#7389 = CARTESIAN_POINT('',(1.117001160178,15.949432952473));
#7390 = CARTESIAN_POINT('',(1.212730165149,15.969246380465));
#7391 = CARTESIAN_POINT('',(1.311519593112,15.984229963101));
#7392 = CARTESIAN_POINT('',(1.500985083633,16.000703691953));
#7393 = CARTESIAN_POINT('',(1.5888508278,16.003680881784));
#7394 = CARTESIAN_POINT('',(1.676690210541,16.001539632422));
#7395 = CARTESIAN_POINT('',(1.763946738865,15.994234247963));
#7396 = CARTESIAN_POINT('',(1.850060136159,15.98228216142));
#7397 = CARTESIAN_POINT('',(1.934401244809,15.966673369062));
#7398 = CARTESIAN_POINT('',(2.016192683232,15.948664319246));
#7399 = CARTESIAN_POINT('',(2.188939175975,15.906402386098));
#7400 = CARTESIAN_POINT('',(2.279852362265,15.881236429901));
#7401 = CARTESIAN_POINT('',(2.367693623059,15.855534561691));
#7402 = CARTESIAN_POINT('',(2.452904763617,15.830532987024));
#7403 = CARTESIAN_POINT('',(2.535881639648,15.80717464646));
#7404 = CARTESIAN_POINT('',(2.616995368394,15.786150409871));
#7405 = CARTESIAN_POINT('',(2.696601300661,15.767962667631));
#7406 = CARTESIAN_POINT('',(2.86192996684,15.736361050024));
#7407 = CARTESIAN_POINT('',(2.947428511256,15.723659040085));
#7408 = CARTESIAN_POINT('',(3.03203555297,15.715347766285));
#7409 = CARTESIAN_POINT('',(3.116158031604,15.711704892567));
#7410 = CARTESIAN_POINT('',(3.200188820256,15.712836776051));
#7411 = CARTESIAN_POINT('',(3.284519783005,15.718695431617));
#7412 = CARTESIAN_POINT('',(3.369554405731,15.729069985381));
#7413 = CARTESIAN_POINT('',(3.534721073866,15.756819212365));
#7414 = CARTESIAN_POINT('',(3.61464145182,15.773529651522));
#7415 = CARTESIAN_POINT('',(3.695911033646,15.793373862549));
#7416 = CARTESIAN_POINT('',(3.77890557988,15.815902080582));
#7417 = CARTESIAN_POINT('',(3.864014318196,15.84048662721));
#7418 = CARTESIAN_POINT('',(3.951648989544,15.866254164144));
#7419 = CARTESIAN_POINT('',(4.042264612727,15.892032106899));
#7420 = CARTESIAN_POINT('',(4.254441983665,15.946834327763));
#7421 = CARTESIAN_POINT('',(4.382949504142,15.976297995023));
#7422 = CARTESIAN_POINT('',(4.517060778944,15.999766783982));
#7423 = CARTESIAN_POINT('',(4.653957205867,16.012043458653));
#7424 = CARTESIAN_POINT('',(4.791464991176,16.009855886527));
#7425 = CARTESIAN_POINT('',(4.92751066879,15.994523941503));
#7426 = CARTESIAN_POINT('',(5.059602232741,15.970250014617));
#7427 = CARTESIAN_POINT('',(5.343744570725,15.905361879268));
#7428 = CARTESIAN_POINT('',(5.493148800434,15.861423989605));
#7429 = CARTESIAN_POINT('',(5.634741960764,15.817379559103));
#7430 = CARTESIAN_POINT('',(5.770334725509,15.778514546816));
#7431 = CARTESIAN_POINT('',(5.901534188659,15.747753054008));
#7432 = CARTESIAN_POINT('',(6.02975295747,15.726749966046));
#7433 = CARTESIAN_POINT('',(6.156427465244,15.716233645502));
#7434 = CARTESIAN_POINT('',(6.28318530718,15.716233645502));
#7435 = ( GEOMETRIC_REPRESENTATION_CONTEXT(2) 
PARAMETRIC_REPRESENTATION_CONTEXT() REPRESENTATION_CONTEXT('2D SPACE',''
  ) );
#7436 = ADVANCED_FACE('',(#7437),#6838,.T.);
#7437 = FACE_BOUND('',#7438,.T.);
#7438 = EDGE_LOOP('',(#7439));
#7439 = ORIENTED_EDGE('',*,*,#6823,.T.);
#7440 = ADVANCED_FACE('',(#7441),#6980,.T.);
#7441 = FACE_BOUND('',#7442,.T.);
#7442 = EDGE_LOOP('',(#7443,#7444,#7467,#7535));
#7443 = ORIENTED_EDGE('',*,*,#6854,.T.);
#7444 = ORIENTED_EDGE('',*,*,#7445,.T.);
#7445 = EDGE_CURVE('',#6855,#7446,#7448,.T.);
#7446 = VERTEX_POINT('',#7447);
#7447 = CARTESIAN_POINT('',(6.75927745137E+03,-205.2322388207,5.09E+03)
  );
#7448 = SEAM_CURVE('',#7449,(#7453,#7460),.PCURVE_S1.);
#7449 = LINE('',#7450,#7451);
#7450 = CARTESIAN_POINT('',(6.69897393957E+03,-227.1809221376,5.09E+03)
  );
#7451 = VECTOR('',#7452,1.);
#7452 = DIRECTION('',(0.939692620786,0.342020143326,0.));
#7453 = PCURVE('',#6980,#7454);
#7454 = DEFINITIONAL_REPRESENTATION('',(#7455),#7459);
#7455 = LINE('',#7456,#7457);
#7456 = CARTESIAN_POINT('',(0.,-0.));
#7457 = VECTOR('',#7458,1.);
#7458 = DIRECTION('',(0.,1.));
#7459 = ( GEOMETRIC_REPRESENTATION_CONTEXT(2) 
PARAMETRIC_REPRESENTATION_CONTEXT() REPRESENTATION_CONTEXT('2D SPACE',''
  ) );
#7460 = PCURVE('',#6980,#7461);
#7461 = DEFINITIONAL_REPRESENTATION('',(#7462),#7466);
#7462 = LINE('',#7463,#7464);
#7463 = CARTESIAN_POINT('',(6.28318530718,-0.));
#7464 = VECTOR('',#7465,1.);
#7465 = DIRECTION('',(0.,1.));
#7466 = ( GEOMETRIC_REPRESENTATION_CONTEXT(2) 
PARAMETRIC_REPRESENTATION_CONTEXT() REPRESENTATION_CONTEXT('2D SPACE',''
  ) );
#7467 = ORIENTED_EDGE('',*,*,#7468,.F.);
#7468 = EDGE_CURVE('',#7446,#7446,#7469,.T.);
#7469 = SURFACE_CURVE('',#7470,(#7475,#7482),.PCURVE_S1.);
#7470 = CIRCLE('',#7471,3.);
#7471 = AXIS2_PLACEMENT_3D('',#7472,#7473,#7474);
#7472 = CARTESIAN_POINT('',(6.7603035118E+03,-208.0513166831,5.09E+03));
#7473 = DIRECTION('',(0.939692620786,0.342020143326,0.));
#7474 = DIRECTION('',(-0.342020143326,0.939692620786,0.));
#7475 = PCURVE('',#6980,#7476);
#7476 = DEFINITIONAL_REPRESENTATION('',(#7477),#7481);
#7477 = LINE('',#7478,#7479);
#7478 = CARTESIAN_POINT('',(0.,64.173656859711));
#7479 = VECTOR('',#7480,1.);
#7480 = DIRECTION('',(1.,0.));
#7481 = ( GEOMETRIC_REPRESENTATION_CONTEXT(2) 
PARAMETRIC_REPRESENTATION_CONTEXT() REPRESENTATION_CONTEXT('2D SPACE',''
  ) );
#7482 = PCURVE('',#7483,#7488);
#7483 = SPHERICAL_SURFACE('',#7484,26.);
#7484 = AXIS2_PLACEMENT_3D('',#7485,#7486,#7487);
#7485 = CARTESIAN_POINT('',(6.784572335871E+03,-199.2181871006,5.09E+03)
  );
#7486 = DIRECTION('',(0.,0.,1.));
#7487 = DIRECTION('',(1.,0.,-0.));
#7488 = DEFINITIONAL_REPRESENTATION('',(#7489),#7534);
#7489 = B_SPLINE_CURVE_WITH_KNOTS('',8,(#7490,#7491,#7492,#7493,#7494,
    #7495,#7496,#7497,#7498,#7499,#7500,#7501,#7502,#7503,#7504,#7505,
    #7506,#7507,#7508,#7509,#7510,#7511,#7512,#7513,#7514,#7515,#7516,
    #7517,#7518,#7519,#7520,#7521,#7522,#7523,#7524,#7525,#7526,#7527,
    #7528,#7529,#7530,#7531,#7532,#7533),.UNSPECIFIED.,.T.,.F.,(9,7,7,7,
    7,7,9),(0.,0.785398163397,2.159844949343,3.190680038802,
    3.963806355897,5.123495831538,6.28318530718),.UNSPECIFIED.);
#7490 = CARTESIAN_POINT('',(3.375016311472,0.));
#7491 = CARTESIAN_POINT('',(3.375016311472,1.132785812592E-02));
#7492 = CARTESIAN_POINT('',(3.3762788253,2.265571143294E-02));
#7493 = CARTESIAN_POINT('',(3.378803757447,3.381942505518E-02));
#7494 = CARTESIAN_POINT('',(3.382567379219,4.465481318421E-02));
#7495 = CARTESIAN_POINT('',(3.387521872055,5.500217170794E-02));
#7496 = CARTESIAN_POINT('',(3.393595698452,6.47107607583E-02));
#7497 = CARTESIAN_POINT('',(3.400694800484,7.364323716758E-02));
#7498 = CARTESIAN_POINT('',(3.422721820429,9.574443624872E-02));
#7499 = CARTESIAN_POINT('',(3.439528219161,0.107065814481));
#7500 = CARTESIAN_POINT('',(3.458510066435,0.115003072853));
#7501 = CARTESIAN_POINT('',(3.478866301382,0.119081403073));
#7502 = CARTESIAN_POINT('',(3.499643672094,0.119057025228));
#7503 = CARTESIAN_POINT('',(3.519846384103,0.114977721088));
#7504 = CARTESIAN_POINT('',(3.538579575538,0.10715111296));
#7505 = CARTESIAN_POINT('',(3.567498072432,8.778819522452E-02));
#7506 = CARTESIAN_POINT('',(3.578649553931,7.766848775086E-02));
#7507 = CARTESIAN_POINT('',(3.588247389809,6.594229828935E-02));
#7508 = CARTESIAN_POINT('',(3.596030188005,5.288862807577E-02));
#7509 = CARTESIAN_POINT('',(3.60180247784,3.883596272254E-02));
#7510 = CARTESIAN_POINT('',(3.605439570043,2.41446184169E-02));
#7511 = CARTESIAN_POINT('',(3.60688731644,9.188457887768E-03));
#7512 = CARTESIAN_POINT('',(3.605619127019,-1.679929212609E-02));
#7513 = CARTESIAN_POINT('',(3.603853605149,-2.787726485591E-02));
#7514 = CARTESIAN_POINT('',(3.600873281961,-3.873921340936E-02));
#7515 = CARTESIAN_POINT('',(3.596707543593,-4.92297323534E-02));
#7516 = CARTESIAN_POINT('',(3.591408353842,-5.919861854541E-02));
#7517 = CARTESIAN_POINT('',(3.585049817357,-6.850501718861E-02));
#7518 = CARTESIAN_POINT('',(3.577726903689,-7.702149597716E-02));
#7519 = CARTESIAN_POINT('',(3.557292975,-9.606287436125E-02));
#7520 = CARTESIAN_POINT('',(3.543118582859,-0.105462850504));
#7521 = CARTESIAN_POINT('',(3.527413704054,-0.112466531202));
#7522 = CARTESIAN_POINT('',(3.510655015383,-0.116790250445));
#7523 = CARTESIAN_POINT('',(3.493393731096,-0.118265648182));
#7524 = CARTESIAN_POINT('',(3.476213973057,-0.116863754787));
#7525 = CARTESIAN_POINT('',(3.459673818674,-0.112690814132));
#7526 = CARTESIAN_POINT('',(3.428868725016,-9.924694047852E-02));
#7527 = CARTESIAN_POINT('',(3.414603797793,-8.997603717374E-02));
#7528 = CARTESIAN_POINT('',(3.401974220571,-7.837805510481E-02));
#7529 = CARTESIAN_POINT('',(3.391417915842,-6.479146998082E-02));
#7530 = CARTESIAN_POINT('',(3.383273915158,-4.96503027537E-02));
#7531 = CARTESIAN_POINT('',(3.377768852225,-3.345260968536E-02));
#7532 = CARTESIAN_POINT('',(3.375016311472,-1.672629051406E-02));
#7533 = CARTESIAN_POINT('',(3.375016311472,0.));
#7534 = ( GEOMETRIC_REPRESENTATION_CONTEXT(2) 
PARAMETRIC_REPRESENTATION_CONTEXT() REPRESENTATION_CONTEXT('2D SPACE',''
  ) );
#7535 = ORIENTED_EDGE('',*,*,#7445,.F.);
#7536 = ADVANCED_FACE('',(#7537),#7175,.T.);
#7537 = FACE_BOUND('',#7538,.T.);
#7538 = EDGE_LOOP('',(#7539,#7540,#7563,#7631));
#7539 = ORIENTED_EDGE('',*,*,#7049,.T.);
#7540 = ORIENTED_EDGE('',*,*,#7541,.T.);
#7541 = EDGE_CURVE('',#7050,#7542,#7544,.T.);
#7542 = VERTEX_POINT('',#7543);
#7543 = CARTESIAN_POINT('',(6.648911763939E+03,-191.0481018316,5.09E+03)
  );
#7544 = SEAM_CURVE('',#7545,(#7549,#7556),.PCURVE_S1.);
#7545 = LINE('',#7546,#7547);
#7546 = CARTESIAN_POINT('',(6.698071637171E+03,-232.2981333293,5.09E+03)
  );
#7547 = VECTOR('',#7548,1.);
#7548 = DIRECTION('',(-0.766044443119,0.642787609687,2.465190328816E-32)
  );
#7549 = PCURVE('',#7175,#7550);
#7550 = DEFINITIONAL_REPRESENTATION('',(#7551),#7555);
#7551 = LINE('',#7552,#7553);
#7552 = CARTESIAN_POINT('',(0.,-0.));
#7553 = VECTOR('',#7554,1.);
#7554 = DIRECTION('',(0.,1.));
#7555 = ( GEOMETRIC_REPRESENTATION_CONTEXT(2) 
PARAMETRIC_REPRESENTATION_CONTEXT() REPRESENTATION_CONTEXT('2D SPACE',''
  ) );
#7556 = PCURVE('',#7175,#7557);
#7557 = DEFINITIONAL_REPRESENTATION('',(#7558),#7562);
#7558 = LINE('',#7559,#7560);
#7559 = CARTESIAN_POINT('',(6.28318530718,-0.));
#7560 = VECTOR('',#7561,1.);
#7561 = DIRECTION('',(0.,1.));
#7562 = ( GEOMETRIC_REPRESENTATION_CONTEXT(2) 
PARAMETRIC_REPRESENTATION_CONTEXT() REPRESENTATION_CONTEXT('2D SPACE',''
  ) );
#7563 = ORIENTED_EDGE('',*,*,#7564,.F.);
#7564 = EDGE_CURVE('',#7542,#7542,#7565,.T.);
#7565 = SURFACE_CURVE('',#7566,(#7571,#7578),.PCURVE_S1.);
#7566 = CIRCLE('',#7567,3.);
#7567 = AXIS2_PLACEMENT_3D('',#7568,#7569,#7570);
#7568 = CARTESIAN_POINT('',(6.650840126768E+03,-188.7499685023,5.09E+03)
  );
#7569 = DIRECTION('',(-0.766044443119,0.642787609687,0.));
#7570 = DIRECTION('',(-0.642787609687,-0.766044443119,0.));
#7571 = PCURVE('',#7175,#7572);
#7572 = DEFINITIONAL_REPRESENTATION('',(#7573),#7577);
#7573 = LINE('',#7574,#7575);
#7574 = CARTESIAN_POINT('',(0.,64.17365685971));
#7575 = VECTOR('',#7576,1.);
#7576 = DIRECTION('',(1.,0.));
#7577 = ( GEOMETRIC_REPRESENTATION_CONTEXT(2) 
PARAMETRIC_REPRESENTATION_CONTEXT() REPRESENTATION_CONTEXT('2D SPACE',''
  ) );
#7578 = PCURVE('',#7579,#7584);
#7579 = SPHERICAL_SURFACE('',#7580,26.);
#7580 = AXIS2_PLACEMENT_3D('',#7581,#7582,#7583);
#7581 = CARTESIAN_POINT('',(6.631056000119E+03,-172.1491151282,5.09E+03)
  );
#7582 = DIRECTION('',(0.,0.,1.));
#7583 = DIRECTION('',(1.,0.,-0.));
#7584 = DEFINITIONAL_REPRESENTATION('',(#7585),#7630);
#7585 = B_SPLINE_CURVE_WITH_KNOTS('',8,(#7586,#7587,#7588,#7589,#7590,
    #7591,#7592,#7593,#7594,#7595,#7596,#7597,#7598,#7599,#7600,#7601,
    #7602,#7603,#7604,#7605,#7606,#7607,#7608,#7609,#7610,#7611,#7612,
    #7613,#7614,#7615,#7616,#7617,#7618,#7619,#7620,#7621,#7622,#7623,
    #7624,#7625,#7626,#7627,#7628,#7629),.UNSPECIFIED.,.T.,.F.,(9,7,7,7,
    7,7,9),(0.,0.785398163397,2.159844949343,3.190680038802,
    3.963806355896,5.123495831538,6.28318530718),.UNSPECIFIED.);
#7586 = CARTESIAN_POINT('',(5.469411413866,0.));
#7587 = CARTESIAN_POINT('',(5.469411413866,1.132785812592E-02));
#7588 = CARTESIAN_POINT('',(5.470673927693,2.265571143293E-02));
#7589 = CARTESIAN_POINT('',(5.47319885984,3.381942505518E-02));
#7590 = CARTESIAN_POINT('',(5.476962481612,4.465481318421E-02));
#7591 = CARTESIAN_POINT('',(5.481916974448,5.500217170794E-02));
#7592 = CARTESIAN_POINT('',(5.487990800845,6.47107607583E-02));
#7593 = CARTESIAN_POINT('',(5.495089902877,7.364323716758E-02));
#7594 = CARTESIAN_POINT('',(5.517116922822,9.574443624872E-02));
#7595 = CARTESIAN_POINT('',(5.533923321548,0.107065814481));
#7596 = CARTESIAN_POINT('',(5.552905168854,0.115003072853));
#7597 = CARTESIAN_POINT('',(5.573261403744,0.119081403073));
#7598 = CARTESIAN_POINT('',(5.59403877451,0.119057025228));
#7599 = CARTESIAN_POINT('',(5.61424148649,0.114977721088));
#7600 = CARTESIAN_POINT('',(5.632974677931,0.10715111296));
#7601 = CARTESIAN_POINT('',(5.661893174825,8.778819522452E-02));
#7602 = CARTESIAN_POINT('',(5.673044656325,7.766848775088E-02));
#7603 = CARTESIAN_POINT('',(5.682642492202,6.594229828933E-02));
#7604 = CARTESIAN_POINT('',(5.690425290398,5.288862807577E-02));
#7605 = CARTESIAN_POINT('',(5.696197580234,3.883596272256E-02));
#7606 = CARTESIAN_POINT('',(5.699834672437,2.41446184169E-02));
#7607 = CARTESIAN_POINT('',(5.701282418834,9.188457887768E-03));
#7608 = CARTESIAN_POINT('',(5.700014229412,-1.679929212609E-02));
#7609 = CARTESIAN_POINT('',(5.698248707542,-2.787726485591E-02));
#7610 = CARTESIAN_POINT('',(5.695268384354,-3.873921340935E-02));
#7611 = CARTESIAN_POINT('',(5.691102645986,-4.92297323534E-02));
#7612 = CARTESIAN_POINT('',(5.685803456235,-5.919861854541E-02));
#7613 = CARTESIAN_POINT('',(5.67944491975,-6.850501718861E-02));
#7614 = CARTESIAN_POINT('',(5.672122006082,-7.702149597716E-02));
#7615 = CARTESIAN_POINT('',(5.651688077393,-9.606287436125E-02));
#7616 = CARTESIAN_POINT('',(5.637513685257,-0.105462850504));
#7617 = CARTESIAN_POINT('',(5.621808806456,-0.112466531201));
#7618 = CARTESIAN_POINT('',(5.605050117767,-0.116790250445));
#7619 = CARTESIAN_POINT('',(5.587788833487,-0.118265648181));
#7620 = CARTESIAN_POINT('',(5.57060907545,-0.116863754787));
#7621 = CARTESIAN_POINT('',(5.554068921067,-0.112690814132));
#7622 = CARTESIAN_POINT('',(5.523263827409,-9.924694047852E-02));
#7623 = CARTESIAN_POINT('',(5.508998900187,-8.997603717373E-02));
#7624 = CARTESIAN_POINT('',(5.496369322965,-7.837805510482E-02));
#7625 = CARTESIAN_POINT('',(5.485813018235,-6.479146998082E-02));
#7626 = CARTESIAN_POINT('',(5.477669017551,-4.96503027537E-02));
#7627 = CARTESIAN_POINT('',(5.472163954617,-3.345260968536E-02));
#7628 = CARTESIAN_POINT('',(5.469411413866,-1.672629051406E-02));
#7629 = CARTESIAN_POINT('',(5.469411413866,0.));
#7630 = ( GEOMETRIC_REPRESENTATION_CONTEXT(2) 
PARAMETRIC_REPRESENTATION_CONTEXT() REPRESENTATION_CONTEXT('2D SPACE',''
  ) );
#7631 = ORIENTED_EDGE('',*,*,#7541,.F.);
#7632 = ADVANCED_FACE('',(#7633),#7370,.T.);
#7633 = FACE_BOUND('',#7634,.T.);
#7634 = EDGE_LOOP('',(#7635,#7636,#7659,#7727));
#7635 = ORIENTED_EDGE('',*,*,#7244,.T.);
#7636 = ORIENTED_EDGE('',*,*,#7637,.T.);
#7637 = EDGE_CURVE('',#7245,#7638,#7640,.T.);
#7638 = VERTEX_POINT('',#7639);
#7639 = CARTESIAN_POINT('',(6.685901938173E+03,-292.6777702815,5.09E+03)
  );
#7640 = SEAM_CURVE('',#7641,(#7645,#7652),.PCURVE_S1.);
#7641 = LINE('',#7642,#7643);
#7642 = CARTESIAN_POINT('',(6.697045576741E+03,-229.4790554669,5.09E+03)
  );
#7643 = VECTOR('',#7644,1.);
#7644 = DIRECTION('',(-0.173648177667,-0.984807753012,0.));
#7645 = PCURVE('',#7370,#7646);
#7646 = DEFINITIONAL_REPRESENTATION('',(#7647),#7651);
#7647 = LINE('',#7648,#7649);
#7648 = CARTESIAN_POINT('',(0.,-0.));
#7649 = VECTOR('',#7650,1.);
#7650 = DIRECTION('',(0.,1.));
#7651 = ( GEOMETRIC_REPRESENTATION_CONTEXT(2) 
PARAMETRIC_REPRESENTATION_CONTEXT() REPRESENTATION_CONTEXT('2D SPACE',''
  ) );
#7652 = PCURVE('',#7370,#7653);
#7653 = DEFINITIONAL_REPRESENTATION('',(#7654),#7658);
#7654 = LINE('',#7655,#7656);
#7655 = CARTESIAN_POINT('',(6.28318530718,-0.));
#7656 = VECTOR('',#7657,1.);
#7657 = DIRECTION('',(0.,1.));
#7658 = ( GEOMETRIC_REPRESENTATION_CONTEXT(2) 
PARAMETRIC_REPRESENTATION_CONTEXT() REPRESENTATION_CONTEXT('2D SPACE',''
  ) );
#7659 = ORIENTED_EDGE('',*,*,#7660,.F.);
#7660 = EDGE_CURVE('',#7638,#7638,#7661,.T.);
#7661 = SURFACE_CURVE('',#7662,(#7667,#7674),.PCURVE_S1.);
#7662 = CIRCLE('',#7663,3.);
#7663 = AXIS2_PLACEMENT_3D('',#7664,#7665,#7666);
#7664 = CARTESIAN_POINT('',(6.688856361432E+03,-293.1987148145,5.09E+03)
  );
#7665 = DIRECTION('',(-0.173648177667,-0.984807753012,0.));
#7666 = DIRECTION('',(0.984807753012,-0.173648177667,0.));
#7667 = PCURVE('',#7370,#7668);
#7668 = DEFINITIONAL_REPRESENTATION('',(#7669),#7673);
#7669 = LINE('',#7670,#7671);
#7670 = CARTESIAN_POINT('',(-3.14159265359,64.17365685971));
#7671 = VECTOR('',#7672,1.);
#7672 = DIRECTION('',(1.,0.));
#7673 = ( GEOMETRIC_REPRESENTATION_CONTEXT(2) 
PARAMETRIC_REPRESENTATION_CONTEXT() REPRESENTATION_CONTEXT('2D SPACE',''
  ) );
#7674 = PCURVE('',#7675,#7680);
#7675 = SPHERICAL_SURFACE('',#7676,26.);
#7676 = AXIS2_PLACEMENT_3D('',#7677,#7678,#7679);
#7677 = CARTESIAN_POINT('',(6.68437166401E+03,-318.632697771,5.09E+03));
#7678 = DIRECTION('',(0.,0.,1.));
#7679 = DIRECTION('',(1.,0.,-0.));
#7680 = DEFINITIONAL_REPRESENTATION('',(#7681),#7726);
#7681 = B_SPLINE_CURVE_WITH_KNOTS('',8,(#7682,#7683,#7684,#7685,#7686,
    #7687,#7688,#7689,#7690,#7691,#7692,#7693,#7694,#7695,#7696,#7697,
    #7698,#7699,#7700,#7701,#7702,#7703,#7704,#7705,#7706,#7707,#7708,
    #7709,#7710,#7711,#7712,#7713,#7714,#7715,#7716,#7717,#7718,#7719,
    #7720,#7721,#7722,#7723,#7724,#7725),.UNSPECIFIED.,.T.,.F.,(9,7,7,7,
    7,7,9),(3.14159265359,3.926990816987,5.301437602933,6.332272692392,
    7.105399009486,8.265088485128,9.424777960769),.UNSPECIFIED.);
#7682 = CARTESIAN_POINT('',(1.511905594112,0.));
#7683 = CARTESIAN_POINT('',(1.511905594112,-1.132785812592E-02));
#7684 = CARTESIAN_POINT('',(1.510643080284,-2.265571143293E-02));
#7685 = CARTESIAN_POINT('',(1.508118148137,-3.381942505518E-02));
#7686 = CARTESIAN_POINT('',(1.504354526365,-4.465481318421E-02));
#7687 = CARTESIAN_POINT('',(1.499400033529,-5.500217170794E-02));
#7688 = CARTESIAN_POINT('',(1.493326207132,-6.471076075829E-02));
#7689 = CARTESIAN_POINT('',(1.4862271051,-7.364323716758E-02));
#7690 = CARTESIAN_POINT('',(1.464200085155,-9.574443624872E-02));
#7691 = CARTESIAN_POINT('',(1.447393686423,-0.107065814481));
#7692 = CARTESIAN_POINT('',(1.428411839141,-0.115003072853));
#7693 = CARTESIAN_POINT('',(1.408055604189,-0.119081403073));
#7694 = CARTESIAN_POINT('',(1.387278233482,-0.119057025228));
#7695 = CARTESIAN_POINT('',(1.367075521479,-0.114977721088));
#7696 = CARTESIAN_POINT('',(1.348342330046,-0.10715111296));
#7697 = CARTESIAN_POINT('',(1.319423833152,-8.778819522452E-02));
#7698 = CARTESIAN_POINT('',(1.308272351652,-7.766848775086E-02));
#7699 = CARTESIAN_POINT('',(1.298674515776,-6.594229828936E-02));
#7700 = CARTESIAN_POINT('',(1.290891717579,-5.288862807577E-02));
#7701 = CARTESIAN_POINT('',(1.285119427743,-3.883596272253E-02));
#7702 = CARTESIAN_POINT('',(1.281482335541,-2.41446184169E-02));
#7703 = CARTESIAN_POINT('',(1.280034589144,-9.188457887768E-03));
#7704 = CARTESIAN_POINT('',(1.281302778565,1.679929212609E-02));
#7705 = CARTESIAN_POINT('',(1.283068300436,2.787726485592E-02));
#7706 = CARTESIAN_POINT('',(1.286048623623,3.873921340935E-02));
#7707 = CARTESIAN_POINT('',(1.290214361991,4.92297323534E-02));
#7708 = CARTESIAN_POINT('',(1.295513551742,5.919861854541E-02));
#7709 = CARTESIAN_POINT('',(1.301872088228,6.850501718861E-02));
#7710 = CARTESIAN_POINT('',(1.309195001895,7.702149597716E-02));
#7711 = CARTESIAN_POINT('',(1.329628930584,9.606287436125E-02));
#7712 = CARTESIAN_POINT('',(1.343803322723,0.105462850504));
#7713 = CARTESIAN_POINT('',(1.359508201523,0.112466531201));
#7714 = CARTESIAN_POINT('',(1.376266890196,0.116790250445));
#7715 = CARTESIAN_POINT('',(1.393528174482,0.118265648181));
#7716 = CARTESIAN_POINT('',(1.410707932527,0.116863754787));
#7717 = CARTESIAN_POINT('',(1.42724808691,0.112690814132));
#7718 = CARTESIAN_POINT('',(1.458053180569,9.924694047852E-02));
#7719 = CARTESIAN_POINT('',(1.472318107791,8.997603717373E-02));
#7720 = CARTESIAN_POINT('',(1.484947685013,7.837805510482E-02));
#7721 = CARTESIAN_POINT('',(1.495503989743,6.479146998082E-02));
#7722 = CARTESIAN_POINT('',(1.503647990427,4.965030275369E-02));
#7723 = CARTESIAN_POINT('',(1.509153053359,3.345260968535E-02));
#7724 = CARTESIAN_POINT('',(1.511905594112,1.672629051406E-02));
#7725 = CARTESIAN_POINT('',(1.511905594112,0.));
#7726 = ( GEOMETRIC_REPRESENTATION_CONTEXT(2) 
PARAMETRIC_REPRESENTATION_CONTEXT() REPRESENTATION_CONTEXT('2D SPACE',''
  ) );
#7727 = ORIENTED_EDGE('',*,*,#7637,.F.);
#7728 = ADVANCED_FACE('',(#7729,#7733),#7483,.T.);
#7729 = FACE_BOUND('',#7730,.T.);
#7730 = VERTEX_LOOP('',#7731);
#7731 = VERTEX_POINT('',#7732);
#7732 = CARTESIAN_POINT('',(6.784572335871E+03,-199.2181871006,5.116E+03
    ));
#7733 = FACE_BOUND('',#7734,.T.);
#7734 = EDGE_LOOP('',(#7735));
#7735 = ORIENTED_EDGE('',*,*,#7468,.T.);
#7736 = ADVANCED_FACE('',(#7737,#7741),#7579,.T.);
#7737 = FACE_BOUND('',#7738,.T.);
#7738 = VERTEX_LOOP('',#7739);
#7739 = VERTEX_POINT('',#7740);
#7740 = CARTESIAN_POINT('',(6.631056000119E+03,-172.1491151282,5.116E+03
    ));
#7741 = FACE_BOUND('',#7742,.T.);
#7742 = EDGE_LOOP('',(#7743));
#7743 = ORIENTED_EDGE('',*,*,#7564,.T.);
#7744 = ADVANCED_FACE('',(#7745,#7749),#7675,.T.);
#7745 = FACE_BOUND('',#7746,.T.);
#7746 = VERTEX_LOOP('',#7747);
#7747 = VERTEX_POINT('',#7748);
#7748 = CARTESIAN_POINT('',(6.68437166401E+03,-318.632697771,5.116E+03)
  );
#7749 = FACE_BOUND('',#7750,.T.);
#7750 = EDGE_LOOP('',(#7751));
#7751 = ORIENTED_EDGE('',*,*,#7660,.T.);
#7752 = MANIFOLD_SOLID_BREP('',#7753);
#7753 = CLOSED_SHELL('',(#7754));
#7754 = ADVANCED_FACE('',(#7755),#7759,.T.);
#7755 = FACE_BOUND('',#7756,.T.);
#7756 = VERTEX_LOOP('',#7757);
#7757 = VERTEX_POINT('',#7758);
#7758 = CARTESIAN_POINT('',(6.78E+03,230.,5.076E+03));
#7759 = SPHERICAL_SURFACE('',#7760,14.);
#7760 = AXIS2_PLACEMENT_3D('',#7761,#7762,#7763);
#7761 = CARTESIAN_POINT('',(6.78E+03,230.,5.09E+03));
#7762 = DIRECTION('',(0.,0.,1.));
#7763 = DIRECTION('',(1.,0.,-0.));
#7764 = ( GEOMETRIC_REPRESENTATION_CONTEXT(3) 
GLOBAL_UNCERTAINTY_ASSIGNED_CONTEXT((#7768)) 
GLOBAL_UNIT_ASSIGNED_CONTEXT((#7765,#7766,#7767)) REPRESENTATION_CONTEXT
('Context #1','3D Context with UNIT and UNCERTAINTY') );
#7765 = ( LENGTH_UNIT() NAMED_UNIT(*) SI_UNIT(.MILLI.,.METRE.) );
#7766 = ( NAMED_UNIT(*) PLANE_ANGLE_UNIT() SI_UNIT($,.RADIAN.) );
#7767 = ( NAMED_UNIT(*) SI_UNIT($,.STERADIAN.) SOLID_ANGLE_UNIT() );
#7768 = UNCERTAINTY_MEASURE_WITH_UNIT(LENGTH_MEASURE(1.E-07),#7765,
  'distance_accuracy_value','confusion accuracy');
#7769 = CONTEXT_DEPENDENT_SHAPE_REPRESENTATION(#7770,#7772);
#7770 = ( REPRESENTATION_RELATIONSHIP('','',#4667,#10) 
REPRESENTATION_RELATIONSHIP_WITH_TRANSFORMATION(#7771) 
SHAPE_REPRESENTATION_RELATIONSHIP() );
#7771 = ITEM_DEFINED_TRANSFORMATION('','',#11,#27);
#7772 = PRODUCT_DEFINITION_SHAPE('Placement','Placement of an item',
  #7773);
#7773 = NEXT_ASSEMBLY_USAGE_OCCURRENCE('19','=>[0:1:1:5]','',#5,#4662,$
  );
#7774 = PRODUCT_RELATED_PRODUCT_CATEGORY('part',$,(#4664));
#7775 = SHAPE_DEFINITION_REPRESENTATION(#7776,#7782);
#7776 = PRODUCT_DEFINITION_SHAPE('','',#7777);
#7777 = PRODUCT_DEFINITION('design','',#7778,#7781);
#7778 = PRODUCT_DEFINITION_FORMATION('','',#7779);
#7779 = PRODUCT('COMPOUND','COMPOUND','',(#7780));
#7780 = PRODUCT_CONTEXT('',#2,'mechanical');
#7781 = PRODUCT_DEFINITION_CONTEXT('part definition',#2,'design');
#7782 = SHAPE_REPRESENTATION('',(#11,#7783,#8226,#8324,#8422,#8520),
  #8618);
#7783 = MANIFOLD_SOLID_BREP('',#7784);
#7784 = CLOSED_SHELL('',(#7785,#8062,#8133,#8213,#8217,#8222));
#7785 = ADVANCED_FACE('',(#7786),#7800,.T.);
#7786 = FACE_BOUND('',#7787,.T.);
#7787 = EDGE_LOOP('',(#7788,#7818,#7845,#7846,#7875,#7960,#8040));
#7788 = ORIENTED_EDGE('',*,*,#7789,.T.);
#7789 = EDGE_CURVE('',#7790,#7792,#7794,.T.);
#7790 = VERTEX_POINT('',#7791);
#7791 = CARTESIAN_POINT('',(6.845E+03,-1.347111479062E-14,3.341E+03));
#7792 = VERTEX_POINT('',#7793);
#7793 = CARTESIAN_POINT('',(6.845E+03,-1.347111479062E-14,3.347E+03));
#7794 = SEAM_CURVE('',#7795,(#7799,#7811),.PCURVE_S1.);
#7795 = LINE('',#7796,#7797);
#7796 = CARTESIAN_POINT('',(6.845E+03,-1.347111479062E-14,3.341E+03));
#7797 = VECTOR('',#7798,1.);
#7798 = DIRECTION('',(0.,0.,1.));
#7799 = PCURVE('',#7800,#7805);
#7800 = CYLINDRICAL_SURFACE('',#7801,55.);
#7801 = AXIS2_PLACEMENT_3D('',#7802,#7803,#7804);
#7802 = CARTESIAN_POINT('',(6.79E+03,0.,3.341E+03));
#7803 = DIRECTION('',(0.,0.,1.));
#7804 = DIRECTION('',(1.,0.,-0.));
#7805 = DEFINITIONAL_REPRESENTATION('',(#7806),#7810);
#7806 = LINE('',#7807,#7808);
#7807 = CARTESIAN_POINT('',(6.28318530718,-0.));
#7808 = VECTOR('',#7809,1.);
#7809 = DIRECTION('',(0.,1.));
#7810 = ( GEOMETRIC_REPRESENTATION_CONTEXT(2) 
PARAMETRIC_REPRESENTATION_CONTEXT() REPRESENTATION_CONTEXT('2D SPACE',''
  ) );
#7811 = PCURVE('',#7800,#7812);
#7812 = DEFINITIONAL_REPRESENTATION('',(#7813),#7817);
#7813 = LINE('',#7814,#7815);
#7814 = CARTESIAN_POINT('',(0.,-0.));
#7815 = VECTOR('',#7816,1.);
#7816 = DIRECTION('',(0.,1.));
#7817 = ( GEOMETRIC_REPRESENTATION_CONTEXT(2) 
PARAMETRIC_REPRESENTATION_CONTEXT() REPRESENTATION_CONTEXT('2D SPACE',''
  ) );
#7818 = ORIENTED_EDGE('',*,*,#7819,.F.);
#7819 = EDGE_CURVE('',#7792,#7792,#7820,.T.);
#7820 = SURFACE_CURVE('',#7821,(#7826,#7833),.PCURVE_S1.);
#7821 = CIRCLE('',#7822,55.);
#7822 = AXIS2_PLACEMENT_3D('',#7823,#7824,#7825);
#7823 = CARTESIAN_POINT('',(6.79E+03,0.,3.347E+03));
#7824 = DIRECTION('',(0.,0.,1.));
#7825 = DIRECTION('',(1.,0.,-0.));
#7826 = PCURVE('',#7800,#7827);
#7827 = DEFINITIONAL_REPRESENTATION('',(#7828),#7832);
#7828 = LINE('',#7829,#7830);
#7829 = CARTESIAN_POINT('',(0.,6.));
#7830 = VECTOR('',#7831,1.);
#7831 = DIRECTION('',(1.,0.));
#7832 = ( GEOMETRIC_REPRESENTATION_CONTEXT(2) 
PARAMETRIC_REPRESENTATION_CONTEXT() REPRESENTATION_CONTEXT('2D SPACE',''
  ) );
#7833 = PCURVE('',#7834,#7839);
#7834 = PLANE('',#7835);
#7835 = AXIS2_PLACEMENT_3D('',#7836,#7837,#7838);
#7836 = CARTESIAN_POINT('',(6.79E+03,0.,3.347E+03));
#7837 = DIRECTION('',(0.,0.,1.));
#7838 = DIRECTION('',(1.,0.,-0.));
#7839 = DEFINITIONAL_REPRESENTATION('',(#7840),#7844);
#7840 = CIRCLE('',#7841,55.);
#7841 = AXIS2_PLACEMENT_2D('',#7842,#7843);
#7842 = CARTESIAN_POINT('',(0.,0.));
#7843 = DIRECTION('',(1.,0.));
#7844 = ( GEOMETRIC_REPRESENTATION_CONTEXT(2) 
PARAMETRIC_REPRESENTATION_CONTEXT() REPRESENTATION_CONTEXT('2D SPACE',''
  ) );
#7845 = ORIENTED_EDGE('',*,*,#7789,.F.);
#7846 = ORIENTED_EDGE('',*,*,#7847,.T.);
#7847 = EDGE_CURVE('',#7790,#7848,#7850,.T.);
#7848 = VERTEX_POINT('',#7849);
#7849 = CARTESIAN_POINT('',(6.735319107542E+03,5.9160797831,3.341E+03));
#7850 = SURFACE_CURVE('',#7851,(#7856,#7863),.PCURVE_S1.);
#7851 = CIRCLE('',#7852,55.);
#7852 = AXIS2_PLACEMENT_3D('',#7853,#7854,#7855);
#7853 = CARTESIAN_POINT('',(6.79E+03,0.,3.341E+03));
#7854 = DIRECTION('',(0.,0.,1.));
#7855 = DIRECTION('',(1.,0.,-0.));
#7856 = PCURVE('',#7800,#7857);
#7857 = DEFINITIONAL_REPRESENTATION('',(#7858),#7862);
#7858 = LINE('',#7859,#7860);
#7859 = CARTESIAN_POINT('',(0.,0.));
#7860 = VECTOR('',#7861,1.);
#7861 = DIRECTION('',(1.,0.));
#7862 = ( GEOMETRIC_REPRESENTATION_CONTEXT(2) 
PARAMETRIC_REPRESENTATION_CONTEXT() REPRESENTATION_CONTEXT('2D SPACE',''
  ) );
#7863 = PCURVE('',#7864,#7869);
#7864 = PLANE('',#7865);
#7865 = AXIS2_PLACEMENT_3D('',#7866,#7867,#7868);
#7866 = CARTESIAN_POINT('',(6.79E+03,0.,3.341E+03));
#7867 = DIRECTION('',(0.,0.,1.));
#7868 = DIRECTION('',(1.,0.,-0.));
#7869 = DEFINITIONAL_REPRESENTATION('',(#7870),#7874);
#7870 = CIRCLE('',#7871,55.);
#7871 = AXIS2_PLACEMENT_2D('',#7872,#7873);
#7872 = CARTESIAN_POINT('',(0.,0.));
#7873 = DIRECTION('',(1.,0.));
#7874 = ( GEOMETRIC_REPRESENTATION_CONTEXT(2) 
PARAMETRIC_REPRESENTATION_CONTEXT() REPRESENTATION_CONTEXT('2D SPACE',''
  ) );
#7875 = ORIENTED_EDGE('',*,*,#7876,.T.);
#7876 = EDGE_CURVE('',#7848,#7877,#7879,.T.);
#7877 = VERTEX_POINT('',#7878);
#7878 = CARTESIAN_POINT('',(6.735E+03,1.469576158977E-15,3.346E+03));
#7879 = SURFACE_CURVE('',#7880,(#7903,#7929),.PCURVE_S1.);
#7880 = B_SPLINE_CURVE_WITH_KNOTS('',6,(#7881,#7882,#7883,#7884,#7885,
    #7886,#7887,#7888,#7889,#7890,#7891,#7892,#7893,#7894,#7895,#7896,
    #7897,#7898,#7899,#7900,#7901,#7902),.UNSPECIFIED.,.F.,.F.,(7,5,5,5,
    7),(0.,0.46612734282,0.647174669204,0.784385565686,1.),
  .UNSPECIFIED.);
#7881 = CARTESIAN_POINT('',(6.735319107586E+03,5.916080188766,
    3.3409999976E+03));
#7882 = CARTESIAN_POINT('',(6.73530905262E+03,5.823144576688,
    3.341549813453E+03));
#7883 = CARTESIAN_POINT('',(6.735292474072E+03,5.668146167585,
    3.342093681692E+03));
#7884 = CARTESIAN_POINT('',(6.735269722189E+03,5.449848044347,
    3.342627634203E+03));
#7885 = CARTESIAN_POINT('',(6.735241479698E+03,5.165159625884,
    3.343146316156E+03));
#7886 = CARTESIAN_POINT('',(6.735209006228E+03,4.809735822242,
    3.343641858776E+03));
#7887 = CARTESIAN_POINT('',(6.735161258416E+03,4.211955075977,
    3.344280102783E+03));
#7888 = CARTESIAN_POINT('',(6.735147606862E+03,4.033330782777,
    3.344453308877E+03));
#7889 = CARTESIAN_POINT('',(6.735133802317E+03,3.843120293044,
    3.344620332477E+03));
#7890 = CARTESIAN_POINT('',(6.735120011745E+03,3.641165915477,
    3.344780237581E+03));
#7891 = CARTESIAN_POINT('',(6.735106427722E+03,3.427364281457,
    3.34493197523E+03));
#7892 = CARTESIAN_POINT('',(6.735083294908E+03,3.030652429475,
    3.345182281768E+03));
#7893 = CARTESIAN_POINT('',(6.735073563459E+03,2.852763172235,
    3.345284849754E+03));
#7894 = CARTESIAN_POINT('',(6.735064179272E+03,2.668184573051,
    3.345381438631E+03));
#7895 = CARTESIAN_POINT('',(6.735055253046E+03,2.477131015002,
    3.345471425588E+03));
#7896 = CARTESIAN_POINT('',(6.735046896855E+03,2.279866034771,
    3.345554196972E+03));
#7897 = CARTESIAN_POINT('',(6.735027157243E+03,1.757449092811,
    3.345746926757E+03));
#7898 = CARTESIAN_POINT('',(6.735016745011E+03,1.422904655175,
    3.345845662242E+03));
#7899 = CARTESIAN_POINT('',(6.735008498736E+03,1.076177953834,
    3.34592209697E+03));
#7900 = CARTESIAN_POINT('',(6.735002840461E+03,0.720858919699,
    3.34597396189E+03));
#7901 = CARTESIAN_POINT('',(6.735E+03,0.360818519625,3.346E+03));
#7902 = CARTESIAN_POINT('',(6.735E+03,6.767102036244E-15,3.346E+03));
#7903 = PCURVE('',#7800,#7904);
#7904 = DEFINITIONAL_REPRESENTATION('',(#7905),#7928);
#7905 = B_SPLINE_CURVE_WITH_KNOTS('',6,(#7906,#7907,#7908,#7909,#7910,
    #7911,#7912,#7913,#7914,#7915,#7916,#7917,#7918,#7919,#7920,#7921,
    #7922,#7923,#7924,#7925,#7926,#7927),.UNSPECIFIED.,.F.,.F.,(7,5,5,5,
    7),(0.,0.46612734282,0.647174669204,0.784385565686,1.),
  .UNSPECIFIED.);
#7906 = CARTESIAN_POINT('',(3.033819045936,-2.4E-06));
#7907 = CARTESIAN_POINT('',(3.035518645338,0.549813452978));
#7908 = CARTESIAN_POINT('',(3.038352872536,1.093681691993));
#7909 = CARTESIAN_POINT('',(3.042343397006,1.627634202877));
#7910 = CARTESIAN_POINT('',(3.047544862695,2.146316155962));
#7911 = CARTESIAN_POINT('',(3.054033610074,2.64185877578));
#7912 = CARTESIAN_POINT('',(3.064936967267,3.280102782856));
#7913 = CARTESIAN_POINT('',(3.068194133534,3.453308876782));
#7914 = CARTESIAN_POINT('',(3.071661561946,3.620332476869));
#7915 = CARTESIAN_POINT('',(3.075341953814,3.780237581418));
#7916 = CARTESIAN_POINT('',(3.079237041753,3.93197523014));
#7917 = CARTESIAN_POINT('',(3.086462236894,4.182281767799));
#7918 = CARTESIAN_POINT('',(3.089701402192,4.28484975366));
#7919 = CARTESIAN_POINT('',(3.093061672221,4.381438631262));
#7920 = CARTESIAN_POINT('',(3.096539115304,4.471425587719));
#7921 = CARTESIAN_POINT('',(3.100128930252,4.554196972402));
#7922 = CARTESIAN_POINT('',(3.109634198274,4.746926757463));
#7923 = CARTESIAN_POINT('',(3.1157196353,4.845662242335));
#7924 = CARTESIAN_POINT('',(3.122025274496,4.922096970486));
#7925 = CARTESIAN_POINT('',(3.128486127529,4.973961890236));
#7926 = CARTESIAN_POINT('',(3.135032316869,5.));
#7927 = CARTESIAN_POINT('',(3.14159265359,5.));
#7928 = ( GEOMETRIC_REPRESENTATION_CONTEXT(2) 
PARAMETRIC_REPRESENTATION_CONTEXT() REPRESENTATION_CONTEXT('2D SPACE',''
  ) );
#7929 = PCURVE('',#7930,#7935);
#7930 = CYLINDRICAL_SURFACE('',#7931,6.);
#7931 = AXIS2_PLACEMENT_3D('',#7932,#7933,#7934);
#7932 = CARTESIAN_POINT('',(6.72E+03,0.,3.34E+03));
#7933 = DIRECTION('',(1.,0.,0.));
#7934 = DIRECTION('',(-0.,0.,1.));
#7935 = DEFINITIONAL_REPRESENTATION('',(#7936),#7959);
#7936 = B_SPLINE_CURVE_WITH_KNOTS('',6,(#7937,#7938,#7939,#7940,#7941,
    #7942,#7943,#7944,#7945,#7946,#7947,#7948,#7949,#7950,#7951,#7952,
    #7953,#7954,#7955,#7956,#7957,#7958),.UNSPECIFIED.,.F.,.F.,(7,5,5,5,
    7),(0.,0.46612734282,0.647174669204,0.784385565686,1.),
  .UNSPECIFIED.);
#7937 = CARTESIAN_POINT('',(4.879836653938,15.319107585921));
#7938 = CARTESIAN_POINT('',(4.972772489057,15.309052619567));
#7939 = CARTESIAN_POINT('',(5.066455732711,15.292474072306));
#7940 = CARTESIAN_POINT('',(5.161707783777,15.269722189485));
#7941 = CARTESIAN_POINT('',(5.259314535565,15.241479697934));
#7942 = CARTESIAN_POINT('',(5.360089469546,15.209006228102));
#7943 = CARTESIAN_POINT('',(5.50583441735,15.161258415981));
#7944 = CARTESIAN_POINT('',(5.547254883076,15.147606861762));
#7945 = CARTESIAN_POINT('',(5.589365511448,15.133802316728));
#7946 = CARTESIAN_POINT('',(5.632211375378,15.120011745254));
#7947 = CARTESIAN_POINT('',(5.675842664577,15.106427721926));
#7948 = CARTESIAN_POINT('',(5.754022239968,15.083294907881));
#7949 = CARTESIAN_POINT('',(5.788218507956,15.073563458587));
#7950 = CARTESIAN_POINT('',(5.822894870971,15.06417927221));
#7951 = CARTESIAN_POINT('',(5.858044602291,15.055253045788));
#7952 = CARTESIAN_POINT('',(5.893664758589,15.046896854871));
#7953 = CARTESIAN_POINT('',(5.986470444373,15.027157242503));
#7954 = CARTESIAN_POINT('',(6.044477226523,15.016745010854));
#7955 = CARTESIAN_POINT('',(6.103430833326,15.008498736086));
#7956 = CARTESIAN_POINT('',(6.163042158306,15.002840460875));
#7957 = CARTESIAN_POINT('',(6.223048887242,15.));
#7958 = CARTESIAN_POINT('',(6.28318530718,15.));
#7959 = ( GEOMETRIC_REPRESENTATION_CONTEXT(2) 
PARAMETRIC_REPRESENTATION_CONTEXT() REPRESENTATION_CONTEXT('2D SPACE',''
  ) );
#7960 = ORIENTED_EDGE('',*,*,#7961,.T.);
#7961 = EDGE_CURVE('',#7877,#7962,#7964,.T.);
#7962 = VERTEX_POINT('',#7963);
#7963 = CARTESIAN_POINT('',(6.735319107542E+03,-5.9160797831,3.341E+03)
  );
#7964 = SURFACE_CURVE('',#7965,(#7988,#8014),.PCURVE_S1.);
#7965 = B_SPLINE_CURVE_WITH_KNOTS('',6,(#7966,#7967,#7968,#7969,#7970,
    #7971,#7972,#7973,#7974,#7975,#7976,#7977,#7978,#7979,#7980,#7981,
    #7982,#7983,#7984,#7985,#7986,#7987),.UNSPECIFIED.,.F.,.F.,(7,5,5,5,
    7),(0.,0.21561443536,0.352825332479,0.533872659696,1.),
  .UNSPECIFIED.);
#7966 = CARTESIAN_POINT('',(6.735E+03,7.105427357601E-15,3.346E+03));
#7967 = CARTESIAN_POINT('',(6.735E+03,-0.360818519618,3.346E+03));
#7968 = CARTESIAN_POINT('',(6.735002840461E+03,-0.720858919661,
    3.34597396189E+03));
#7969 = CARTESIAN_POINT('',(6.735008498736E+03,-1.076177953872,
    3.34592209697E+03));
#7970 = CARTESIAN_POINT('',(6.735016745011E+03,-1.422904655225,
    3.345845662242E+03));
#7971 = CARTESIAN_POINT('',(6.735027157243E+03,-1.757449092752,
    3.345746926757E+03));
#7972 = CARTESIAN_POINT('',(6.735046896855E+03,-2.279866034765,
    3.345554196972E+03));
#7973 = CARTESIAN_POINT('',(6.735055253046E+03,-2.477131015004,
    3.345471425588E+03));
#7974 = CARTESIAN_POINT('',(6.735064179272E+03,-2.668184573057,
    3.345381438631E+03));
#7975 = CARTESIAN_POINT('',(6.735073563459E+03,-2.852763172236,
    3.345284849754E+03));
#7976 = CARTESIAN_POINT('',(6.735083294908E+03,-3.03065242947,
    3.345182281768E+03));
#7977 = CARTESIAN_POINT('',(6.735106427722E+03,-3.427364281456,
    3.34493197523E+03));
#7978 = CARTESIAN_POINT('',(6.735120011745E+03,-3.641165915477,
    3.344780237581E+03));
#7979 = CARTESIAN_POINT('',(6.735133802317E+03,-3.843120293044,
    3.344620332477E+03));
#7980 = CARTESIAN_POINT('',(6.735147606862E+03,-4.033330782777,
    3.344453308877E+03));
#7981 = CARTESIAN_POINT('',(6.735161258416E+03,-4.211955075977,
    3.344280102783E+03));
#7982 = CARTESIAN_POINT('',(6.735209006228E+03,-4.809735817936,
    3.34364185878E+03));
#7983 = CARTESIAN_POINT('',(6.735241479699E+03,-5.165159636838,
    3.34314631614E+03));
#7984 = CARTESIAN_POINT('',(6.735269722188E+03,-5.449848032359,
    3.342627634226E+03));
#7985 = CARTESIAN_POINT('',(6.735292474073E+03,-5.668146173655,
    3.342093681674E+03));
#7986 = CARTESIAN_POINT('',(6.735309052619E+03,-5.823144575706,
    3.341549813459E+03));
#7987 = CARTESIAN_POINT('',(6.735319107586E+03,-5.916080188766,
    3.3409999976E+03));
#7988 = PCURVE('',#7800,#7989);
#7989 = DEFINITIONAL_REPRESENTATION('',(#7990),#8013);
#7990 = B_SPLINE_CURVE_WITH_KNOTS('',6,(#7991,#7992,#7993,#7994,#7995,
    #7996,#7997,#7998,#7999,#8000,#8001,#8002,#8003,#8004,#8005,#8006,
    #8007,#8008,#8009,#8010,#8011,#8012),.UNSPECIFIED.,.F.,.F.,(7,5,5,5,
    7),(0.,0.21561443536,0.352825332479,0.533872659696,1.),
  .UNSPECIFIED.);
#7991 = CARTESIAN_POINT('',(3.14159265359,5.));
#7992 = CARTESIAN_POINT('',(3.14815299031,5.));
#7993 = CARTESIAN_POINT('',(3.15469917965,4.973961890238));
#7994 = CARTESIAN_POINT('',(3.161160032684,4.922096970494));
#7995 = CARTESIAN_POINT('',(3.16746567188,4.845662242307));
#7996 = CARTESIAN_POINT('',(3.173551108904,4.746926757485));
#7997 = CARTESIAN_POINT('',(3.183056376928,4.554196972404));
#7998 = CARTESIAN_POINT('',(3.186646191876,4.471425587719));
#7999 = CARTESIAN_POINT('',(3.190123634959,4.38143863126));
#8000 = CARTESIAN_POINT('',(3.193483904988,4.284849753659));
#8001 = CARTESIAN_POINT('',(3.196723070285,4.182281767802));
#8002 = CARTESIAN_POINT('',(3.203948265426,3.93197523014));
#8003 = CARTESIAN_POINT('',(3.207843353366,3.780237581417));
#8004 = CARTESIAN_POINT('',(3.211523745234,3.620332476869));
#8005 = CARTESIAN_POINT('',(3.214991173646,3.453308876782));
#8006 = CARTESIAN_POINT('',(3.218248339913,3.280102782856));
#8007 = CARTESIAN_POINT('',(3.229151697027,2.641858780378));
#8008 = CARTESIAN_POINT('',(3.235640444685,2.146316140174));
#8009 = CARTESIAN_POINT('',(3.240841909955,1.627634226277));
#8010 = CARTESIAN_POINT('',(3.244832434754,1.093681674504));
#8011 = CARTESIAN_POINT('',(3.247666661824,0.54981345879));
#8012 = CARTESIAN_POINT('',(3.249366261244,-2.4E-06));
#8013 = ( GEOMETRIC_REPRESENTATION_CONTEXT(2) 
PARAMETRIC_REPRESENTATION_CONTEXT() REPRESENTATION_CONTEXT('2D SPACE',''
  ) );
#8014 = PCURVE('',#7930,#8015);
#8015 = DEFINITIONAL_REPRESENTATION('',(#8016),#8039);
#8016 = B_SPLINE_CURVE_WITH_KNOTS('',6,(#8017,#8018,#8019,#8020,#8021,
    #8022,#8023,#8024,#8025,#8026,#8027,#8028,#8029,#8030,#8031,#8032,
    #8033,#8034,#8035,#8036,#8037,#8038),.UNSPECIFIED.,.F.,.F.,(7,5,5,5,
    7),(0.,0.21561443536,0.352825332479,0.533872659696,1.),
  .UNSPECIFIED.);
#8017 = CARTESIAN_POINT('',(-8.881784197001E-16,15.));
#8018 = CARTESIAN_POINT('',(6.013641993641E-02,15.));
#8019 = CARTESIAN_POINT('',(0.120143148867,15.002840460875));
#8020 = CARTESIAN_POINT('',(0.179754473859,15.008498736086));
#8021 = CARTESIAN_POINT('',(0.238708080666,15.016745010856));
#8022 = CARTESIAN_POINT('',(0.296714862796,15.027157242501));
#8023 = CARTESIAN_POINT('',(0.389520548589,15.046896854871));
#8024 = CARTESIAN_POINT('',(0.425140704889,15.055253045788));
#8025 = CARTESIAN_POINT('',(0.46029043621,15.06417927221));
#8026 = CARTESIAN_POINT('',(0.494966799224,15.073563458587));
#8027 = CARTESIAN_POINT('',(0.52916306721,15.083294907881));
#8028 = CARTESIAN_POINT('',(0.607342642602,15.106427721926));
#8029 = CARTESIAN_POINT('',(0.650973931801,15.120011745254));
#8030 = CARTESIAN_POINT('',(0.693819795732,15.133802316728));
#8031 = CARTESIAN_POINT('',(0.735930424104,15.147606861762));
#8032 = CARTESIAN_POINT('',(0.77735088983,15.161258415981));
#8033 = CARTESIAN_POINT('',(0.923095836584,15.209006227758));
#8034 = CARTESIAN_POINT('',(1.023870774904,15.241479698848));
#8035 = CARTESIAN_POINT('',(1.121477518862,15.269722188438));
#8036 = CARTESIAN_POINT('',(1.216729577646,15.29247407287));
#8037 = CARTESIAN_POINT('',(1.31041281714,15.30905261946));
#8038 = CARTESIAN_POINT('',(1.403348653242,15.319107585921));
#8039 = ( GEOMETRIC_REPRESENTATION_CONTEXT(2) 
PARAMETRIC_REPRESENTATION_CONTEXT() REPRESENTATION_CONTEXT('2D SPACE',''
  ) );
#8040 = ORIENTED_EDGE('',*,*,#8041,.T.);
#8041 = EDGE_CURVE('',#7962,#7790,#8042,.T.);
#8042 = SURFACE_CURVE('',#8043,(#8048,#8055),.PCURVE_S1.);
#8043 = CIRCLE('',#8044,55.);
#8044 = AXIS2_PLACEMENT_3D('',#8045,#8046,#8047);
#8045 = CARTESIAN_POINT('',(6.79E+03,0.,3.341E+03));
#8046 = DIRECTION('',(0.,0.,1.));
#8047 = DIRECTION('',(1.,0.,-0.));
#8048 = PCURVE('',#7800,#8049);
#8049 = DEFINITIONAL_REPRESENTATION('',(#8050),#8054);
#8050 = LINE('',#8051,#8052);
#8051 = CARTESIAN_POINT('',(0.,0.));
#8052 = VECTOR('',#8053,1.);
#8053 = DIRECTION('',(1.,0.));
#8054 = ( GEOMETRIC_REPRESENTATION_CONTEXT(2) 
PARAMETRIC_REPRESENTATION_CONTEXT() REPRESENTATION_CONTEXT('2D SPACE',''
  ) );
#8055 = PCURVE('',#7864,#8056);
#8056 = DEFINITIONAL_REPRESENTATION('',(#8057),#8061);
#8057 = CIRCLE('',#8058,55.);
#8058 = AXIS2_PLACEMENT_2D('',#8059,#8060);
#8059 = CARTESIAN_POINT('',(0.,0.));
#8060 = DIRECTION('',(1.,0.));
#8061 = ( GEOMETRIC_REPRESENTATION_CONTEXT(2) 
PARAMETRIC_REPRESENTATION_CONTEXT() REPRESENTATION_CONTEXT('2D SPACE',''
  ) );
#8062 = ADVANCED_FACE('',(#8063),#7864,.F.);
#8063 = FACE_BOUND('',#8064,.F.);
#8064 = EDGE_LOOP('',(#8065,#8066,#8067,#8088,#8114));
#8065 = ORIENTED_EDGE('',*,*,#8041,.T.);
#8066 = ORIENTED_EDGE('',*,*,#7847,.T.);
#8067 = ORIENTED_EDGE('',*,*,#8068,.T.);
#8068 = EDGE_CURVE('',#7848,#8069,#8071,.T.);
#8069 = VERTEX_POINT('',#8070);
#8070 = CARTESIAN_POINT('',(6.79E+03,5.9160797831,3.341E+03));
#8071 = SURFACE_CURVE('',#8072,(#8076,#8082),.PCURVE_S1.);
#8072 = LINE('',#8073,#8074);
#8073 = CARTESIAN_POINT('',(6.72E+03,5.9160797831,3.341E+03));
#8074 = VECTOR('',#8075,1.);
#8075 = DIRECTION('',(1.,0.,0.));
#8076 = PCURVE('',#7864,#8077);
#8077 = DEFINITIONAL_REPRESENTATION('',(#8078),#8081);
#8078 = B_SPLINE_CURVE_WITH_KNOTS('',1,(#8079,#8080),.UNSPECIFIED.,.F.,
  .F.,(2,2),(4.,70.0000024),.PIECEWISE_BEZIER_KNOTS.);
#8079 = CARTESIAN_POINT('',(-66.,5.9160797831));
#8080 = CARTESIAN_POINT('',(2.40000008489E-06,5.9160797831));
#8081 = ( GEOMETRIC_REPRESENTATION_CONTEXT(2) 
PARAMETRIC_REPRESENTATION_CONTEXT() REPRESENTATION_CONTEXT('2D SPACE',''
  ) );
#8082 = PCURVE('',#7930,#8083);
#8083 = DEFINITIONAL_REPRESENTATION('',(#8084),#8087);
#8084 = B_SPLINE_CURVE_WITH_KNOTS('',1,(#8085,#8086),.UNSPECIFIED.,.F.,
  .F.,(2,2),(4.,70.0000024),.PIECEWISE_BEZIER_KNOTS.);
#8085 = CARTESIAN_POINT('',(4.879837059604,4.));
#8086 = CARTESIAN_POINT('',(4.879837059604,70.0000024));
#8087 = ( GEOMETRIC_REPRESENTATION_CONTEXT(2) 
PARAMETRIC_REPRESENTATION_CONTEXT() REPRESENTATION_CONTEXT('2D SPACE',''
  ) );
#8088 = ORIENTED_EDGE('',*,*,#8089,.F.);
#8089 = EDGE_CURVE('',#8090,#8069,#8092,.T.);
#8090 = VERTEX_POINT('',#8091);
#8091 = CARTESIAN_POINT('',(6.79E+03,-5.9160797831,3.341E+03));
#8092 = SURFACE_CURVE('',#8093,(#8097,#8103),.PCURVE_S1.);
#8093 = LINE('',#8094,#8095);
#8094 = CARTESIAN_POINT('',(6.79E+03,0.,3.341E+03));
#8095 = VECTOR('',#8096,1.);
#8096 = DIRECTION('',(0.,1.,0.));
#8097 = PCURVE('',#7864,#8098);
#8098 = DEFINITIONAL_REPRESENTATION('',(#8099),#8102);
#8099 = B_SPLINE_CURVE_WITH_KNOTS('',1,(#8100,#8101),.UNSPECIFIED.,.F.,
  .F.,(2,2),(-6.,6.),.PIECEWISE_BEZIER_KNOTS.);
#8100 = CARTESIAN_POINT('',(0.,-6.));
#8101 = CARTESIAN_POINT('',(0.,6.));
#8102 = ( GEOMETRIC_REPRESENTATION_CONTEXT(2) 
PARAMETRIC_REPRESENTATION_CONTEXT() REPRESENTATION_CONTEXT('2D SPACE',''
  ) );
#8103 = PCURVE('',#8104,#8109);
#8104 = PLANE('',#8105);
#8105 = AXIS2_PLACEMENT_3D('',#8106,#8107,#8108);
#8106 = CARTESIAN_POINT('',(6.79E+03,0.,3.34E+03));
#8107 = DIRECTION('',(1.,0.,0.));
#8108 = DIRECTION('',(-0.,0.,1.));
#8109 = DEFINITIONAL_REPRESENTATION('',(#8110),#8113);
#8110 = B_SPLINE_CURVE_WITH_KNOTS('',1,(#8111,#8112),.UNSPECIFIED.,.F.,
  .F.,(2,2),(-6.,6.),.PIECEWISE_BEZIER_KNOTS.);
#8111 = CARTESIAN_POINT('',(1.,6.));
#8112 = CARTESIAN_POINT('',(1.,-6.));
#8113 = ( GEOMETRIC_REPRESENTATION_CONTEXT(2) 
PARAMETRIC_REPRESENTATION_CONTEXT() REPRESENTATION_CONTEXT('2D SPACE',''
  ) );
#8114 = ORIENTED_EDGE('',*,*,#8115,.F.);
#8115 = EDGE_CURVE('',#7962,#8090,#8116,.T.);
#8116 = SURFACE_CURVE('',#8117,(#8121,#8127),.PCURVE_S1.);
#8117 = LINE('',#8118,#8119);
#8118 = CARTESIAN_POINT('',(6.72E+03,-5.9160797831,3.341E+03));
#8119 = VECTOR('',#8120,1.);
#8120 = DIRECTION('',(1.,0.,0.));
#8121 = PCURVE('',#7864,#8122);
#8122 = DEFINITIONAL_REPRESENTATION('',(#8123),#8126);
#8123 = B_SPLINE_CURVE_WITH_KNOTS('',1,(#8124,#8125),.UNSPECIFIED.,.F.,
  .F.,(2,2),(4.,70.0000024),.PIECEWISE_BEZIER_KNOTS.);
#8124 = CARTESIAN_POINT('',(-66.,-5.9160797831));
#8125 = CARTESIAN_POINT('',(2.40000008489E-06,-5.9160797831));
#8126 = ( GEOMETRIC_REPRESENTATION_CONTEXT(2) 
PARAMETRIC_REPRESENTATION_CONTEXT() REPRESENTATION_CONTEXT('2D SPACE',''
  ) );
#8127 = PCURVE('',#7930,#8128);
#8128 = DEFINITIONAL_REPRESENTATION('',(#8129),#8132);
#8129 = B_SPLINE_CURVE_WITH_KNOTS('',1,(#8130,#8131),.UNSPECIFIED.,.F.,
  .F.,(2,2),(4.,70.0000024),.PIECEWISE_BEZIER_KNOTS.);
#8130 = CARTESIAN_POINT('',(1.403348247575,4.));
#8131 = CARTESIAN_POINT('',(1.403348247575,70.0000024));
#8132 = ( GEOMETRIC_REPRESENTATION_CONTEXT(2) 
PARAMETRIC_REPRESENTATION_CONTEXT() REPRESENTATION_CONTEXT('2D SPACE',''
  ) );
#8133 = ADVANCED_FACE('',(#8134),#7930,.T.);
#8134 = FACE_BOUND('',#8135,.T.);
#8135 = EDGE_LOOP('',(#8136,#8158,#8159,#8160,#8183,#8210,#8211,#8212));
#8136 = ORIENTED_EDGE('',*,*,#8137,.F.);
#8137 = EDGE_CURVE('',#8090,#8069,#8138,.T.);
#8138 = SURFACE_CURVE('',#8139,(#8144,#8151),.PCURVE_S1.);
#8139 = CIRCLE('',#8140,6.);
#8140 = AXIS2_PLACEMENT_3D('',#8141,#8142,#8143);
#8141 = CARTESIAN_POINT('',(6.79E+03,0.,3.34E+03));
#8142 = DIRECTION('',(1.,0.,0.));
#8143 = DIRECTION('',(-0.,0.,1.));
#8144 = PCURVE('',#7930,#8145);
#8145 = DEFINITIONAL_REPRESENTATION('',(#8146),#8150);
#8146 = LINE('',#8147,#8148);
#8147 = CARTESIAN_POINT('',(0.,70.));
#8148 = VECTOR('',#8149,1.);
#8149 = DIRECTION('',(1.,0.));
#8150 = ( GEOMETRIC_REPRESENTATION_CONTEXT(2) 
PARAMETRIC_REPRESENTATION_CONTEXT() REPRESENTATION_CONTEXT('2D SPACE',''
  ) );
#8151 = PCURVE('',#8104,#8152);
#8152 = DEFINITIONAL_REPRESENTATION('',(#8153),#8157);
#8153 = CIRCLE('',#8154,6.);
#8154 = AXIS2_PLACEMENT_2D('',#8155,#8156);
#8155 = CARTESIAN_POINT('',(0.,0.));
#8156 = DIRECTION('',(1.,0.));
#8157 = ( GEOMETRIC_REPRESENTATION_CONTEXT(2) 
PARAMETRIC_REPRESENTATION_CONTEXT() REPRESENTATION_CONTEXT('2D SPACE',''
  ) );
#8158 = ORIENTED_EDGE('',*,*,#8115,.F.);
#8159 = ORIENTED_EDGE('',*,*,#7961,.F.);
#8160 = ORIENTED_EDGE('',*,*,#8161,.F.);
#8161 = EDGE_CURVE('',#8162,#7877,#8164,.T.);
#8162 = VERTEX_POINT('',#8163);
#8163 = CARTESIAN_POINT('',(6.72E+03,1.469576158977E-15,3.346E+03));
#8164 = SEAM_CURVE('',#8165,(#8169,#8176),.PCURVE_S1.);
#8165 = LINE('',#8166,#8167);
#8166 = CARTESIAN_POINT('',(6.72E+03,1.469576158977E-15,3.346E+03));
#8167 = VECTOR('',#8168,1.);
#8168 = DIRECTION('',(1.,0.,0.));
#8169 = PCURVE('',#7930,#8170);
#8170 = DEFINITIONAL_REPRESENTATION('',(#8171),#8175);
#8171 = LINE('',#8172,#8173);
#8172 = CARTESIAN_POINT('',(6.28318530718,-0.));
#8173 = VECTOR('',#8174,1.);
#8174 = DIRECTION('',(0.,1.));
#8175 = ( GEOMETRIC_REPRESENTATION_CONTEXT(2) 
PARAMETRIC_REPRESENTATION_CONTEXT() REPRESENTATION_CONTEXT('2D SPACE',''
  ) );
#8176 = PCURVE('',#7930,#8177);
#8177 = DEFINITIONAL_REPRESENTATION('',(#8178),#8182);
#8178 = LINE('',#8179,#8180);
#8179 = CARTESIAN_POINT('',(0.,-0.));
#8180 = VECTOR('',#8181,1.);
#8181 = DIRECTION('',(0.,1.));
#8182 = ( GEOMETRIC_REPRESENTATION_CONTEXT(2) 
PARAMETRIC_REPRESENTATION_CONTEXT() REPRESENTATION_CONTEXT('2D SPACE',''
  ) );
#8183 = ORIENTED_EDGE('',*,*,#8184,.T.);
#8184 = EDGE_CURVE('',#8162,#8162,#8185,.T.);
#8185 = SURFACE_CURVE('',#8186,(#8191,#8198),.PCURVE_S1.);
#8186 = CIRCLE('',#8187,6.);
#8187 = AXIS2_PLACEMENT_3D('',#8188,#8189,#8190);
#8188 = CARTESIAN_POINT('',(6.72E+03,0.,3.34E+03));
#8189 = DIRECTION('',(1.,0.,0.));
#8190 = DIRECTION('',(-0.,0.,1.));
#8191 = PCURVE('',#7930,#8192);
#8192 = DEFINITIONAL_REPRESENTATION('',(#8193),#8197);
#8193 = LINE('',#8194,#8195);
#8194 = CARTESIAN_POINT('',(0.,0.));
#8195 = VECTOR('',#8196,1.);
#8196 = DIRECTION('',(1.,0.));
#8197 = ( GEOMETRIC_REPRESENTATION_CONTEXT(2) 
PARAMETRIC_REPRESENTATION_CONTEXT() REPRESENTATION_CONTEXT('2D SPACE',''
  ) );
#8198 = PCURVE('',#8199,#8204);
#8199 = PLANE('',#8200);
#8200 = AXIS2_PLACEMENT_3D('',#8201,#8202,#8203);
#8201 = CARTESIAN_POINT('',(6.72E+03,0.,3.34E+03));
#8202 = DIRECTION('',(1.,0.,0.));
#8203 = DIRECTION('',(-0.,0.,1.));
#8204 = DEFINITIONAL_REPRESENTATION('',(#8205),#8209);
#8205 = CIRCLE('',#8206,6.);
#8206 = AXIS2_PLACEMENT_2D('',#8207,#8208);
#8207 = CARTESIAN_POINT('',(0.,0.));
#8208 = DIRECTION('',(1.,0.));
#8209 = ( GEOMETRIC_REPRESENTATION_CONTEXT(2) 
PARAMETRIC_REPRESENTATION_CONTEXT() REPRESENTATION_CONTEXT('2D SPACE',''
  ) );
#8210 = ORIENTED_EDGE('',*,*,#8161,.T.);
#8211 = ORIENTED_EDGE('',*,*,#7876,.F.);
#8212 = ORIENTED_EDGE('',*,*,#8068,.T.);
#8213 = ADVANCED_FACE('',(#8214),#7834,.T.);
#8214 = FACE_BOUND('',#8215,.T.);
#8215 = EDGE_LOOP('',(#8216));
#8216 = ORIENTED_EDGE('',*,*,#7819,.T.);
#8217 = ADVANCED_FACE('',(#8218),#8104,.T.);
#8218 = FACE_BOUND('',#8219,.T.);
#8219 = EDGE_LOOP('',(#8220,#8221));
#8220 = ORIENTED_EDGE('',*,*,#8089,.F.);
#8221 = ORIENTED_EDGE('',*,*,#8137,.T.);
#8222 = ADVANCED_FACE('',(#8223),#8199,.F.);
#8223 = FACE_BOUND('',#8224,.T.);
#8224 = EDGE_LOOP('',(#8225));
#8225 = ORIENTED_EDGE('',*,*,#8184,.F.);
#8226 = MANIFOLD_SOLID_BREP('',#8227);
#8227 = CLOSED_SHELL('',(#8228,#8316,#8320));
#8228 = ADVANCED_FACE('',(#8229),#8242,.T.);
#8229 = FACE_BOUND('',#8230,.T.);
#8230 = EDGE_LOOP('',(#8231,#8265,#8288,#8315));
#8231 = ORIENTED_EDGE('',*,*,#8232,.F.);
#8232 = EDGE_CURVE('',#8233,#8233,#8235,.T.);
#8233 = VERTEX_POINT('',#8234);
#8234 = CARTESIAN_POINT('',(6.845E+03,-1.347111479062E-14,3.303E+03));
#8235 = SURFACE_CURVE('',#8236,(#8241,#8253),.PCURVE_S1.);
#8236 = CIRCLE('',#8237,55.);
#8237 = AXIS2_PLACEMENT_3D('',#8238,#8239,#8240);
#8238 = CARTESIAN_POINT('',(6.79E+03,0.,3.303E+03));
#8239 = DIRECTION('',(0.,0.,1.));
#8240 = DIRECTION('',(1.,0.,-0.));
#8241 = PCURVE('',#8242,#8247);
#8242 = CYLINDRICAL_SURFACE('',#8243,55.);
#8243 = AXIS2_PLACEMENT_3D('',#8244,#8245,#8246);
#8244 = CARTESIAN_POINT('',(6.79E+03,0.,3.297E+03));
#8245 = DIRECTION('',(0.,0.,1.));
#8246 = DIRECTION('',(1.,0.,-0.));
#8247 = DEFINITIONAL_REPRESENTATION('',(#8248),#8252);
#8248 = LINE('',#8249,#8250);
#8249 = CARTESIAN_POINT('',(0.,6.));
#8250 = VECTOR('',#8251,1.);
#8251 = DIRECTION('',(1.,0.));
#8252 = ( GEOMETRIC_REPRESENTATION_CONTEXT(2) 
PARAMETRIC_REPRESENTATION_CONTEXT() REPRESENTATION_CONTEXT('2D SPACE',''
  ) );
#8253 = PCURVE('',#8254,#8259);
#8254 = PLANE('',#8255);
#8255 = AXIS2_PLACEMENT_3D('',#8256,#8257,#8258);
#8256 = CARTESIAN_POINT('',(6.79E+03,0.,3.303E+03));
#8257 = DIRECTION('',(0.,0.,1.));
#8258 = DIRECTION('',(1.,0.,-0.));
#8259 = DEFINITIONAL_REPRESENTATION('',(#8260),#8264);
#8260 = CIRCLE('',#8261,55.);
#8261 = AXIS2_PLACEMENT_2D('',#8262,#8263);
#8262 = CARTESIAN_POINT('',(0.,0.));
#8263 = DIRECTION('',(1.,0.));
#8264 = ( GEOMETRIC_REPRESENTATION_CONTEXT(2) 
PARAMETRIC_REPRESENTATION_CONTEXT() REPRESENTATION_CONTEXT('2D SPACE',''
  ) );
#8265 = ORIENTED_EDGE('',*,*,#8266,.F.);
#8266 = EDGE_CURVE('',#8267,#8233,#8269,.T.);
#8267 = VERTEX_POINT('',#8268);
#8268 = CARTESIAN_POINT('',(6.845E+03,-1.347111479062E-14,3.297E+03));
#8269 = SEAM_CURVE('',#8270,(#8274,#8281),.PCURVE_S1.);
#8270 = LINE('',#8271,#8272);
#8271 = CARTESIAN_POINT('',(6.845E+03,-1.347111479062E-14,3.297E+03));
#8272 = VECTOR('',#8273,1.);
#8273 = DIRECTION('',(0.,0.,1.));
#8274 = PCURVE('',#8242,#8275);
#8275 = DEFINITIONAL_REPRESENTATION('',(#8276),#8280);
#8276 = LINE('',#8277,#8278);
#8277 = CARTESIAN_POINT('',(6.28318530718,-0.));
#8278 = VECTOR('',#8279,1.);
#8279 = DIRECTION('',(0.,1.));
#8280 = ( GEOMETRIC_REPRESENTATION_CONTEXT(2) 
PARAMETRIC_REPRESENTATION_CONTEXT() REPRESENTATION_CONTEXT('2D SPACE',''
  ) );
#8281 = PCURVE('',#8242,#8282);
#8282 = DEFINITIONAL_REPRESENTATION('',(#8283),#8287);
#8283 = LINE('',#8284,#8285);
#8284 = CARTESIAN_POINT('',(0.,-0.));
#8285 = VECTOR('',#8286,1.);
#8286 = DIRECTION('',(0.,1.));
#8287 = ( GEOMETRIC_REPRESENTATION_CONTEXT(2) 
PARAMETRIC_REPRESENTATION_CONTEXT() REPRESENTATION_CONTEXT('2D SPACE',''
  ) );
#8288 = ORIENTED_EDGE('',*,*,#8289,.T.);
#8289 = EDGE_CURVE('',#8267,#8267,#8290,.T.);
#8290 = SURFACE_CURVE('',#8291,(#8296,#8303),.PCURVE_S1.);
#8291 = CIRCLE('',#8292,55.);
#8292 = AXIS2_PLACEMENT_3D('',#8293,#8294,#8295);
#8293 = CARTESIAN_POINT('',(6.79E+03,0.,3.297E+03));
#8294 = DIRECTION('',(0.,0.,1.));
#8295 = DIRECTION('',(1.,0.,-0.));
#8296 = PCURVE('',#8242,#8297);
#8297 = DEFINITIONAL_REPRESENTATION('',(#8298),#8302);
#8298 = LINE('',#8299,#8300);
#8299 = CARTESIAN_POINT('',(0.,0.));
#8300 = VECTOR('',#8301,1.);
#8301 = DIRECTION('',(1.,0.));
#8302 = ( GEOMETRIC_REPRESENTATION_CONTEXT(2) 
PARAMETRIC_REPRESENTATION_CONTEXT() REPRESENTATION_CONTEXT('2D SPACE',''
  ) );
#8303 = PCURVE('',#8304,#8309);
#8304 = PLANE('',#8305);
#8305 = AXIS2_PLACEMENT_3D('',#8306,#8307,#8308);
#8306 = CARTESIAN_POINT('',(6.79E+03,0.,3.297E+03));
#8307 = DIRECTION('',(0.,0.,1.));
#8308 = DIRECTION('',(1.,0.,-0.));
#8309 = DEFINITIONAL_REPRESENTATION('',(#8310),#8314);
#8310 = CIRCLE('',#8311,55.);
#8311 = AXIS2_PLACEMENT_2D('',#8312,#8313);
#8312 = CARTESIAN_POINT('',(0.,0.));
#8313 = DIRECTION('',(1.,0.));
#8314 = ( GEOMETRIC_REPRESENTATION_CONTEXT(2) 
PARAMETRIC_REPRESENTATION_CONTEXT() REPRESENTATION_CONTEXT('2D SPACE',''
  ) );
#8315 = ORIENTED_EDGE('',*,*,#8266,.T.);
#8316 = ADVANCED_FACE('',(#8317),#8254,.T.);
#8317 = FACE_BOUND('',#8318,.T.);
#8318 = EDGE_LOOP('',(#8319));
#8319 = ORIENTED_EDGE('',*,*,#8232,.T.);
#8320 = ADVANCED_FACE('',(#8321),#8304,.F.);
#8321 = FACE_BOUND('',#8322,.T.);
#8322 = EDGE_LOOP('',(#8323));
#8323 = ORIENTED_EDGE('',*,*,#8289,.F.);
#8324 = MANIFOLD_SOLID_BREP('',#8325);
#8325 = CLOSED_SHELL('',(#8326,#8414,#8418));
#8326 = ADVANCED_FACE('',(#8327),#8340,.T.);
#8327 = FACE_BOUND('',#8328,.T.);
#8328 = EDGE_LOOP('',(#8329,#8363,#8386,#8413));
#8329 = ORIENTED_EDGE('',*,*,#8330,.F.);
#8330 = EDGE_CURVE('',#8331,#8331,#8333,.T.);
#8331 = VERTEX_POINT('',#8332);
#8332 = CARTESIAN_POINT('',(6.845E+03,-1.347111479062E-14,3.325E+03));
#8333 = SURFACE_CURVE('',#8334,(#8339,#8351),.PCURVE_S1.);
#8334 = CIRCLE('',#8335,55.);
#8335 = AXIS2_PLACEMENT_3D('',#8336,#8337,#8338);
#8336 = CARTESIAN_POINT('',(6.79E+03,0.,3.325E+03));
#8337 = DIRECTION('',(0.,0.,1.));
#8338 = DIRECTION('',(1.,0.,-0.));
#8339 = PCURVE('',#8340,#8345);
#8340 = CYLINDRICAL_SURFACE('',#8341,55.);
#8341 = AXIS2_PLACEMENT_3D('',#8342,#8343,#8344);
#8342 = CARTESIAN_POINT('',(6.79E+03,0.,3.319E+03));
#8343 = DIRECTION('',(0.,0.,1.));
#8344 = DIRECTION('',(1.,0.,-0.));
#8345 = DEFINITIONAL_REPRESENTATION('',(#8346),#8350);
#8346 = LINE('',#8347,#8348);
#8347 = CARTESIAN_POINT('',(0.,6.));
#8348 = VECTOR('',#8349,1.);
#8349 = DIRECTION('',(1.,0.));
#8350 = ( GEOMETRIC_REPRESENTATION_CONTEXT(2) 
PARAMETRIC_REPRESENTATION_CONTEXT() REPRESENTATION_CONTEXT('2D SPACE',''
  ) );
#8351 = PCURVE('',#8352,#8357);
#8352 = PLANE('',#8353);
#8353 = AXIS2_PLACEMENT_3D('',#8354,#8355,#8356);
#8354 = CARTESIAN_POINT('',(6.79E+03,0.,3.325E+03));
#8355 = DIRECTION('',(0.,0.,1.));
#8356 = DIRECTION('',(1.,0.,-0.));
#8357 = DEFINITIONAL_REPRESENTATION('',(#8358),#8362);
#8358 = CIRCLE('',#8359,55.);
#8359 = AXIS2_PLACEMENT_2D('',#8360,#8361);
#8360 = CARTESIAN_POINT('',(0.,0.));
#8361 = DIRECTION('',(1.,0.));
#8362 = ( GEOMETRIC_REPRESENTATION_CONTEXT(2) 
PARAMETRIC_REPRESENTATION_CONTEXT() REPRESENTATION_CONTEXT('2D SPACE',''
  ) );
#8363 = ORIENTED_EDGE('',*,*,#8364,.F.);
#8364 = EDGE_CURVE('',#8365,#8331,#8367,.T.);
#8365 = VERTEX_POINT('',#8366);
#8366 = CARTESIAN_POINT('',(6.845E+03,-1.347111479062E-14,3.319E+03));
#8367 = SEAM_CURVE('',#8368,(#8372,#8379),.PCURVE_S1.);
#8368 = LINE('',#8369,#8370);
#8369 = CARTESIAN_POINT('',(6.845E+03,-1.347111479062E-14,3.319E+03));
#8370 = VECTOR('',#8371,1.);
#8371 = DIRECTION('',(0.,0.,1.));
#8372 = PCURVE('',#8340,#8373);
#8373 = DEFINITIONAL_REPRESENTATION('',(#8374),#8378);
#8374 = LINE('',#8375,#8376);
#8375 = CARTESIAN_POINT('',(6.28318530718,-0.));
#8376 = VECTOR('',#8377,1.);
#8377 = DIRECTION('',(0.,1.));
#8378 = ( GEOMETRIC_REPRESENTATION_CONTEXT(2) 
PARAMETRIC_REPRESENTATION_CONTEXT() REPRESENTATION_CONTEXT('2D SPACE',''
  ) );
#8379 = PCURVE('',#8340,#8380);
#8380 = DEFINITIONAL_REPRESENTATION('',(#8381),#8385);
#8381 = LINE('',#8382,#8383);
#8382 = CARTESIAN_POINT('',(0.,-0.));
#8383 = VECTOR('',#8384,1.);
#8384 = DIRECTION('',(0.,1.));
#8385 = ( GEOMETRIC_REPRESENTATION_CONTEXT(2) 
PARAMETRIC_REPRESENTATION_CONTEXT() REPRESENTATION_CONTEXT('2D SPACE',''
  ) );
#8386 = ORIENTED_EDGE('',*,*,#8387,.T.);
#8387 = EDGE_CURVE('',#8365,#8365,#8388,.T.);
#8388 = SURFACE_CURVE('',#8389,(#8394,#8401),.PCURVE_S1.);
#8389 = CIRCLE('',#8390,55.);
#8390 = AXIS2_PLACEMENT_3D('',#8391,#8392,#8393);
#8391 = CARTESIAN_POINT('',(6.79E+03,0.,3.319E+03));
#8392 = DIRECTION('',(0.,0.,1.));
#8393 = DIRECTION('',(1.,0.,-0.));
#8394 = PCURVE('',#8340,#8395);
#8395 = DEFINITIONAL_REPRESENTATION('',(#8396),#8400);
#8396 = LINE('',#8397,#8398);
#8397 = CARTESIAN_POINT('',(0.,0.));
#8398 = VECTOR('',#8399,1.);
#8399 = DIRECTION('',(1.,0.));
#8400 = ( GEOMETRIC_REPRESENTATION_CONTEXT(2) 
PARAMETRIC_REPRESENTATION_CONTEXT() REPRESENTATION_CONTEXT('2D SPACE',''
  ) );
#8401 = PCURVE('',#8402,#8407);
#8402 = PLANE('',#8403);
#8403 = AXIS2_PLACEMENT_3D('',#8404,#8405,#8406);
#8404 = CARTESIAN_POINT('',(6.79E+03,0.,3.319E+03));
#8405 = DIRECTION('',(0.,0.,1.));
#8406 = DIRECTION('',(1.,0.,-0.));
#8407 = DEFINITIONAL_REPRESENTATION('',(#8408),#8412);
#8408 = CIRCLE('',#8409,55.);
#8409 = AXIS2_PLACEMENT_2D('',#8410,#8411);
#8410 = CARTESIAN_POINT('',(0.,0.));
#8411 = DIRECTION('',(1.,0.));
#8412 = ( GEOMETRIC_REPRESENTATION_CONTEXT(2) 
PARAMETRIC_REPRESENTATION_CONTEXT() REPRESENTATION_CONTEXT('2D SPACE',''
  ) );
#8413 = ORIENTED_EDGE('',*,*,#8364,.T.);
#8414 = ADVANCED_FACE('',(#8415),#8352,.T.);
#8415 = FACE_BOUND('',#8416,.T.);
#8416 = EDGE_LOOP('',(#8417));
#8417 = ORIENTED_EDGE('',*,*,#8330,.T.);
#8418 = ADVANCED_FACE('',(#8419),#8402,.F.);
#8419 = FACE_BOUND('',#8420,.T.);
#8420 = EDGE_LOOP('',(#8421));
#8421 = ORIENTED_EDGE('',*,*,#8387,.F.);
#8422 = MANIFOLD_SOLID_BREP('',#8423);
#8423 = CLOSED_SHELL('',(#8424,#8512,#8516));
#8424 = ADVANCED_FACE('',(#8425),#8438,.T.);
#8425 = FACE_BOUND('',#8426,.T.);
#8426 = EDGE_LOOP('',(#8427,#8461,#8484,#8511));
#8427 = ORIENTED_EDGE('',*,*,#8428,.F.);
#8428 = EDGE_CURVE('',#8429,#8429,#8431,.T.);
#8429 = VERTEX_POINT('',#8430);
#8430 = CARTESIAN_POINT('',(6.845E+03,-1.347111479062E-14,3.369E+03));
#8431 = SURFACE_CURVE('',#8432,(#8437,#8449),.PCURVE_S1.);
#8432 = CIRCLE('',#8433,55.);
#8433 = AXIS2_PLACEMENT_3D('',#8434,#8435,#8436);
#8434 = CARTESIAN_POINT('',(6.79E+03,0.,3.369E+03));
#8435 = DIRECTION('',(0.,0.,1.));
#8436 = DIRECTION('',(1.,0.,-0.));
#8437 = PCURVE('',#8438,#8443);
#8438 = CYLINDRICAL_SURFACE('',#8439,55.);
#8439 = AXIS2_PLACEMENT_3D('',#8440,#8441,#8442);
#8440 = CARTESIAN_POINT('',(6.79E+03,0.,3.363E+03));
#8441 = DIRECTION('',(0.,0.,1.));
#8442 = DIRECTION('',(1.,0.,-0.));
#8443 = DEFINITIONAL_REPRESENTATION('',(#8444),#8448);
#8444 = LINE('',#8445,#8446);
#8445 = CARTESIAN_POINT('',(0.,6.));
#8446 = VECTOR('',#8447,1.);
#8447 = DIRECTION('',(1.,0.));
#8448 = ( GEOMETRIC_REPRESENTATION_CONTEXT(2) 
PARAMETRIC_REPRESENTATION_CONTEXT() REPRESENTATION_CONTEXT('2D SPACE',''
  ) );
#8449 = PCURVE('',#8450,#8455);
#8450 = PLANE('',#8451);
#8451 = AXIS2_PLACEMENT_3D('',#8452,#8453,#8454);
#8452 = CARTESIAN_POINT('',(6.79E+03,0.,3.369E+03));
#8453 = DIRECTION('',(0.,0.,1.));
#8454 = DIRECTION('',(1.,0.,-0.));
#8455 = DEFINITIONAL_REPRESENTATION('',(#8456),#8460);
#8456 = CIRCLE('',#8457,55.);
#8457 = AXIS2_PLACEMENT_2D('',#8458,#8459);
#8458 = CARTESIAN_POINT('',(0.,0.));
#8459 = DIRECTION('',(1.,0.));
#8460 = ( GEOMETRIC_REPRESENTATION_CONTEXT(2) 
PARAMETRIC_REPRESENTATION_CONTEXT() REPRESENTATION_CONTEXT('2D SPACE',''
  ) );
#8461 = ORIENTED_EDGE('',*,*,#8462,.F.);
#8462 = EDGE_CURVE('',#8463,#8429,#8465,.T.);
#8463 = VERTEX_POINT('',#8464);
#8464 = CARTESIAN_POINT('',(6.845E+03,-1.347111479062E-14,3.363E+03));
#8465 = SEAM_CURVE('',#8466,(#8470,#8477),.PCURVE_S1.);
#8466 = LINE('',#8467,#8468);
#8467 = CARTESIAN_POINT('',(6.845E+03,-1.347111479062E-14,3.363E+03));
#8468 = VECTOR('',#8469,1.);
#8469 = DIRECTION('',(0.,0.,1.));
#8470 = PCURVE('',#8438,#8471);
#8471 = DEFINITIONAL_REPRESENTATION('',(#8472),#8476);
#8472 = LINE('',#8473,#8474);
#8473 = CARTESIAN_POINT('',(6.28318530718,-0.));
#8474 = VECTOR('',#8475,1.);
#8475 = DIRECTION('',(0.,1.));
#8476 = ( GEOMETRIC_REPRESENTATION_CONTEXT(2) 
PARAMETRIC_REPRESENTATION_CONTEXT() REPRESENTATION_CONTEXT('2D SPACE',''
  ) );
#8477 = PCURVE('',#8438,#8478);
#8478 = DEFINITIONAL_REPRESENTATION('',(#8479),#8483);
#8479 = LINE('',#8480,#8481);
#8480 = CARTESIAN_POINT('',(0.,-0.));
#8481 = VECTOR('',#8482,1.);
#8482 = DIRECTION('',(0.,1.));
#8483 = ( GEOMETRIC_REPRESENTATION_CONTEXT(2) 
PARAMETRIC_REPRESENTATION_CONTEXT() REPRESENTATION_CONTEXT('2D SPACE',''
  ) );
#8484 = ORIENTED_EDGE('',*,*,#8485,.T.);
#8485 = EDGE_CURVE('',#8463,#8463,#8486,.T.);
#8486 = SURFACE_CURVE('',#8487,(#8492,#8499),.PCURVE_S1.);
#8487 = CIRCLE('',#8488,55.);
#8488 = AXIS2_PLACEMENT_3D('',#8489,#8490,#8491);
#8489 = CARTESIAN_POINT('',(6.79E+03,0.,3.363E+03));
#8490 = DIRECTION('',(0.,0.,1.));
#8491 = DIRECTION('',(1.,0.,-0.));
#8492 = PCURVE('',#8438,#8493);
#8493 = DEFINITIONAL_REPRESENTATION('',(#8494),#8498);
#8494 = LINE('',#8495,#8496);
#8495 = CARTESIAN_POINT('',(0.,0.));
#8496 = VECTOR('',#8497,1.);
#8497 = DIRECTION('',(1.,0.));
#8498 = ( GEOMETRIC_REPRESENTATION_CONTEXT(2) 
PARAMETRIC_REPRESENTATION_CONTEXT() REPRESENTATION_CONTEXT('2D SPACE',''
  ) );
#8499 = PCURVE('',#8500,#8505);
#8500 = PLANE('',#8501);
#8501 = AXIS2_PLACEMENT_3D('',#8502,#8503,#8504);
#8502 = CARTESIAN_POINT('',(6.79E+03,0.,3.363E+03));
#8503 = DIRECTION('',(0.,0.,1.));
#8504 = DIRECTION('',(1.,0.,-0.));
#8505 = DEFINITIONAL_REPRESENTATION('',(#8506),#8510);
#8506 = CIRCLE('',#8507,55.);
#8507 = AXIS2_PLACEMENT_2D('',#8508,#8509);
#8508 = CARTESIAN_POINT('',(0.,0.));
#8509 = DIRECTION('',(1.,0.));
#8510 = ( GEOMETRIC_REPRESENTATION_CONTEXT(2) 
PARAMETRIC_REPRESENTATION_CONTEXT() REPRESENTATION_CONTEXT('2D SPACE',''
  ) );
#8511 = ORIENTED_EDGE('',*,*,#8462,.T.);
#8512 = ADVANCED_FACE('',(#8513),#8450,.T.);
#8513 = FACE_BOUND('',#8514,.T.);
#8514 = EDGE_LOOP('',(#8515));
#8515 = ORIENTED_EDGE('',*,*,#8428,.T.);
#8516 = ADVANCED_FACE('',(#8517),#8500,.F.);
#8517 = FACE_BOUND('',#8518,.T.);
#8518 = EDGE_LOOP('',(#8519));
#8519 = ORIENTED_EDGE('',*,*,#8485,.F.);
#8520 = MANIFOLD_SOLID_BREP('',#8521);
#8521 = CLOSED_SHELL('',(#8522,#8610,#8614));
#8522 = ADVANCED_FACE('',(#8523),#8536,.T.);
#8523 = FACE_BOUND('',#8524,.T.);
#8524 = EDGE_LOOP('',(#8525,#8559,#8582,#8609));
#8525 = ORIENTED_EDGE('',*,*,#8526,.F.);
#8526 = EDGE_CURVE('',#8527,#8527,#8529,.T.);
#8527 = VERTEX_POINT('',#8528);
#8528 = CARTESIAN_POINT('',(6.845E+03,-1.347111479062E-14,3.391E+03));
#8529 = SURFACE_CURVE('',#8530,(#8535,#8547),.PCURVE_S1.);
#8530 = CIRCLE('',#8531,55.);
#8531 = AXIS2_PLACEMENT_3D('',#8532,#8533,#8534);
#8532 = CARTESIAN_POINT('',(6.79E+03,0.,3.391E+03));
#8533 = DIRECTION('',(0.,0.,1.));
#8534 = DIRECTION('',(1.,0.,-0.));
#8535 = PCURVE('',#8536,#8541);
#8536 = CYLINDRICAL_SURFACE('',#8537,55.);
#8537 = AXIS2_PLACEMENT_3D('',#8538,#8539,#8540);
#8538 = CARTESIAN_POINT('',(6.79E+03,0.,3.385E+03));
#8539 = DIRECTION('',(0.,0.,1.));
#8540 = DIRECTION('',(1.,0.,-0.));
#8541 = DEFINITIONAL_REPRESENTATION('',(#8542),#8546);
#8542 = LINE('',#8543,#8544);
#8543 = CARTESIAN_POINT('',(0.,6.));
#8544 = VECTOR('',#8545,1.);
#8545 = DIRECTION('',(1.,0.));
#8546 = ( GEOMETRIC_REPRESENTATION_CONTEXT(2) 
PARAMETRIC_REPRESENTATION_CONTEXT() REPRESENTATION_CONTEXT('2D SPACE',''
  ) );
#8547 = PCURVE('',#8548,#8553);
#8548 = PLANE('',#8549);
#8549 = AXIS2_PLACEMENT_3D('',#8550,#8551,#8552);
#8550 = CARTESIAN_POINT('',(6.79E+03,0.,3.391E+03));
#8551 = DIRECTION('',(0.,0.,1.));
#8552 = DIRECTION('',(1.,0.,-0.));
#8553 = DEFINITIONAL_REPRESENTATION('',(#8554),#8558);
#8554 = CIRCLE('',#8555,55.);
#8555 = AXIS2_PLACEMENT_2D('',#8556,#8557);
#8556 = CARTESIAN_POINT('',(0.,0.));
#8557 = DIRECTION('',(1.,0.));
#8558 = ( GEOMETRIC_REPRESENTATION_CONTEXT(2) 
PARAMETRIC_REPRESENTATION_CONTEXT() REPRESENTATION_CONTEXT('2D SPACE',''
  ) );
#8559 = ORIENTED_EDGE('',*,*,#8560,.F.);
#8560 = EDGE_CURVE('',#8561,#8527,#8563,.T.);
#8561 = VERTEX_POINT('',#8562);
#8562 = CARTESIAN_POINT('',(6.845E+03,-1.347111479062E-14,3.385E+03));
#8563 = SEAM_CURVE('',#8564,(#8568,#8575),.PCURVE_S1.);
#8564 = LINE('',#8565,#8566);
#8565 = CARTESIAN_POINT('',(6.845E+03,-1.347111479062E-14,3.385E+03));
#8566 = VECTOR('',#8567,1.);
#8567 = DIRECTION('',(0.,0.,1.));
#8568 = PCURVE('',#8536,#8569);
#8569 = DEFINITIONAL_REPRESENTATION('',(#8570),#8574);
#8570 = LINE('',#8571,#8572);
#8571 = CARTESIAN_POINT('',(6.28318530718,-0.));
#8572 = VECTOR('',#8573,1.);
#8573 = DIRECTION('',(0.,1.));
#8574 = ( GEOMETRIC_REPRESENTATION_CONTEXT(2) 
PARAMETRIC_REPRESENTATION_CONTEXT() REPRESENTATION_CONTEXT('2D SPACE',''
  ) );
#8575 = PCURVE('',#8536,#8576);
#8576 = DEFINITIONAL_REPRESENTATION('',(#8577),#8581);
#8577 = LINE('',#8578,#8579);
#8578 = CARTESIAN_POINT('',(0.,-0.));
#8579 = VECTOR('',#8580,1.);
#8580 = DIRECTION('',(0.,1.));
#8581 = ( GEOMETRIC_REPRESENTATION_CONTEXT(2) 
PARAMETRIC_REPRESENTATION_CONTEXT() REPRESENTATION_CONTEXT('2D SPACE',''
  ) );
#8582 = ORIENTED_EDGE('',*,*,#8583,.T.);
#8583 = EDGE_CURVE('',#8561,#8561,#8584,.T.);
#8584 = SURFACE_CURVE('',#8585,(#8590,#8597),.PCURVE_S1.);
#8585 = CIRCLE('',#8586,55.);
#8586 = AXIS2_PLACEMENT_3D('',#8587,#8588,#8589);
#8587 = CARTESIAN_POINT('',(6.79E+03,0.,3.385E+03));
#8588 = DIRECTION('',(0.,0.,1.));
#8589 = DIRECTION('',(1.,0.,-0.));
#8590 = PCURVE('',#8536,#8591);
#8591 = DEFINITIONAL_REPRESENTATION('',(#8592),#8596);
#8592 = LINE('',#8593,#8594);
#8593 = CARTESIAN_POINT('',(0.,0.));
#8594 = VECTOR('',#8595,1.);
#8595 = DIRECTION('',(1.,0.));
#8596 = ( GEOMETRIC_REPRESENTATION_CONTEXT(2) 
PARAMETRIC_REPRESENTATION_CONTEXT() REPRESENTATION_CONTEXT('2D SPACE',''
  ) );
#8597 = PCURVE('',#8598,#8603);
#8598 = PLANE('',#8599);
#8599 = AXIS2_PLACEMENT_3D('',#8600,#8601,#8602);
#8600 = CARTESIAN_POINT('',(6.79E+03,0.,3.385E+03));
#8601 = DIRECTION('',(0.,0.,1.));
#8602 = DIRECTION('',(1.,0.,-0.));
#8603 = DEFINITIONAL_REPRESENTATION('',(#8604),#8608);
#8604 = CIRCLE('',#8605,55.);
#8605 = AXIS2_PLACEMENT_2D('',#8606,#8607);
#8606 = CARTESIAN_POINT('',(0.,0.));
#8607 = DIRECTION('',(1.,0.));
#8608 = ( GEOMETRIC_REPRESENTATION_CONTEXT(2) 
PARAMETRIC_REPRESENTATION_CONTEXT() REPRESENTATION_CONTEXT('2D SPACE',''
  ) );
#8609 = ORIENTED_EDGE('',*,*,#8560,.T.);
#8610 = ADVANCED_FACE('',(#8611),#8548,.T.);
#8611 = FACE_BOUND('',#8612,.T.);
#8612 = EDGE_LOOP('',(#8613));
#8613 = ORIENTED_EDGE('',*,*,#8526,.T.);
#8614 = ADVANCED_FACE('',(#8615),#8598,.F.);
#8615 = FACE_BOUND('',#8616,.T.);
#8616 = EDGE_LOOP('',(#8617));
#8617 = ORIENTED_EDGE('',*,*,#8583,.F.);
#8618 = ( GEOMETRIC_REPRESENTATION_CONTEXT(3) 
GLOBAL_UNCERTAINTY_ASSIGNED_CONTEXT((#8622)) 
GLOBAL_UNIT_ASSIGNED_CONTEXT((#8619,#8620,#8621)) REPRESENTATION_CONTEXT
('Context #1','3D Context with UNIT and UNCERTAINTY') );
#8619 = ( LENGTH_UNIT() NAMED_UNIT(*) SI_UNIT(.MILLI.,.METRE.) );
#8620 = ( NAMED_UNIT(*) PLANE_ANGLE_UNIT() SI_UNIT($,.RADIAN.) );
#8621 = ( NAMED_UNIT(*) SI_UNIT($,.STERADIAN.) SOLID_ANGLE_UNIT() );
#8622 = UNCERTAINTY_MEASURE_WITH_UNIT(LENGTH_MEASURE(2.E-07),#8619,
  'distance_accuracy_value','confusion accuracy');
#8623 = CONTEXT_DEPENDENT_SHAPE_REPRESENTATION(#8624,#8626);
#8624 = ( REPRESENTATION_RELATIONSHIP('','',#7782,#10) 
REPRESENTATION_RELATIONSHIP_WITH_TRANSFORMATION(#8625) 
SHAPE_REPRESENTATION_RELATIONSHIP() );
#8625 = ITEM_DEFINED_TRANSFORMATION('','',#11,#31);
#8626 = PRODUCT_DEFINITION_SHAPE('Placement','Placement of an item',
  #8627);
#8627 = NEXT_ASSEMBLY_USAGE_OCCURRENCE('20','=>[0:1:1:6]','',#5,#7777,$
  );
#8628 = PRODUCT_RELATED_PRODUCT_CATEGORY('part',$,(#7779));
#8629 = SHAPE_DEFINITION_REPRESENTATION(#8630,#8636);
#8630 = PRODUCT_DEFINITION_SHAPE('','',#8631);
#8631 = PRODUCT_DEFINITION('design','',#8632,#8635);
#8632 = PRODUCT_DEFINITION_FORMATION('','',#8633);
#8633 = PRODUCT('COMPOUND','COMPOUND','',(#8634));
#8634 = PRODUCT_CONTEXT('',#2,'mechanical');
#8635 = PRODUCT_DEFINITION_CONTEXT('part definition',#2,'design');
#8636 = SHAPE_REPRESENTATION('',(#11,#8637,#8967),#9065);
#8637 = MANIFOLD_SOLID_BREP('',#8638);
#8638 = CLOSED_SHELL('',(#8639,#8759,#8859,#8906,#8953,#8960));
#8639 = ADVANCED_FACE('',(#8640),#8654,.F.);
#8640 = FACE_BOUND('',#8641,.F.);
#8641 = EDGE_LOOP('',(#8642,#8677,#8705,#8733));
#8642 = ORIENTED_EDGE('',*,*,#8643,.F.);
#8643 = EDGE_CURVE('',#8644,#8646,#8648,.T.);
#8644 = VERTEX_POINT('',#8645);
#8645 = CARTESIAN_POINT('',(6.525E+03,-296.1665222413,3.680610173055E+03
    ));
#8646 = VERTEX_POINT('',#8647);
#8647 = CARTESIAN_POINT('',(6.525E+03,-280.6101730552,3.696166522241E+03
    ));
#8648 = SURFACE_CURVE('',#8649,(#8653,#8665),.PCURVE_S1.);
#8649 = LINE('',#8650,#8651);
#8650 = CARTESIAN_POINT('',(6.525E+03,-296.1665222413,3.680610173055E+03
    ));
#8651 = VECTOR('',#8652,1.);
#8652 = DIRECTION('',(0.,0.707106781187,0.707106781187));
#8653 = PCURVE('',#8654,#8659);
#8654 = PLANE('',#8655);
#8655 = AXIS2_PLACEMENT_3D('',#8656,#8657,#8658);
#8656 = CARTESIAN_POINT('',(6.525E+03,-296.1665222413,3.680610173055E+03
    ));
#8657 = DIRECTION('',(1.,0.,-0.));
#8658 = DIRECTION('',(0.,0.707106781187,0.707106781187));
#8659 = DEFINITIONAL_REPRESENTATION('',(#8660),#8664);
#8660 = LINE('',#8661,#8662);
#8661 = CARTESIAN_POINT('',(0.,0.));
#8662 = VECTOR('',#8663,1.);
#8663 = DIRECTION('',(1.,0.));
#8664 = ( GEOMETRIC_REPRESENTATION_CONTEXT(2) 
PARAMETRIC_REPRESENTATION_CONTEXT() REPRESENTATION_CONTEXT('2D SPACE',''
  ) );
#8665 = PCURVE('',#8666,#8671);
#8666 = PLANE('',#8667);
#8667 = AXIS2_PLACEMENT_3D('',#8668,#8669,#8670);
#8668 = CARTESIAN_POINT('',(6.525E+03,-296.1665222413,3.680610173055E+03
    ));
#8669 = DIRECTION('',(0.,0.707106781187,-0.707106781187));
#8670 = DIRECTION('',(0.,0.707106781187,0.707106781187));
#8671 = DEFINITIONAL_REPRESENTATION('',(#8672),#8676);
#8672 = LINE('',#8673,#8674);
#8673 = CARTESIAN_POINT('',(0.,0.));
#8674 = VECTOR('',#8675,1.);
#8675 = DIRECTION('',(1.,0.));
#8676 = ( GEOMETRIC_REPRESENTATION_CONTEXT(2) 
PARAMETRIC_REPRESENTATION_CONTEXT() REPRESENTATION_CONTEXT('2D SPACE',''
  ) );
#8677 = ORIENTED_EDGE('',*,*,#8678,.T.);
#8678 = EDGE_CURVE('',#8644,#8679,#8681,.T.);
#8679 = VERTEX_POINT('',#8680);
#8680 = CARTESIAN_POINT('',(6.525E+03,-119.3898269447,3.503833477759E+03
    ));
#8681 = SURFACE_CURVE('',#8682,(#8686,#8693),.PCURVE_S1.);
#8682 = LINE('',#8683,#8684);
#8683 = CARTESIAN_POINT('',(6.525E+03,-296.1665222413,3.680610173055E+03
    ));
#8684 = VECTOR('',#8685,1.);
#8685 = DIRECTION('',(0.,0.707106781187,-0.707106781187));
#8686 = PCURVE('',#8654,#8687);
#8687 = DEFINITIONAL_REPRESENTATION('',(#8688),#8692);
#8688 = LINE('',#8689,#8690);
#8689 = CARTESIAN_POINT('',(0.,0.));
#8690 = VECTOR('',#8691,1.);
#8691 = DIRECTION('',(0.,-1.));
#8692 = ( GEOMETRIC_REPRESENTATION_CONTEXT(2) 
PARAMETRIC_REPRESENTATION_CONTEXT() REPRESENTATION_CONTEXT('2D SPACE',''
  ) );
#8693 = PCURVE('',#8694,#8699);
#8694 = PLANE('',#8695);
#8695 = AXIS2_PLACEMENT_3D('',#8696,#8697,#8698);
#8696 = CARTESIAN_POINT('',(6.525E+03,-296.1665222413,3.680610173055E+03
    ));
#8697 = DIRECTION('',(0.,0.707106781187,0.707106781187));
#8698 = DIRECTION('',(1.,0.,-0.));
#8699 = DEFINITIONAL_REPRESENTATION('',(#8700),#8704);
#8700 = LINE('',#8701,#8702);
#8701 = CARTESIAN_POINT('',(0.,0.));
#8702 = VECTOR('',#8703,1.);
#8703 = DIRECTION('',(0.,1.));
#8704 = ( GEOMETRIC_REPRESENTATION_CONTEXT(2) 
PARAMETRIC_REPRESENTATION_CONTEXT() REPRESENTATION_CONTEXT('2D SPACE',''
  ) );
#8705 = ORIENTED_EDGE('',*,*,#8706,.T.);
#8706 = EDGE_CURVE('',#8679,#8707,#8709,.T.);
#8707 = VERTEX_POINT('',#8708);
#8708 = CARTESIAN_POINT('',(6.525E+03,-103.8334777586,3.519389826945E+03
    ));
#8709 = SURFACE_CURVE('',#8710,(#8714,#8721),.PCURVE_S1.);
#8710 = LINE('',#8711,#8712);
#8711 = CARTESIAN_POINT('',(6.525E+03,-119.3898269447,3.503833477759E+03
    ));
#8712 = VECTOR('',#8713,1.);
#8713 = DIRECTION('',(0.,0.707106781187,0.707106781187));
#8714 = PCURVE('',#8654,#8715);
#8715 = DEFINITIONAL_REPRESENTATION('',(#8716),#8720);
#8716 = LINE('',#8717,#8718);
#8717 = CARTESIAN_POINT('',(0.,-250.));
#8718 = VECTOR('',#8719,1.);
#8719 = DIRECTION('',(1.,0.));
#8720 = ( GEOMETRIC_REPRESENTATION_CONTEXT(2) 
PARAMETRIC_REPRESENTATION_CONTEXT() REPRESENTATION_CONTEXT('2D SPACE',''
  ) );
#8721 = PCURVE('',#8722,#8727);
#8722 = PLANE('',#8723);
#8723 = AXIS2_PLACEMENT_3D('',#8724,#8725,#8726);
#8724 = CARTESIAN_POINT('',(6.525E+03,-119.3898269447,3.503833477759E+03
    ));
#8725 = DIRECTION('',(0.,0.707106781187,-0.707106781187));
#8726 = DIRECTION('',(0.,0.707106781187,0.707106781187));
#8727 = DEFINITIONAL_REPRESENTATION('',(#8728),#8732);
#8728 = LINE('',#8729,#8730);
#8729 = CARTESIAN_POINT('',(0.,0.));
#8730 = VECTOR('',#8731,1.);
#8731 = DIRECTION('',(1.,0.));
#8732 = ( GEOMETRIC_REPRESENTATION_CONTEXT(2) 
PARAMETRIC_REPRESENTATION_CONTEXT() REPRESENTATION_CONTEXT('2D SPACE',''
  ) );
#8733 = ORIENTED_EDGE('',*,*,#8734,.F.);
#8734 = EDGE_CURVE('',#8646,#8707,#8735,.T.);
#8735 = SURFACE_CURVE('',#8736,(#8740,#8747),.PCURVE_S1.);
#8736 = LINE('',#8737,#8738);
#8737 = CARTESIAN_POINT('',(6.525E+03,-280.6101730552,3.696166522241E+03
    ));
#8738 = VECTOR('',#8739,1.);
#8739 = DIRECTION('',(0.,0.707106781187,-0.707106781187));
#8740 = PCURVE('',#8654,#8741);
#8741 = DEFINITIONAL_REPRESENTATION('',(#8742),#8746);
#8742 = LINE('',#8743,#8744);
#8743 = CARTESIAN_POINT('',(22.,0.));
#8744 = VECTOR('',#8745,1.);
#8745 = DIRECTION('',(0.,-1.));
#8746 = ( GEOMETRIC_REPRESENTATION_CONTEXT(2) 
PARAMETRIC_REPRESENTATION_CONTEXT() REPRESENTATION_CONTEXT('2D SPACE',''
  ) );
#8747 = PCURVE('',#8748,#8753);
#8748 = PLANE('',#8749);
#8749 = AXIS2_PLACEMENT_3D('',#8750,#8751,#8752);
#8750 = CARTESIAN_POINT('',(6.525E+03,-280.6101730552,3.696166522241E+03
    ));
#8751 = DIRECTION('',(0.,0.707106781187,0.707106781187));
#8752 = DIRECTION('',(1.,0.,-0.));
#8753 = DEFINITIONAL_REPRESENTATION('',(#8754),#8758);
#8754 = LINE('',#8755,#8756);
#8755 = CARTESIAN_POINT('',(0.,0.));
#8756 = VECTOR('',#8757,1.);
#8757 = DIRECTION('',(0.,1.));
#8758 = ( GEOMETRIC_REPRESENTATION_CONTEXT(2) 
PARAMETRIC_REPRESENTATION_CONTEXT() REPRESENTATION_CONTEXT('2D SPACE',''
  ) );
#8759 = ADVANCED_FACE('',(#8760),#8774,.T.);
#8760 = FACE_BOUND('',#8761,.T.);
#8761 = EDGE_LOOP('',(#8762,#8792,#8815,#8838));
#8762 = ORIENTED_EDGE('',*,*,#8763,.F.);
#8763 = EDGE_CURVE('',#8764,#8766,#8768,.T.);
#8764 = VERTEX_POINT('',#8765);
#8765 = CARTESIAN_POINT('',(6.875E+03,-296.1665222413,3.680610173055E+03
    ));
#8766 = VERTEX_POINT('',#8767);
#8767 = CARTESIAN_POINT('',(6.875E+03,-280.6101730552,3.696166522241E+03
    ));
#8768 = SURFACE_CURVE('',#8769,(#8773,#8785),.PCURVE_S1.);
#8769 = LINE('',#8770,#8771);
#8770 = CARTESIAN_POINT('',(6.875E+03,-296.1665222413,3.680610173055E+03
    ));
#8771 = VECTOR('',#8772,1.);
#8772 = DIRECTION('',(0.,0.707106781187,0.707106781187));
#8773 = PCURVE('',#8774,#8779);
#8774 = PLANE('',#8775);
#8775 = AXIS2_PLACEMENT_3D('',#8776,#8777,#8778);
#8776 = CARTESIAN_POINT('',(6.875E+03,-296.1665222413,3.680610173055E+03
    ));
#8777 = DIRECTION('',(1.,0.,-0.));
#8778 = DIRECTION('',(0.,0.707106781187,0.707106781187));
#8779 = DEFINITIONAL_REPRESENTATION('',(#8780),#8784);
#8780 = LINE('',#8781,#8782);
#8781 = CARTESIAN_POINT('',(0.,0.));
#8782 = VECTOR('',#8783,1.);
#8783 = DIRECTION('',(1.,0.));
#8784 = ( GEOMETRIC_REPRESENTATION_CONTEXT(2) 
PARAMETRIC_REPRESENTATION_CONTEXT() REPRESENTATION_CONTEXT('2D SPACE',''
  ) );
#8785 = PCURVE('',#8666,#8786);
#8786 = DEFINITIONAL_REPRESENTATION('',(#8787),#8791);
#8787 = LINE('',#8788,#8789);
#8788 = CARTESIAN_POINT('',(0.,350.));
#8789 = VECTOR('',#8790,1.);
#8790 = DIRECTION('',(1.,0.));
#8791 = ( GEOMETRIC_REPRESENTATION_CONTEXT(2) 
PARAMETRIC_REPRESENTATION_CONTEXT() REPRESENTATION_CONTEXT('2D SPACE',''
  ) );
#8792 = ORIENTED_EDGE('',*,*,#8793,.T.);
#8793 = EDGE_CURVE('',#8764,#8794,#8796,.T.);
#8794 = VERTEX_POINT('',#8795);
#8795 = CARTESIAN_POINT('',(6.875E+03,-119.3898269447,3.503833477759E+03
    ));
#8796 = SURFACE_CURVE('',#8797,(#8801,#8808),.PCURVE_S1.);
#8797 = LINE('',#8798,#8799);
#8798 = CARTESIAN_POINT('',(6.875E+03,-296.1665222413,3.680610173055E+03
    ));
#8799 = VECTOR('',#8800,1.);
#8800 = DIRECTION('',(0.,0.707106781187,-0.707106781187));
#8801 = PCURVE('',#8774,#8802);
#8802 = DEFINITIONAL_REPRESENTATION('',(#8803),#8807);
#8803 = LINE('',#8804,#8805);
#8804 = CARTESIAN_POINT('',(0.,0.));
#8805 = VECTOR('',#8806,1.);
#8806 = DIRECTION('',(0.,-1.));
#8807 = ( GEOMETRIC_REPRESENTATION_CONTEXT(2) 
PARAMETRIC_REPRESENTATION_CONTEXT() REPRESENTATION_CONTEXT('2D SPACE',''
  ) );
#8808 = PCURVE('',#8694,#8809);
#8809 = DEFINITIONAL_REPRESENTATION('',(#8810),#8814);
#8810 = LINE('',#8811,#8812);
#8811 = CARTESIAN_POINT('',(350.,0.));
#8812 = VECTOR('',#8813,1.);
#8813 = DIRECTION('',(0.,1.));
#8814 = ( GEOMETRIC_REPRESENTATION_CONTEXT(2) 
PARAMETRIC_REPRESENTATION_CONTEXT() REPRESENTATION_CONTEXT('2D SPACE',''
  ) );
#8815 = ORIENTED_EDGE('',*,*,#8816,.T.);
#8816 = EDGE_CURVE('',#8794,#8817,#8819,.T.);
#8817 = VERTEX_POINT('',#8818);
#8818 = CARTESIAN_POINT('',(6.875E+03,-103.8334777586,3.519389826945E+03
    ));
#8819 = SURFACE_CURVE('',#8820,(#8824,#8831),.PCURVE_S1.);
#8820 = LINE('',#8821,#8822);
#8821 = CARTESIAN_POINT('',(6.875E+03,-119.3898269447,3.503833477759E+03
    ));
#8822 = VECTOR('',#8823,1.);
#8823 = DIRECTION('',(0.,0.707106781187,0.707106781187));
#8824 = PCURVE('',#8774,#8825);
#8825 = DEFINITIONAL_REPRESENTATION('',(#8826),#8830);
#8826 = LINE('',#8827,#8828);
#8827 = CARTESIAN_POINT('',(0.,-250.));
#8828 = VECTOR('',#8829,1.);
#8829 = DIRECTION('',(1.,0.));
#8830 = ( GEOMETRIC_REPRESENTATION_CONTEXT(2) 
PARAMETRIC_REPRESENTATION_CONTEXT() REPRESENTATION_CONTEXT('2D SPACE',''
  ) );
#8831 = PCURVE('',#8722,#8832);
#8832 = DEFINITIONAL_REPRESENTATION('',(#8833),#8837);
#8833 = LINE('',#8834,#8835);
#8834 = CARTESIAN_POINT('',(0.,350.));
#8835 = VECTOR('',#8836,1.);
#8836 = DIRECTION('',(1.,0.));
#8837 = ( GEOMETRIC_REPRESENTATION_CONTEXT(2) 
PARAMETRIC_REPRESENTATION_CONTEXT() REPRESENTATION_CONTEXT('2D SPACE',''
  ) );
#8838 = ORIENTED_EDGE('',*,*,#8839,.F.);
#8839 = EDGE_CURVE('',#8766,#8817,#8840,.T.);
#8840 = SURFACE_CURVE('',#8841,(#8845,#8852),.PCURVE_S1.);
#8841 = LINE('',#8842,#8843);
#8842 = CARTESIAN_POINT('',(6.875E+03,-280.6101730552,3.696166522241E+03
    ));
#8843 = VECTOR('',#8844,1.);
#8844 = DIRECTION('',(0.,0.707106781187,-0.707106781187));
#8845 = PCURVE('',#8774,#8846);
#8846 = DEFINITIONAL_REPRESENTATION('',(#8847),#8851);
#8847 = LINE('',#8848,#8849);
#8848 = CARTESIAN_POINT('',(22.,0.));
#8849 = VECTOR('',#8850,1.);
#8850 = DIRECTION('',(0.,-1.));
#8851 = ( GEOMETRIC_REPRESENTATION_CONTEXT(2) 
PARAMETRIC_REPRESENTATION_CONTEXT() REPRESENTATION_CONTEXT('2D SPACE',''
  ) );
#8852 = PCURVE('',#8748,#8853);
#8853 = DEFINITIONAL_REPRESENTATION('',(#8854),#8858);
#8854 = LINE('',#8855,#8856);
#8855 = CARTESIAN_POINT('',(350.,0.));
#8856 = VECTOR('',#8857,1.);
#8857 = DIRECTION('',(0.,1.));
#8858 = ( GEOMETRIC_REPRESENTATION_CONTEXT(2) 
PARAMETRIC_REPRESENTATION_CONTEXT() REPRESENTATION_CONTEXT('2D SPACE',''
  ) );
#8859 = ADVANCED_FACE('',(#8860),#8666,.F.);
#8860 = FACE_BOUND('',#8861,.F.);
#8861 = EDGE_LOOP('',(#8862,#8883,#8884,#8905));
#8862 = ORIENTED_EDGE('',*,*,#8863,.F.);
#8863 = EDGE_CURVE('',#8644,#8764,#8864,.T.);
#8864 = SURFACE_CURVE('',#8865,(#8869,#8876),.PCURVE_S1.);
#8865 = LINE('',#8866,#8867);
#8866 = CARTESIAN_POINT('',(6.525E+03,-296.1665222413,3.680610173055E+03
    ));
#8867 = VECTOR('',#8868,1.);
#8868 = DIRECTION('',(1.,0.,-0.));
#8869 = PCURVE('',#8666,#8870);
#8870 = DEFINITIONAL_REPRESENTATION('',(#8871),#8875);
#8871 = LINE('',#8872,#8873);
#8872 = CARTESIAN_POINT('',(0.,0.));
#8873 = VECTOR('',#8874,1.);
#8874 = DIRECTION('',(0.,1.));
#8875 = ( GEOMETRIC_REPRESENTATION_CONTEXT(2) 
PARAMETRIC_REPRESENTATION_CONTEXT() REPRESENTATION_CONTEXT('2D SPACE',''
  ) );
#8876 = PCURVE('',#8694,#8877);
#8877 = DEFINITIONAL_REPRESENTATION('',(#8878),#8882);
#8878 = LINE('',#8879,#8880);
#8879 = CARTESIAN_POINT('',(0.,0.));
#8880 = VECTOR('',#8881,1.);
#8881 = DIRECTION('',(1.,0.));
#8882 = ( GEOMETRIC_REPRESENTATION_CONTEXT(2) 
PARAMETRIC_REPRESENTATION_CONTEXT() REPRESENTATION_CONTEXT('2D SPACE',''
  ) );
#8883 = ORIENTED_EDGE('',*,*,#8643,.T.);
#8884 = ORIENTED_EDGE('',*,*,#8885,.T.);
#8885 = EDGE_CURVE('',#8646,#8766,#8886,.T.);
#8886 = SURFACE_CURVE('',#8887,(#8891,#8898),.PCURVE_S1.);
#8887 = LINE('',#8888,#8889);
#8888 = CARTESIAN_POINT('',(6.525E+03,-280.6101730552,3.696166522241E+03
    ));
#8889 = VECTOR('',#8890,1.);
#8890 = DIRECTION('',(1.,0.,-0.));
#8891 = PCURVE('',#8666,#8892);
#8892 = DEFINITIONAL_REPRESENTATION('',(#8893),#8897);
#8893 = LINE('',#8894,#8895);
#8894 = CARTESIAN_POINT('',(22.,0.));
#8895 = VECTOR('',#8896,1.);
#8896 = DIRECTION('',(0.,1.));
#8897 = ( GEOMETRIC_REPRESENTATION_CONTEXT(2) 
PARAMETRIC_REPRESENTATION_CONTEXT() REPRESENTATION_CONTEXT('2D SPACE',''
  ) );
#8898 = PCURVE('',#8748,#8899);
#8899 = DEFINITIONAL_REPRESENTATION('',(#8900),#8904);
#8900 = LINE('',#8901,#8902);
#8901 = CARTESIAN_POINT('',(0.,0.));
#8902 = VECTOR('',#8903,1.);
#8903 = DIRECTION('',(1.,0.));
#8904 = ( GEOMETRIC_REPRESENTATION_CONTEXT(2) 
PARAMETRIC_REPRESENTATION_CONTEXT() REPRESENTATION_CONTEXT('2D SPACE',''
  ) );
#8905 = ORIENTED_EDGE('',*,*,#8763,.F.);
#8906 = ADVANCED_FACE('',(#8907),#8722,.T.);
#8907 = FACE_BOUND('',#8908,.T.);
#8908 = EDGE_LOOP('',(#8909,#8930,#8931,#8952));
#8909 = ORIENTED_EDGE('',*,*,#8910,.F.);
#8910 = EDGE_CURVE('',#8679,#8794,#8911,.T.);
#8911 = SURFACE_CURVE('',#8912,(#8916,#8923),.PCURVE_S1.);
#8912 = LINE('',#8913,#8914);
#8913 = CARTESIAN_POINT('',(6.525E+03,-119.3898269447,3.503833477759E+03
    ));
#8914 = VECTOR('',#8915,1.);
#8915 = DIRECTION('',(1.,0.,-0.));
#8916 = PCURVE('',#8722,#8917);
#8917 = DEFINITIONAL_REPRESENTATION('',(#8918),#8922);
#8918 = LINE('',#8919,#8920);
#8919 = CARTESIAN_POINT('',(0.,0.));
#8920 = VECTOR('',#8921,1.);
#8921 = DIRECTION('',(0.,1.));
#8922 = ( GEOMETRIC_REPRESENTATION_CONTEXT(2) 
PARAMETRIC_REPRESENTATION_CONTEXT() REPRESENTATION_CONTEXT('2D SPACE',''
  ) );
#8923 = PCURVE('',#8694,#8924);
#8924 = DEFINITIONAL_REPRESENTATION('',(#8925),#8929);
#8925 = LINE('',#8926,#8927);
#8926 = CARTESIAN_POINT('',(0.,250.));
#8927 = VECTOR('',#8928,1.);
#8928 = DIRECTION('',(1.,0.));
#8929 = ( GEOMETRIC_REPRESENTATION_CONTEXT(2) 
PARAMETRIC_REPRESENTATION_CONTEXT() REPRESENTATION_CONTEXT('2D SPACE',''
  ) );
#8930 = ORIENTED_EDGE('',*,*,#8706,.T.);
#8931 = ORIENTED_EDGE('',*,*,#8932,.T.);
#8932 = EDGE_CURVE('',#8707,#8817,#8933,.T.);
#8933 = SURFACE_CURVE('',#8934,(#8938,#8945),.PCURVE_S1.);
#8934 = LINE('',#8935,#8936);
#8935 = CARTESIAN_POINT('',(6.525E+03,-103.8334777586,3.519389826945E+03
    ));
#8936 = VECTOR('',#8937,1.);
#8937 = DIRECTION('',(1.,0.,-0.));
#8938 = PCURVE('',#8722,#8939);
#8939 = DEFINITIONAL_REPRESENTATION('',(#8940),#8944);
#8940 = LINE('',#8941,#8942);
#8941 = CARTESIAN_POINT('',(22.,0.));
#8942 = VECTOR('',#8943,1.);
#8943 = DIRECTION('',(0.,1.));
#8944 = ( GEOMETRIC_REPRESENTATION_CONTEXT(2) 
PARAMETRIC_REPRESENTATION_CONTEXT() REPRESENTATION_CONTEXT('2D SPACE',''
  ) );
#8945 = PCURVE('',#8748,#8946);
#8946 = DEFINITIONAL_REPRESENTATION('',(#8947),#8951);
#8947 = LINE('',#8948,#8949);
#8948 = CARTESIAN_POINT('',(0.,250.));
#8949 = VECTOR('',#8950,1.);
#8950 = DIRECTION('',(1.,0.));
#8951 = ( GEOMETRIC_REPRESENTATION_CONTEXT(2) 
PARAMETRIC_REPRESENTATION_CONTEXT() REPRESENTATION_CONTEXT('2D SPACE',''
  ) );
#8952 = ORIENTED_EDGE('',*,*,#8816,.F.);
#8953 = ADVANCED_FACE('',(#8954),#8694,.F.);
#8954 = FACE_BOUND('',#8955,.F.);
#8955 = EDGE_LOOP('',(#8956,#8957,#8958,#8959));
#8956 = ORIENTED_EDGE('',*,*,#8678,.F.);
#8957 = ORIENTED_EDGE('',*,*,#8863,.T.);
#8958 = ORIENTED_EDGE('',*,*,#8793,.T.);
#8959 = ORIENTED_EDGE('',*,*,#8910,.F.);
#8960 = ADVANCED_FACE('',(#8961),#8748,.T.);
#8961 = FACE_BOUND('',#8962,.T.);
#8962 = EDGE_LOOP('',(#8963,#8964,#8965,#8966));
#8963 = ORIENTED_EDGE('',*,*,#8734,.F.);
#8964 = ORIENTED_EDGE('',*,*,#8885,.T.);
#8965 = ORIENTED_EDGE('',*,*,#8839,.T.);
#8966 = ORIENTED_EDGE('',*,*,#8932,.F.);
#8967 = MANIFOLD_SOLID_BREP('',#8968);
#8968 = CLOSED_SHELL('',(#8969,#9057,#9061));
#8969 = ADVANCED_FACE('',(#8970),#8983,.T.);
#8970 = FACE_BOUND('',#8971,.T.);
#8971 = EDGE_LOOP('',(#8972,#9006,#9029,#9056));
#8972 = ORIENTED_EDGE('',*,*,#8973,.F.);
#8973 = EDGE_CURVE('',#8974,#8974,#8976,.T.);
#8974 = VERTEX_POINT('',#8975);
#8975 = CARTESIAN_POINT('',(6.7E+03,-150.,3.59E+03));
#8976 = SURFACE_CURVE('',#8977,(#8982,#8994),.PCURVE_S1.);
#8977 = CIRCLE('',#8978,10.);
#8978 = AXIS2_PLACEMENT_3D('',#8979,#8980,#8981);
#8979 = CARTESIAN_POINT('',(6.7E+03,-150.,3.6E+03));
#8980 = DIRECTION('',(0.,-1.,0.));
#8981 = DIRECTION('',(0.,-0.,-1.));
#8982 = PCURVE('',#8983,#8988);
#8983 = CYLINDRICAL_SURFACE('',#8984,10.);
#8984 = AXIS2_PLACEMENT_3D('',#8985,#8986,#8987);
#8985 = CARTESIAN_POINT('',(6.7E+03,-20.,3.6E+03));
#8986 = DIRECTION('',(0.,-1.,0.));
#8987 = DIRECTION('',(0.,-0.,-1.));
#8988 = DEFINITIONAL_REPRESENTATION('',(#8989),#8993);
#8989 = LINE('',#8990,#8991);
#8990 = CARTESIAN_POINT('',(0.,130.));
#8991 = VECTOR('',#8992,1.);
#8992 = DIRECTION('',(1.,0.));
#8993 = ( GEOMETRIC_REPRESENTATION_CONTEXT(2) 
PARAMETRIC_REPRESENTATION_CONTEXT() REPRESENTATION_CONTEXT('2D SPACE',''
  ) );
#8994 = PCURVE('',#8995,#9000);
#8995 = PLANE('',#8996);
#8996 = AXIS2_PLACEMENT_3D('',#8997,#8998,#8999);
#8997 = CARTESIAN_POINT('',(6.7E+03,-150.,3.6E+03));
#8998 = DIRECTION('',(0.,-1.,0.));
#8999 = DIRECTION('',(0.,-0.,-1.));
#9000 = DEFINITIONAL_REPRESENTATION('',(#9001),#9005);
#9001 = CIRCLE('',#9002,10.);
#9002 = AXIS2_PLACEMENT_2D('',#9003,#9004);
#9003 = CARTESIAN_POINT('',(0.,0.));
#9004 = DIRECTION('',(1.,0.));
#9005 = ( GEOMETRIC_REPRESENTATION_CONTEXT(2) 
PARAMETRIC_REPRESENTATION_CONTEXT() REPRESENTATION_CONTEXT('2D SPACE',''
  ) );
#9006 = ORIENTED_EDGE('',*,*,#9007,.F.);
#9007 = EDGE_CURVE('',#9008,#8974,#9010,.T.);
#9008 = VERTEX_POINT('',#9009);
#9009 = CARTESIAN_POINT('',(6.7E+03,-20.,3.59E+03));
#9010 = SEAM_CURVE('',#9011,(#9015,#9022),.PCURVE_S1.);
#9011 = LINE('',#9012,#9013);
#9012 = CARTESIAN_POINT('',(6.7E+03,-20.,3.59E+03));
#9013 = VECTOR('',#9014,1.);
#9014 = DIRECTION('',(0.,-1.,0.));
#9015 = PCURVE('',#8983,#9016);
#9016 = DEFINITIONAL_REPRESENTATION('',(#9017),#9021);
#9017 = LINE('',#9018,#9019);
#9018 = CARTESIAN_POINT('',(6.28318530718,-0.));
#9019 = VECTOR('',#9020,1.);
#9020 = DIRECTION('',(0.,1.));
#9021 = ( GEOMETRIC_REPRESENTATION_CONTEXT(2) 
PARAMETRIC_REPRESENTATION_CONTEXT() REPRESENTATION_CONTEXT('2D SPACE',''
  ) );
#9022 = PCURVE('',#8983,#9023);
#9023 = DEFINITIONAL_REPRESENTATION('',(#9024),#9028);
#9024 = LINE('',#9025,#9026);
#9025 = CARTESIAN_POINT('',(0.,-0.));
#9026 = VECTOR('',#9027,1.);
#9027 = DIRECTION('',(0.,1.));
#9028 = ( GEOMETRIC_REPRESENTATION_CONTEXT(2) 
PARAMETRIC_REPRESENTATION_CONTEXT() REPRESENTATION_CONTEXT('2D SPACE',''
  ) );
#9029 = ORIENTED_EDGE('',*,*,#9030,.T.);
#9030 = EDGE_CURVE('',#9008,#9008,#9031,.T.);
#9031 = SURFACE_CURVE('',#9032,(#9037,#9044),.PCURVE_S1.);
#9032 = CIRCLE('',#9033,10.);
#9033 = AXIS2_PLACEMENT_3D('',#9034,#9035,#9036);
#9034 = CARTESIAN_POINT('',(6.7E+03,-20.,3.6E+03));
#9035 = DIRECTION('',(0.,-1.,0.));
#9036 = DIRECTION('',(0.,-0.,-1.));
#9037 = PCURVE('',#8983,#9038);
#9038 = DEFINITIONAL_REPRESENTATION('',(#9039),#9043);
#9039 = LINE('',#9040,#9041);
#9040 = CARTESIAN_POINT('',(0.,0.));
#9041 = VECTOR('',#9042,1.);
#9042 = DIRECTION('',(1.,0.));
#9043 = ( GEOMETRIC_REPRESENTATION_CONTEXT(2) 
PARAMETRIC_REPRESENTATION_CONTEXT() REPRESENTATION_CONTEXT('2D SPACE',''
  ) );
#9044 = PCURVE('',#9045,#9050);
#9045 = PLANE('',#9046);
#9046 = AXIS2_PLACEMENT_3D('',#9047,#9048,#9049);
#9047 = CARTESIAN_POINT('',(6.7E+03,-20.,3.6E+03));
#9048 = DIRECTION('',(0.,-1.,0.));
#9049 = DIRECTION('',(0.,-0.,-1.));
#9050 = DEFINITIONAL_REPRESENTATION('',(#9051),#9055);
#9051 = CIRCLE('',#9052,10.);
#9052 = AXIS2_PLACEMENT_2D('',#9053,#9054);
#9053 = CARTESIAN_POINT('',(0.,0.));
#9054 = DIRECTION('',(1.,0.));
#9055 = ( GEOMETRIC_REPRESENTATION_CONTEXT(2) 
PARAMETRIC_REPRESENTATION_CONTEXT() REPRESENTATION_CONTEXT('2D SPACE',''
  ) );
#9056 = ORIENTED_EDGE('',*,*,#9007,.T.);
#9057 = ADVANCED_FACE('',(#9058),#8995,.T.);
#9058 = FACE_BOUND('',#9059,.T.);
#9059 = EDGE_LOOP('',(#9060));
#9060 = ORIENTED_EDGE('',*,*,#8973,.T.);
#9061 = ADVANCED_FACE('',(#9062),#9045,.F.);
#9062 = FACE_BOUND('',#9063,.T.);
#9063 = EDGE_LOOP('',(#9064));
#9064 = ORIENTED_EDGE('',*,*,#9030,.F.);
#9065 = ( GEOMETRIC_REPRESENTATION_CONTEXT(3) 
GLOBAL_UNCERTAINTY_ASSIGNED_CONTEXT((#9069)) 
GLOBAL_UNIT_ASSIGNED_CONTEXT((#9066,#9067,#9068)) REPRESENTATION_CONTEXT
('Context #1','3D Context with UNIT and UNCERTAINTY') );
#9066 = ( LENGTH_UNIT() NAMED_UNIT(*) SI_UNIT(.MILLI.,.METRE.) );
#9067 = ( NAMED_UNIT(*) PLANE_ANGLE_UNIT() SI_UNIT($,.RADIAN.) );
#9068 = ( NAMED_UNIT(*) SI_UNIT($,.STERADIAN.) SOLID_ANGLE_UNIT() );
#9069 = UNCERTAINTY_MEASURE_WITH_UNIT(LENGTH_MEASURE(1.E-07),#9066,
  'distance_accuracy_value','confusion accuracy');
#9070 = CONTEXT_DEPENDENT_SHAPE_REPRESENTATION(#9071,#9073);
#9071 = ( REPRESENTATION_RELATIONSHIP('','',#8636,#10) 
REPRESENTATION_RELATIONSHIP_WITH_TRANSFORMATION(#9072) 
SHAPE_REPRESENTATION_RELATIONSHIP() );
#9072 = ITEM_DEFINED_TRANSFORMATION('','',#11,#35);
#9073 = PRODUCT_DEFINITION_SHAPE('Placement','Placement of an item',
  #9074);
#9074 = NEXT_ASSEMBLY_USAGE_OCCURRENCE('21','=>[0:1:1:7]','',#5,#8631,$
  );
#9075 = PRODUCT_RELATED_PRODUCT_CATEGORY('part',$,(#8633));
#9076 = SHAPE_DEFINITION_REPRESENTATION(#9077,#9083);
#9077 = PRODUCT_DEFINITION_SHAPE('','',#9078);
#9078 = PRODUCT_DEFINITION('design','',#9079,#9082);
#9079 = PRODUCT_DEFINITION_FORMATION('','',#9080);
#9080 = PRODUCT('SOLID','SOLID','',(#9081));
#9081 = PRODUCT_CONTEXT('',#2,'mechanical');
#9082 = PRODUCT_DEFINITION_CONTEXT('part definition',#2,'design');
#9083 = ADVANCED_BREP_SHAPE_REPRESENTATION('',(#11,#9084),#9716);
#9084 = MANIFOLD_SOLID_BREP('',#9085);
#9085 = CLOSED_SHELL('',(#9086,#9259,#9542,#9547,#9551,#9706,#9712));
#9086 = ADVANCED_FACE('',(#9087),#9102,.T.);
#9087 = FACE_BOUND('',#9088,.T.);
#9088 = EDGE_LOOP('',(#9089,#9147,#9176,#9208,#9231,#9258));
#9089 = ORIENTED_EDGE('',*,*,#9090,.F.);
#9090 = EDGE_CURVE('',#9091,#9093,#9095,.T.);
#9091 = VERTEX_POINT('',#9092);
#9092 = CARTESIAN_POINT('',(6.729305283484E+03,-5.007504477606,2.3E+03)
  );
#9093 = VERTEX_POINT('',#9094);
#9094 = CARTESIAN_POINT('',(6.72E+03,-1.469576158977E-15,
    2.303349165155E+03));
#9095 = SURFACE_CURVE('',#9096,(#9101,#9124),.PCURVE_S1.);
#9096 = ELLIPSE('',#9097,7.218307930658,6.);
#9097 = AXIS2_PLACEMENT_3D('',#9098,#9099,#9100);
#9098 = CARTESIAN_POINT('',(6.726E+03,0.,2.3E+03));
#9099 = DIRECTION('',(-0.463982028231,-0.306258764509,-0.83121973427));
#9100 = DIRECTION('',(0.693722756872,0.457902809816,-0.555944019988));
#9101 = PCURVE('',#9102,#9107);
#9102 = CYLINDRICAL_SURFACE('',#9103,6.);
#9103 = AXIS2_PLACEMENT_3D('',#9104,#9105,#9106);
#9104 = CARTESIAN_POINT('',(6.726E+03,0.,4.65E+03));
#9105 = DIRECTION('',(0.,0.,-1.));
#9106 = DIRECTION('',(-1.,0.,-0.));
#9107 = DEFINITIONAL_REPRESENTATION('',(#9108),#9123);
#9108 = B_SPLINE_CURVE_WITH_KNOTS('',7,(#9109,#9110,#9111,#9112,#9113,
    #9114,#9115,#9116,#9117,#9118,#9119,#9120,#9121,#9122),
  .UNSPECIFIED.,.F.,.F.,(8,6,8),(1.570796086512,2.647903862038,
    3.725011637561),.UNSPECIFIED.);
#9109 = CARTESIAN_POINT('',(4.128969756097,2.350000000964E+03));
#9110 = CARTESIAN_POINT('',(4.282842295458,2.349382514291E+03));
#9111 = CARTESIAN_POINT('',(4.436714834816,2.348765027721E+03));
#9112 = CARTESIAN_POINT('',(4.590587374187,2.34817141969E+03));
#9113 = CARTESIAN_POINT('',(4.744459913534,2.34762557353E+03));
#9114 = CARTESIAN_POINT('',(4.898332452903,2.347149050527E+03));
#9115 = CARTESIAN_POINT('',(5.052204992261,2.346758823938E+03));
#9116 = CARTESIAN_POINT('',(5.359950070982,2.346173597954E+03));
#9117 = CARTESIAN_POINT('',(5.513822610343,2.345978598432E+03));
#9118 = CARTESIAN_POINT('',(5.667695149703,2.345892527555E+03));
#9119 = CARTESIAN_POINT('',(5.821567689064,2.345921044046E+03));
#9120 = CARTESIAN_POINT('',(5.975440228425,2.346063026128E+03));
#9121 = CARTESIAN_POINT('',(6.129312767785,2.346310673429E+03));
#9122 = CARTESIAN_POINT('',(6.283185307146,2.346650834846E+03));
#9123 = ( GEOMETRIC_REPRESENTATION_CONTEXT(2) 
PARAMETRIC_REPRESENTATION_CONTEXT() REPRESENTATION_CONTEXT('2D SPACE',''
  ) );
#9124 = PCURVE('',#9125,#9130);
#9125 = CYLINDRICAL_SURFACE('',#9126,6.);
#9126 = AXIS2_PLACEMENT_3D('',#9127,#9128,#9129);
#9127 = CARTESIAN_POINT('',(6.726E+03,0.,2.3E+03));
#9128 = DIRECTION('',(-0.771342036425,-0.509136657706,-0.38185249328));
#9129 = DIRECTION('',(0.550880580595,-0.834584079601,-2.775557561563E-17
    ));
#9130 = DEFINITIONAL_REPRESENTATION('',(#9131),#9146);
#9131 = B_SPLINE_CURVE_WITH_KNOTS('',7,(#9132,#9133,#9134,#9135,#9136,
    #9137,#9138,#9139,#9140,#9141,#9142,#9143,#9144,#9145),
  .UNSPECIFIED.,.F.,.F.,(8,6,8),(1.570796086512,2.647903862037,
    3.725011637561),.UNSPECIFIED.);
#9132 = CARTESIAN_POINT('',(-2.402825129977E-07,-9.642481018091E-07));
#9133 = CARTESIAN_POINT('',(0.153872299078,0.617485709162));
#9134 = CARTESIAN_POINT('',(0.307744838439,1.234972279158));
#9135 = CARTESIAN_POINT('',(0.4616173778,1.828580309744));
#9136 = CARTESIAN_POINT('',(0.61548991716,2.374426469701));
#9137 = CARTESIAN_POINT('',(0.769362456521,2.850949472462));
#9138 = CARTESIAN_POINT('',(0.923234995881,3.241176061693));
#9139 = CARTESIAN_POINT('',(1.230980074603,3.826402046094));
#9140 = CARTESIAN_POINT('',(1.384852613963,4.021401567737));
#9141 = CARTESIAN_POINT('',(1.538725153324,4.107472445256));
#9142 = CARTESIAN_POINT('',(1.692597692684,4.078955954044));
#9143 = CARTESIAN_POINT('',(1.846470232045,3.936973871719));
#9144 = CARTESIAN_POINT('',(2.000342771406,3.689326571278));
#9145 = CARTESIAN_POINT('',(2.154215310766,3.349165154138));
#9146 = ( GEOMETRIC_REPRESENTATION_CONTEXT(2) 
PARAMETRIC_REPRESENTATION_CONTEXT() REPRESENTATION_CONTEXT('2D SPACE',''
  ) );
#9147 = ORIENTED_EDGE('',*,*,#9148,.T.);
#9148 = EDGE_CURVE('',#9091,#9149,#9151,.T.);
#9149 = VERTEX_POINT('',#9150);
#9150 = CARTESIAN_POINT('',(6.722694716516E+03,5.007504477606,2.3E+03));
#9151 = SURFACE_CURVE('',#9152,(#9157,#9164),.PCURVE_S1.);
#9152 = CIRCLE('',#9153,6.);
#9153 = AXIS2_PLACEMENT_3D('',#9154,#9155,#9156);
#9154 = CARTESIAN_POINT('',(6.726E+03,0.,2.3E+03));
#9155 = DIRECTION('',(-0.,0.,1.));
#9156 = DIRECTION('',(0.550880580595,-0.834584079601,0.));
#9157 = PCURVE('',#9102,#9158);
#9158 = DEFINITIONAL_REPRESENTATION('',(#9159),#9163);
#9159 = LINE('',#9160,#9161);
#9160 = CARTESIAN_POINT('',(4.128969996379,2.35E+03));
#9161 = VECTOR('',#9162,1.);
#9162 = DIRECTION('',(-1.,-0.));
#9163 = ( GEOMETRIC_REPRESENTATION_CONTEXT(2) 
PARAMETRIC_REPRESENTATION_CONTEXT() REPRESENTATION_CONTEXT('2D SPACE',''
  ) );
#9164 = PCURVE('',#9165,#9170);
#9165 = SPHERICAL_SURFACE('',#9166,6.);
#9166 = AXIS2_PLACEMENT_3D('',#9167,#9168,#9169);
#9167 = CARTESIAN_POINT('',(6.726E+03,0.,2.3E+03));
#9168 = DIRECTION('',(0.,0.,1.));
#9169 = DIRECTION('',(1.,0.,-0.));
#9170 = DEFINITIONAL_REPRESENTATION('',(#9171),#9175);
#9171 = LINE('',#9172,#9173);
#9172 = CARTESIAN_POINT('',(5.29580796439,0.));
#9173 = VECTOR('',#9174,1.);
#9174 = DIRECTION('',(1.,-0.));
#9175 = ( GEOMETRIC_REPRESENTATION_CONTEXT(2) 
PARAMETRIC_REPRESENTATION_CONTEXT() REPRESENTATION_CONTEXT('2D SPACE',''
  ) );
#9176 = ORIENTED_EDGE('',*,*,#9177,.F.);
#9177 = EDGE_CURVE('',#9093,#9149,#9178,.T.);
#9178 = SURFACE_CURVE('',#9179,(#9184,#9196),.PCURVE_S1.);
#9179 = ELLIPSE('',#9180,7.218307930658,6.);
#9180 = AXIS2_PLACEMENT_3D('',#9181,#9182,#9183);
#9181 = CARTESIAN_POINT('',(6.726E+03,0.,2.3E+03));
#9182 = DIRECTION('',(-0.463982028231,-0.306258764509,-0.83121973427));
#9183 = DIRECTION('',(0.693722756872,0.457902809816,-0.555944019988));
#9184 = PCURVE('',#9102,#9185);
#9185 = DEFINITIONAL_REPRESENTATION('',(#9186),#9195);
#9186 = B_SPLINE_CURVE_WITH_KNOTS('',7,(#9187,#9188,#9189,#9190,#9191,
    #9192,#9193,#9194),.UNSPECIFIED.,.F.,.F.,(8,8),(3.725011637561,
    4.712388980385),.PIECEWISE_BEZIER_KNOTS.);
#9187 = CARTESIAN_POINT('',(-3.377209623068E-11,2.346650834846E+03));
#9188 = CARTESIAN_POINT('',(0.141053906084,2.346962658494E+03));
#9189 = CARTESIAN_POINT('',(0.282107812201,2.347352223832E+03));
#9190 = CARTESIAN_POINT('',(0.42316171832,2.347809396909E+03));
#9191 = CARTESIAN_POINT('',(0.564215624436,2.348320257121E+03));
#9192 = CARTESIAN_POINT('',(0.705269530555,2.348867908426E+03));
#9193 = CARTESIAN_POINT('',(0.846323436672,2.349433954183E+03));
#9194 = CARTESIAN_POINT('',(0.98737734279,2.35E+03));
#9195 = ( GEOMETRIC_REPRESENTATION_CONTEXT(2) 
PARAMETRIC_REPRESENTATION_CONTEXT() REPRESENTATION_CONTEXT('2D SPACE',''
  ) );
#9196 = PCURVE('',#9125,#9197);
#9197 = DEFINITIONAL_REPRESENTATION('',(#9198),#9207);
#9198 = B_SPLINE_CURVE_WITH_KNOTS('',7,(#9199,#9200,#9201,#9202,#9203,
    #9204,#9205,#9206),.UNSPECIFIED.,.F.,.F.,(8,8),(3.725011637561,
    4.712388980385),.PIECEWISE_BEZIER_KNOTS.);
#9199 = CARTESIAN_POINT('',(2.154215310766,3.349165154138));
#9200 = CARTESIAN_POINT('',(2.295269216884,3.037341505828));
#9201 = CARTESIAN_POINT('',(2.436323123002,2.647776168241));
#9202 = CARTESIAN_POINT('',(2.57737702912,2.190603090597));
#9203 = CARTESIAN_POINT('',(2.718430935235,1.67974288032));
#9204 = CARTESIAN_POINT('',(2.859484841356,1.132091574098));
#9205 = CARTESIAN_POINT('',(3.000538747472,0.566045817025));
#9206 = CARTESIAN_POINT('',(3.14159265359,0.));
#9207 = ( GEOMETRIC_REPRESENTATION_CONTEXT(2) 
PARAMETRIC_REPRESENTATION_CONTEXT() REPRESENTATION_CONTEXT('2D SPACE',''
  ) );
#9208 = ORIENTED_EDGE('',*,*,#9209,.F.);
#9209 = EDGE_CURVE('',#9210,#9093,#9212,.T.);
#9210 = VERTEX_POINT('',#9211);
#9211 = CARTESIAN_POINT('',(6.72E+03,-1.469576158977E-15,4.65E+03));
#9212 = SEAM_CURVE('',#9213,(#9217,#9224),.PCURVE_S1.);
#9213 = LINE('',#9214,#9215);
#9214 = CARTESIAN_POINT('',(6.72E+03,-1.469576158977E-15,4.65E+03));
#9215 = VECTOR('',#9216,1.);
#9216 = DIRECTION('',(0.,0.,-1.));
#9217 = PCURVE('',#9102,#9218);
#9218 = DEFINITIONAL_REPRESENTATION('',(#9219),#9223);
#9219 = LINE('',#9220,#9221);
#9220 = CARTESIAN_POINT('',(0.,-0.));
#9221 = VECTOR('',#9222,1.);
#9222 = DIRECTION('',(0.,1.));
#9223 = ( GEOMETRIC_REPRESENTATION_CONTEXT(2) 
PARAMETRIC_REPRESENTATION_CONTEXT() REPRESENTATION_CONTEXT('2D SPACE',''
  ) );
#9224 = PCURVE('',#9102,#9225);
#9225 = DEFINITIONAL_REPRESENTATION('',(#9226),#9230);
#9226 = LINE('',#9227,#9228);
#9227 = CARTESIAN_POINT('',(6.28318530718,-0.));
#9228 = VECTOR('',#9229,1.);
#9229 = DIRECTION('',(0.,1.));
#9230 = ( GEOMETRIC_REPRESENTATION_CONTEXT(2) 
PARAMETRIC_REPRESENTATION_CONTEXT() REPRESENTATION_CONTEXT('2D SPACE',''
  ) );
#9231 = ORIENTED_EDGE('',*,*,#9232,.T.);
#9232 = EDGE_CURVE('',#9210,#9210,#9233,.T.);
#9233 = SURFACE_CURVE('',#9234,(#9239,#9246),.PCURVE_S1.);
#9234 = CIRCLE('',#9235,6.);
#9235 = AXIS2_PLACEMENT_3D('',#9236,#9237,#9238);
#9236 = CARTESIAN_POINT('',(6.726E+03,0.,4.65E+03));
#9237 = DIRECTION('',(0.,0.,-1.));
#9238 = DIRECTION('',(-1.,0.,-0.));
#9239 = PCURVE('',#9102,#9240);
#9240 = DEFINITIONAL_REPRESENTATION('',(#9241),#9245);
#9241 = LINE('',#9242,#9243);
#9242 = CARTESIAN_POINT('',(0.,0.));
#9243 = VECTOR('',#9244,1.);
#9244 = DIRECTION('',(1.,0.));
#9245 = ( GEOMETRIC_REPRESENTATION_CONTEXT(2) 
PARAMETRIC_REPRESENTATION_CONTEXT() REPRESENTATION_CONTEXT('2D SPACE',''
  ) );
#9246 = PCURVE('',#9247,#9252);
#9247 = PLANE('',#9248);
#9248 = AXIS2_PLACEMENT_3D('',#9249,#9250,#9251);
#9249 = CARTESIAN_POINT('',(6.726E+03,0.,4.65E+03));
#9250 = DIRECTION('',(0.,0.,-1.));
#9251 = DIRECTION('',(-1.,0.,-0.));
#9252 = DEFINITIONAL_REPRESENTATION('',(#9253),#9257);
#9253 = CIRCLE('',#9254,6.);
#9254 = AXIS2_PLACEMENT_2D('',#9255,#9256);
#9255 = CARTESIAN_POINT('',(0.,0.));
#9256 = DIRECTION('',(1.,0.));
#9257 = ( GEOMETRIC_REPRESENTATION_CONTEXT(2) 
PARAMETRIC_REPRESENTATION_CONTEXT() REPRESENTATION_CONTEXT('2D SPACE',''
  ) );
#9258 = ORIENTED_EDGE('',*,*,#9209,.T.);
#9259 = ADVANCED_FACE('',(#9260),#9125,.T.);
#9260 = FACE_BOUND('',#9261,.T.);
#9261 = EDGE_LOOP('',(#9262,#9263,#9353,#9376,#9417,#9508,#9540,#9541));
#9262 = ORIENTED_EDGE('',*,*,#9177,.T.);
#9263 = ORIENTED_EDGE('',*,*,#9264,.T.);
#9264 = EDGE_CURVE('',#9149,#9091,#9265,.T.);
#9265 = SURFACE_CURVE('',#9266,(#9271,#9278),.PCURVE_S1.);
#9266 = CIRCLE('',#9267,6.);
#9267 = AXIS2_PLACEMENT_3D('',#9268,#9269,#9270);
#9268 = CARTESIAN_POINT('',(6.726E+03,0.,2.3E+03));
#9269 = DIRECTION('',(-0.771342036425,-0.509136657706,-0.38185249328));
#9270 = DIRECTION('',(-0.550880580595,0.834584079601,2.775557561563E-17)
  );
#9271 = PCURVE('',#9125,#9272);
#9272 = DEFINITIONAL_REPRESENTATION('',(#9273),#9277);
#9273 = LINE('',#9274,#9275);
#9274 = CARTESIAN_POINT('',(3.14159265359,0.));
#9275 = VECTOR('',#9276,1.);
#9276 = DIRECTION('',(1.,0.));
#9277 = ( GEOMETRIC_REPRESENTATION_CONTEXT(2) 
PARAMETRIC_REPRESENTATION_CONTEXT() REPRESENTATION_CONTEXT('2D SPACE',''
  ) );
#9278 = PCURVE('',#9165,#9279);
#9279 = DEFINITIONAL_REPRESENTATION('',(#9280),#9352);
#9280 = B_SPLINE_CURVE_WITH_KNOTS('',8,(#9281,#9282,#9283,#9284,#9285,
    #9286,#9287,#9288,#9289,#9290,#9291,#9292,#9293,#9294,#9295,#9296,
    #9297,#9298,#9299,#9300,#9301,#9302,#9303,#9304,#9305,#9306,#9307,
    #9308,#9309,#9310,#9311,#9312,#9313,#9314,#9315,#9316,#9317,#9318,
    #9319,#9320,#9321,#9322,#9323,#9324,#9325,#9326,#9327,#9328,#9329,
    #9330,#9331,#9332,#9333,#9334,#9335,#9336,#9337,#9338,#9339,#9340,
    #9341,#9342,#9343,#9344,#9345,#9346,#9347,#9348,#9349,#9350,#9351),
  .UNSPECIFIED.,.F.,.F.,(9,7,7,7,7,7,7,6,7,7,9),(0.,0.454425361961,
    0.795244383432,1.050858649535,1.242569349112,1.386352373795,
    1.602026910819,1.817701447844,2.14867424928,2.645133451435,
    3.14159265359),.UNSPECIFIED.);
#9281 = CARTESIAN_POINT('',(8.43740061798,0.));
#9282 = CARTESIAN_POINT('',(8.415710185796,-5.249881238232E-02));
#9283 = CARTESIAN_POINT('',(8.394019763549,-0.104997628181));
#9284 = CARTESIAN_POINT('',(8.372147094494,-0.157458787893));
#9285 = CARTESIAN_POINT('',(8.349910167809,-0.209844715699));
#9286 = CARTESIAN_POINT('',(8.327114779377,-0.262115090355));
#9287 = CARTESIAN_POINT('',(8.303543586349,-0.314224515572));
#9288 = CARTESIAN_POINT('',(8.27893946336,-0.366118710922));
#9289 = CARTESIAN_POINT('',(8.233503346959,-0.456433644385));
#9290 = CARTESIAN_POINT('',(8.213266012498,-0.494979319661));
#9291 = CARTESIAN_POINT('',(8.192126504323,-0.533334721866));
#9292 = CARTESIAN_POINT('',(8.169924509137,-0.571464680473));
#9293 = CARTESIAN_POINT('',(8.146471208179,-0.609327459141));
#9294 = CARTESIAN_POINT('',(8.121538464672,-0.646871856032));
#9295 = CARTESIAN_POINT('',(8.094842851482,-0.684032348015));
#9296 = CARTESIAN_POINT('',(8.044410769557,-0.748239726835));
#9297 = CARTESIAN_POINT('',(8.021603095422,-0.775492451527));
#9298 = CARTESIAN_POINT('',(7.997448955761,-0.802443844856));
#9299 = CARTESIAN_POINT('',(7.971773015042,-0.829050290112));
#9300 = CARTESIAN_POINT('',(7.944369140986,-0.855259484733));
#9301 = CARTESIAN_POINT('',(7.914994469032,-0.881007589848));
#9302 = CARTESIAN_POINT('',(7.883365533289,-0.906215206481));
#9303 = CARTESIAN_POINT('',(7.823499661976,-0.949207407399));
#9304 = CARTESIAN_POINT('',(7.796391776575,-0.967272294469));
#9305 = CARTESIAN_POINT('',(7.767695053555,-0.984934466055));
#9306 = CARTESIAN_POINT('',(7.737261044363,-1.002145257379));
#9307 = CARTESIAN_POINT('',(7.704928248092,-1.01884796281));
#9308 = CARTESIAN_POINT('',(7.67052713768,-1.034976553117));
#9309 = CARTESIAN_POINT('',(7.633892570302,-1.050454859641));
#9310 = CARTESIAN_POINT('',(7.56562684072,-1.076252249697));
#9311 = CARTESIAN_POINT('',(7.535034508759,-1.086893768235));
#9312 = CARTESIAN_POINT('',(7.503047694016,-1.097084249658));
#9313 = CARTESIAN_POINT('',(7.469615063684,-1.106784081492));
#9314 = CARTESIAN_POINT('',(7.434699635054,-1.115950504295));
#9315 = CARTESIAN_POINT('',(7.398286541109,-1.124538248705));
#9316 = CARTESIAN_POINT('',(7.360391770846,-1.132500875392));
#9317 = CARTESIAN_POINT('',(7.262092054603,-1.15073073163));
#9318 = CARTESIAN_POINT('',(7.199905558852,-1.160159632103));
#9319 = CARTESIAN_POINT('',(7.134701680532,-1.167925703878));
#9320 = CARTESIAN_POINT('',(7.066870598817,-1.173880487293));
#9321 = CARTESIAN_POINT('',(6.99704943133,-1.177894743166));
#9322 = CARTESIAN_POINT('',(6.926159723192,-1.179888957154));
#9323 = CARTESIAN_POINT('',(6.855172875131,-1.179849619908));
#9324 = CARTESIAN_POINT('',(6.714772050662,-1.17578618914));
#9325 = CARTESIAN_POINT('',(6.645358145256,-1.171762103791));
#9326 = CARTESIAN_POINT('',(6.577613434879,-1.165786999308));
#9327 = CARTESIAN_POINT('',(6.512335464188,-1.157957242307));
#9328 = CARTESIAN_POINT('',(6.450077036156,-1.148416935941));
#9329 = CARTESIAN_POINT('',(6.391099911417,-1.137325966683));
#9330 = CARTESIAN_POINT('',(6.250139739384,-1.105686537594));
#9331 = CARTESIAN_POINT('',(6.13047182835,-1.066062251194));
#9332 = CARTESIAN_POINT('',(6.06565430605,-1.03968316217));
#9333 = CARTESIAN_POINT('',(6.007591207526,-1.011401728382));
#9334 = CARTESIAN_POINT('',(5.955320322115,-0.981578457943));
#9335 = CARTESIAN_POINT('',(5.908015774135,-0.950495265631));
#9336 = CARTESIAN_POINT('',(5.864952322825,-0.918369557412));
#9337 = CARTESIAN_POINT('',(5.766385723422,-0.835878905952));
#9338 = CARTESIAN_POINT('',(5.715428374237,-0.784425734018));
#9339 = CARTESIAN_POINT('',(5.670606732154,-0.731593834599));
#9340 = CARTESIAN_POINT('',(5.630458159649,-0.677729178545));
#9341 = CARTESIAN_POINT('',(5.59398722522,-0.623069538108));
#9342 = CARTESIAN_POINT('',(5.560421770942,-0.567786865039));
#9343 = CARTESIAN_POINT('',(5.529178865072,-0.512011296635));
#9344 = CARTESIAN_POINT('',(5.470392887422,-0.399679610212));
#9345 = CARTESIAN_POINT('',(5.442849934977,-0.343123499486));
#9346 = CARTESIAN_POINT('',(5.416685837607,-0.286279651555));
#9347 = CARTESIAN_POINT('',(5.391545235483,-0.2292233015));
#9348 = CARTESIAN_POINT('',(5.367135933263,-0.172015577037));
#9349 = CARTESIAN_POINT('',(5.343201487984,-0.114709796126));
#9350 = CARTESIAN_POINT('',(5.319504737409,-5.735489409512E-02));
#9351 = CARTESIAN_POINT('',(5.29580796439,0.));
#9352 = ( GEOMETRIC_REPRESENTATION_CONTEXT(2) 
PARAMETRIC_REPRESENTATION_CONTEXT() REPRESENTATION_CONTEXT('2D SPACE',''
  ) );
#9353 = ORIENTED_EDGE('',*,*,#9354,.T.);
#9354 = EDGE_CURVE('',#9091,#9355,#9357,.T.);
#9355 = VERTEX_POINT('',#9356);
#9356 = CARTESIAN_POINT('',(6.125405767293E+03,-403.6210465178,
    2.00103984347E+03));
#9357 = SEAM_CURVE('',#9358,(#9362,#9369),.PCURVE_S1.);
#9358 = LINE('',#9359,#9360);
#9359 = CARTESIAN_POINT('',(6.729305283484E+03,-5.007504477606,2.3E+03)
  );
#9360 = VECTOR('',#9361,1.);
#9361 = DIRECTION('',(-0.771342036425,-0.509136657706,-0.38185249328));
#9362 = PCURVE('',#9125,#9363);
#9363 = DEFINITIONAL_REPRESENTATION('',(#9364),#9368);
#9364 = LINE('',#9365,#9366);
#9365 = CARTESIAN_POINT('',(6.28318530718,-0.));
#9366 = VECTOR('',#9367,1.);
#9367 = DIRECTION('',(0.,1.));
#9368 = ( GEOMETRIC_REPRESENTATION_CONTEXT(2) 
PARAMETRIC_REPRESENTATION_CONTEXT() REPRESENTATION_CONTEXT('2D SPACE',''
  ) );
#9369 = PCURVE('',#9125,#9370);
#9370 = DEFINITIONAL_REPRESENTATION('',(#9371),#9375);
#9371 = LINE('',#9372,#9373);
#9372 = CARTESIAN_POINT('',(0.,-0.));
#9373 = VECTOR('',#9374,1.);
#9374 = DIRECTION('',(0.,1.));
#9375 = ( GEOMETRIC_REPRESENTATION_CONTEXT(2) 
PARAMETRIC_REPRESENTATION_CONTEXT() REPRESENTATION_CONTEXT('2D SPACE',''
  ) );
#9376 = ORIENTED_EDGE('',*,*,#9377,.F.);
#9377 = EDGE_CURVE('',#9378,#9355,#9380,.T.);
#9378 = VERTEX_POINT('',#9379);
#9379 = CARTESIAN_POINT('',(6.121029927367E+03,-397.5320365477,
    1.994628928783E+03));
#9380 = SURFACE_CURVE('',#9381,(#9386,#9399),.PCURVE_S1.);
#9381 = ELLIPSE('',#9382,6.626053624019,6.);
#9382 = AXIS2_PLACEMENT_3D('',#9383,#9384,#9385);
#9383 = CARTESIAN_POINT('',(6.12E+03,-400.,2.E+03));
#9384 = DIRECTION('',(-0.438430194679,-0.781826034108,-0.443313677643));
#9385 = DIRECTION('',(-0.882220877131,0.468570114649,4.613427806242E-02)
  );
#9386 = PCURVE('',#9125,#9387);
#9387 = DEFINITIONAL_REPRESENTATION('',(#9388),#9398);
#9388 = B_SPLINE_CURVE_WITH_KNOTS('',8,(#9389,#9390,#9391,#9392,#9393,
    #9394,#9395,#9396,#9397),.UNSPECIFIED.,.F.,.F.,(9,9),(1.570796055986
    ,3.392957353772),.PIECEWISE_BEZIER_KNOTS.);
#9389 = CARTESIAN_POINT('',(4.461024009377,785.64368590115));
#9390 = CARTESIAN_POINT('',(4.6887941716,785.00330788736));
#9391 = CARTESIAN_POINT('',(4.916564333822,784.36292938899));
#9392 = CARTESIAN_POINT('',(5.14433449605,783.77317896718));
#9393 = CARTESIAN_POINT('',(5.372104658261,783.28466308722));
#9394 = CARTESIAN_POINT('',(5.599874820487,782.93965592561));
#9395 = CARTESIAN_POINT('',(5.827644982713,782.76343073428));
#9396 = CARTESIAN_POINT('',(6.055415144939,782.76125162471));
#9397 = CARTESIAN_POINT('',(6.283185307162,782.92053028875));
#9398 = ( GEOMETRIC_REPRESENTATION_CONTEXT(2) 
PARAMETRIC_REPRESENTATION_CONTEXT() REPRESENTATION_CONTEXT('2D SPACE',''
  ) );
#9399 = PCURVE('',#9400,#9405);
#9400 = CYLINDRICAL_SURFACE('',#9401,6.);
#9401 = AXIS2_PLACEMENT_3D('',#9402,#9403,#9404);
#9402 = CARTESIAN_POINT('',(6.12E+03,-400.,2.E+03));
#9403 = DIRECTION('',(-2.266939702841E-02,-0.906775881136,-0.42100308767
    ));
#9404 = DIRECTION('',(-1.734723475977E-18,0.421111306455,-0.907008967748
    ));
#9405 = DEFINITIONAL_REPRESENTATION('',(#9406),#9416);
#9406 = B_SPLINE_CURVE_WITH_KNOTS('',8,(#9407,#9408,#9409,#9410,#9411,
    #9412,#9413,#9414,#9415),.UNSPECIFIED.,.F.,.F.,(9,9),(1.570796055986
    ,3.392957353772),.PIECEWISE_BEZIER_KNOTS.);
#9407 = CARTESIAN_POINT('',(0.172553431613,-7.613813295393E-07));
#9408 = CARTESIAN_POINT('',(0.400323593836,0.640377252404));
#9409 = CARTESIAN_POINT('',(0.62809375606,1.280755750843));
#9410 = CARTESIAN_POINT('',(0.855863918279,1.870506172345));
#9411 = CARTESIAN_POINT('',(1.083634080507,2.359022051567));
#9412 = CARTESIAN_POINT('',(1.311404242726,2.704029212082));
#9413 = CARTESIAN_POINT('',(1.539174404952,2.880254405251));
#9414 = CARTESIAN_POINT('',(1.766944567175,2.88243351506));
#9415 = CARTESIAN_POINT('',(1.994714729399,2.723154851014));
#9416 = ( GEOMETRIC_REPRESENTATION_CONTEXT(2) 
PARAMETRIC_REPRESENTATION_CONTEXT() REPRESENTATION_CONTEXT('2D SPACE',''
  ) );
#9417 = ORIENTED_EDGE('',*,*,#9418,.F.);
#9418 = EDGE_CURVE('',#9419,#9378,#9421,.T.);
#9419 = VERTEX_POINT('',#9420);
#9420 = CARTESIAN_POINT('',(6.118970072633E+03,-402.4679634522,
    2.005371071217E+03));
#9421 = SURFACE_CURVE('',#9422,(#9427,#9434),.PCURVE_S1.);
#9422 = CIRCLE('',#9423,6.);
#9423 = AXIS2_PLACEMENT_3D('',#9424,#9425,#9426);
#9424 = CARTESIAN_POINT('',(6.12E+03,-400.,2.E+03));
#9425 = DIRECTION('',(-0.771342036425,-0.509136657706,-0.38185249328));
#9426 = DIRECTION('',(0.550880580595,-0.834584079601,-2.775557561563E-17
    ));
#9427 = PCURVE('',#9125,#9428);
#9428 = DEFINITIONAL_REPRESENTATION('',(#9429),#9433);
#9429 = LINE('',#9430,#9431);
#9430 = CARTESIAN_POINT('',(0.,785.64368513977));
#9431 = VECTOR('',#9432,1.);
#9432 = DIRECTION('',(1.,0.));
#9433 = ( GEOMETRIC_REPRESENTATION_CONTEXT(2) 
PARAMETRIC_REPRESENTATION_CONTEXT() REPRESENTATION_CONTEXT('2D SPACE',''
  ) );
#9434 = PCURVE('',#9435,#9440);
#9435 = SPHERICAL_SURFACE('',#9436,6.);
#9436 = AXIS2_PLACEMENT_3D('',#9437,#9438,#9439);
#9437 = CARTESIAN_POINT('',(6.12E+03,-400.,2.E+03));
#9438 = DIRECTION('',(0.,0.,1.));
#9439 = DIRECTION('',(1.,0.,-0.));
#9440 = DEFINITIONAL_REPRESENTATION('',(#9441),#9507);
#9441 = B_SPLINE_CURVE_WITH_KNOTS('',8,(#9442,#9443,#9444,#9445,#9446,
    #9447,#9448,#9449,#9450,#9451,#9452,#9453,#9454,#9455,#9456,#9457,
    #9458,#9459,#9460,#9461,#9462,#9463,#9464,#9465,#9466,#9467,#9468,
    #9469,#9470,#9471,#9472,#9473,#9474,#9475,#9476,#9477,#9478,#9479,
    #9480,#9481,#9482,#9483,#9484,#9485,#9486,#9487,#9488,#9489,#9490,
    #9491,#9492,#9493,#9494,#9495,#9496,#9497,#9498,#9499,#9500,#9501,
    #9502,#9503,#9504,#9505,#9506),.UNSPECIFIED.,.F.,.F.,(9,7,7,7,7,7,7,
    7,7,9),(1.319431626596,1.515781167445,1.699858861992,1.872431700629,
    2.196005773073,2.762260399851,3.611642340019,4.036333310102,
    4.248678795144,4.461024280186),.UNSPECIFIED.);
#9442 = CARTESIAN_POINT('',(4.317042387479,1.108831609566));
#9443 = CARTESIAN_POINT('',(4.269864859139,1.121490272154));
#9444 = CARTESIAN_POINT('',(4.219945685329,1.133134064969));
#9445 = CARTESIAN_POINT('',(4.167239681405,1.143651060266));
#9446 = CARTESIAN_POINT('',(4.111783771089,1.15292303295));
#9447 = CARTESIAN_POINT('',(4.053738030638,1.160828279222));
#9448 = CARTESIAN_POINT('',(3.993437354018,1.167254226956));
#9449 = CARTESIAN_POINT('',(3.93140058286,1.172112694848));
#9450 = CARTESIAN_POINT('',(3.809034596833,1.178386247231));
#9451 = CARTESIAN_POINT('',(3.748841216222,1.179997516176));
#9452 = CARTESIAN_POINT('',(3.688171431391,1.180140804514));
#9453 = CARTESIAN_POINT('',(3.627613788545,1.178798380256));
#9454 = CARTESIAN_POINT('',(3.567777860154,1.175987097693));
#9455 = CARTESIAN_POINT('',(3.509205837353,1.171755807967));
#9456 = CARTESIAN_POINT('',(3.452308803463,1.166176342873));
#9457 = CARTESIAN_POINT('',(3.345885962813,1.152917158934));
#9458 = CARTESIAN_POINT('',(3.296121521388,1.14539052598));
#9459 = CARTESIAN_POINT('',(3.248329141892,1.136822421735));
#9460 = CARTESIAN_POINT('',(3.202655417243,1.127292398622));
#9461 = CARTESIAN_POINT('',(3.159153385736,1.116882681384));
#9462 = CARTESIAN_POINT('',(3.117806496732,1.105672929851));
#9463 = CARTESIAN_POINT('',(3.078556686646,1.093737301088));
#9464 = CARTESIAN_POINT('',(2.971495873156,1.057531258415));
#9465 = CARTESIAN_POINT('',(2.90874453036,1.031606087876));
#9466 = CARTESIAN_POINT('',(2.852500939543,1.003817145927));
#9467 = CARTESIAN_POINT('',(2.801867898937,0.974535843279));
#9468 = CARTESIAN_POINT('',(2.756028679165,0.94403646075));
#9469 = CARTESIAN_POINT('',(2.714283544049,0.912533963607));
#9470 = CARTESIAN_POINT('',(2.67604258148,0.880194869836));
#9471 = CARTESIAN_POINT('',(2.579161612022,0.789326934746));
#9472 = CARTESIAN_POINT('',(2.526733060577,0.729346485251));
#9473 = CARTESIAN_POINT('',(2.480883062556,0.667921699136));
#9474 = CARTESIAN_POINT('',(2.439886354165,0.605441409886));
#9475 = CARTESIAN_POINT('',(2.402600146135,0.542172392159));
#9476 = CARTESIAN_POINT('',(2.368152960979,0.478301969424));
#9477 = CARTESIAN_POINT('',(2.33589081703,0.41397319397));
#9478 = CARTESIAN_POINT('',(2.259355863164,0.252290134632));
#9479 = CARTESIAN_POINT('',(2.217143447731,0.154505385948));
#9480 = CARTESIAN_POINT('',(2.176834924874,5.632980882626E-02));
#9481 = CARTESIAN_POINT('',(2.137246750324,-4.199391640435E-02));
#9482 = CARTESIAN_POINT('',(2.097316299636,-0.140247778886));
#9483 = CARTESIAN_POINT('',(2.055926887726,-0.238200459887));
#9484 = CARTESIAN_POINT('',(2.011759501067,-0.335581663858));
#9485 = CARTESIAN_POINT('',(1.938025312434,-0.480078833392));
#9486 = CARTESIAN_POINT('',(1.91219995546,-0.527982117099));
#9487 = CARTESIAN_POINT('',(1.884851020893,-0.575562955957));
#9488 = CARTESIAN_POINT('',(1.855644661426,-0.622748598855));
#9489 = CARTESIAN_POINT('',(1.824169212938,-0.66944629076));
#9490 = CARTESIAN_POINT('',(1.789898778055,-0.715536065205));
#9491 = CARTESIAN_POINT('',(1.752135563413,-0.760853718629));
#9492 = CARTESIAN_POINT('',(1.688821049875,-0.827304287272));
#9493 = CARTESIAN_POINT('',(1.666604711861,-0.849200155588));
#9494 = CARTESIAN_POINT('',(1.643157315154,-0.870811030627));
#9495 = CARTESIAN_POINT('',(1.618344631141,-0.892101168191));
#9496 = CARTESIAN_POINT('',(1.59201344638,-0.913028531836));
#9497 = CARTESIAN_POINT('',(1.563989913572,-0.933543191238));
#9498 = CARTESIAN_POINT('',(1.534080568231,-0.953585339037));
#9499 = CARTESIAN_POINT('',(1.470071453896,-0.992580513213));
#9500 = CARTESIAN_POINT('',(1.435971833189,-1.011533537581));
#9501 = CARTESIAN_POINT('',(1.399568102227,-1.029870025322));
#9502 = CARTESIAN_POINT('',(1.360637743375,-1.047505662385));
#9503 = CARTESIAN_POINT('',(1.318950222606,-1.064342221004));
#9504 = CARTESIAN_POINT('',(1.274285142142,-1.080264765988));
#9505 = CARTESIAN_POINT('',(1.226470658588,-1.095141687829));
#9506 = CARTESIAN_POINT('',(1.175449733889,-1.108831609566));
#9507 = ( GEOMETRIC_REPRESENTATION_CONTEXT(2) 
PARAMETRIC_REPRESENTATION_CONTEXT() REPRESENTATION_CONTEXT('2D SPACE',''
  ) );
#9508 = ORIENTED_EDGE('',*,*,#9509,.F.);
#9509 = EDGE_CURVE('',#9355,#9419,#9510,.T.);
#9510 = SURFACE_CURVE('',#9511,(#9516,#9528),.PCURVE_S1.);
#9511 = ELLIPSE('',#9512,6.626053624019,6.);
#9512 = AXIS2_PLACEMENT_3D('',#9513,#9514,#9515);
#9513 = CARTESIAN_POINT('',(6.12E+03,-400.,2.E+03));
#9514 = DIRECTION('',(-0.438430194679,-0.781826034108,-0.443313677643));
#9515 = DIRECTION('',(-0.882220877131,0.468570114649,4.613427806242E-02)
  );
#9516 = PCURVE('',#9125,#9517);
#9517 = DEFINITIONAL_REPRESENTATION('',(#9518),#9527);
#9518 = B_SPLINE_CURVE_WITH_KNOTS('',7,(#9519,#9520,#9521,#9522,#9523,
    #9524,#9525,#9526),.UNSPECIFIED.,.F.,.F.,(8,8),(3.392957353772,
    4.712389250706),.PIECEWISE_BEZIER_KNOTS.);
#9519 = CARTESIAN_POINT('',(-1.712852082392E-11,782.92053028875));
#9520 = CARTESIAN_POINT('',(0.188490270974,783.05234069911));
#9521 = CARTESIAN_POINT('',(0.376980541964,783.29702654021));
#9522 = CARTESIAN_POINT('',(0.565470812956,783.64693363348));
#9523 = CARTESIAN_POINT('',(0.753961083945,784.08460897579));
#9524 = CARTESIAN_POINT('',(0.942451354936,784.58380198001));
#9525 = CARTESIAN_POINT('',(1.130941625927,785.11374368006));
#9526 = CARTESIAN_POINT('',(1.319431896917,785.64368589978));
#9527 = ( GEOMETRIC_REPRESENTATION_CONTEXT(2) 
PARAMETRIC_REPRESENTATION_CONTEXT() REPRESENTATION_CONTEXT('2D SPACE',''
  ) );
#9528 = PCURVE('',#9400,#9529);
#9529 = DEFINITIONAL_REPRESENTATION('',(#9530),#9539);
#9530 = B_SPLINE_CURVE_WITH_KNOTS('',7,(#9531,#9532,#9533,#9534,#9535,
    #9536,#9537,#9538),.UNSPECIFIED.,.F.,.F.,(8,8),(3.392957353772,
    4.712389250706),.PIECEWISE_BEZIER_KNOTS.);
#9531 = CARTESIAN_POINT('',(1.994714729399,2.723154851014));
#9532 = CARTESIAN_POINT('',(2.183205000389,2.59134444066));
#9533 = CARTESIAN_POINT('',(2.37169527138,2.34665859966));
#9534 = CARTESIAN_POINT('',(2.560185542369,1.996751506339));
#9535 = CARTESIAN_POINT('',(2.748675813363,1.559076164304));
#9536 = CARTESIAN_POINT('',(2.937166084351,1.059883159706));
#9537 = CARTESIAN_POINT('',(3.125656355342,0.529941459709));
#9538 = CARTESIAN_POINT('',(3.314146626333,-7.600117442053E-07));
#9539 = ( GEOMETRIC_REPRESENTATION_CONTEXT(2) 
PARAMETRIC_REPRESENTATION_CONTEXT() REPRESENTATION_CONTEXT('2D SPACE',''
  ) );
#9540 = ORIENTED_EDGE('',*,*,#9354,.F.);
#9541 = ORIENTED_EDGE('',*,*,#9090,.T.);
#9542 = ADVANCED_FACE('',(#9543),#9165,.T.);
#9543 = FACE_BOUND('',#9544,.T.);
#9544 = EDGE_LOOP('',(#9545,#9546));
#9545 = ORIENTED_EDGE('',*,*,#9148,.F.);
#9546 = ORIENTED_EDGE('',*,*,#9264,.F.);
#9547 = ADVANCED_FACE('',(#9548),#9247,.F.);
#9548 = FACE_BOUND('',#9549,.T.);
#9549 = EDGE_LOOP('',(#9550));
#9550 = ORIENTED_EDGE('',*,*,#9232,.F.);
#9551 = ADVANCED_FACE('',(#9552),#9400,.T.);
#9552 = FACE_BOUND('',#9553,.T.);
#9553 = EDGE_LOOP('',(#9554,#9579,#9606,#9607,#9634,#9635,#9636));
#9554 = ORIENTED_EDGE('',*,*,#9555,.T.);
#9555 = EDGE_CURVE('',#9556,#9558,#9560,.T.);
#9556 = VERTEX_POINT('',#9557);
#9557 = CARTESIAN_POINT('',(6.12E+03,-397.4733321612,1.994557946194E+03)
  );
#9558 = VERTEX_POINT('',#9559);
#9559 = CARTESIAN_POINT('',(6.085E+03,-1.797473332161E+03,
    1.344557946194E+03));
#9560 = SEAM_CURVE('',#9561,(#9565,#9572),.PCURVE_S1.);
#9561 = LINE('',#9562,#9563);
#9562 = CARTESIAN_POINT('',(6.12E+03,-397.4733321612,1.994557946194E+03)
  );
#9563 = VECTOR('',#9564,1.);
#9564 = DIRECTION('',(-2.266939702841E-02,-0.906775881136,-0.42100308767
    ));
#9565 = PCURVE('',#9400,#9566);
#9566 = DEFINITIONAL_REPRESENTATION('',(#9567),#9571);
#9567 = LINE('',#9568,#9569);
#9568 = CARTESIAN_POINT('',(6.28318530718,-0.));
#9569 = VECTOR('',#9570,1.);
#9570 = DIRECTION('',(0.,1.));
#9571 = ( GEOMETRIC_REPRESENTATION_CONTEXT(2) 
PARAMETRIC_REPRESENTATION_CONTEXT() REPRESENTATION_CONTEXT('2D SPACE',''
  ) );
#9572 = PCURVE('',#9400,#9573);
#9573 = DEFINITIONAL_REPRESENTATION('',(#9574),#9578);
#9574 = LINE('',#9575,#9576);
#9575 = CARTESIAN_POINT('',(0.,-0.));
#9576 = VECTOR('',#9577,1.);
#9577 = DIRECTION('',(0.,1.));
#9578 = ( GEOMETRIC_REPRESENTATION_CONTEXT(2) 
PARAMETRIC_REPRESENTATION_CONTEXT() REPRESENTATION_CONTEXT('2D SPACE',''
  ) );
#9579 = ORIENTED_EDGE('',*,*,#9580,.F.);
#9580 = EDGE_CURVE('',#9558,#9558,#9581,.T.);
#9581 = SURFACE_CURVE('',#9582,(#9587,#9594),.PCURVE_S1.);
#9582 = CIRCLE('',#9583,6.);
#9583 = AXIS2_PLACEMENT_3D('',#9584,#9585,#9586);
#9584 = CARTESIAN_POINT('',(6.085E+03,-1.8E+03,1.35E+03));
#9585 = DIRECTION('',(-2.266939702841E-02,-0.906775881136,-0.42100308767
    ));
#9586 = DIRECTION('',(-1.734723475977E-18,0.421111306455,-0.907008967748
    ));
#9587 = PCURVE('',#9400,#9588);
#9588 = DEFINITIONAL_REPRESENTATION('',(#9589),#9593);
#9589 = LINE('',#9590,#9591);
#9590 = CARTESIAN_POINT('',(0.,1.543931669472E+03));
#9591 = VECTOR('',#9592,1.);
#9592 = DIRECTION('',(1.,0.));
#9593 = ( GEOMETRIC_REPRESENTATION_CONTEXT(2) 
PARAMETRIC_REPRESENTATION_CONTEXT() REPRESENTATION_CONTEXT('2D SPACE',''
  ) );
#9594 = PCURVE('',#9595,#9600);
#9595 = PLANE('',#9596);
#9596 = AXIS2_PLACEMENT_3D('',#9597,#9598,#9599);
#9597 = CARTESIAN_POINT('',(6.085E+03,-1.8E+03,1.35E+03));
#9598 = DIRECTION('',(-2.266939702841E-02,-0.906775881136,-0.42100308767
    ));
#9599 = DIRECTION('',(-1.734723475977E-18,0.421111306455,-0.907008967748
    ));
#9600 = DEFINITIONAL_REPRESENTATION('',(#9601),#9605);
#9601 = CIRCLE('',#9602,6.);
#9602 = AXIS2_PLACEMENT_2D('',#9603,#9604);
#9603 = CARTESIAN_POINT('',(0.,0.));
#9604 = DIRECTION('',(1.,0.));
#9605 = ( GEOMETRIC_REPRESENTATION_CONTEXT(2) 
PARAMETRIC_REPRESENTATION_CONTEXT() REPRESENTATION_CONTEXT('2D SPACE',''
  ) );
#9606 = ORIENTED_EDGE('',*,*,#9555,.F.);
#9607 = ORIENTED_EDGE('',*,*,#9608,.T.);
#9608 = EDGE_CURVE('',#9556,#9378,#9609,.T.);
#9609 = SURFACE_CURVE('',#9610,(#9615,#9622),.PCURVE_S1.);
#9610 = CIRCLE('',#9611,6.);
#9611 = AXIS2_PLACEMENT_3D('',#9612,#9613,#9614);
#9612 = CARTESIAN_POINT('',(6.12E+03,-400.,2.E+03));
#9613 = DIRECTION('',(-2.266939702841E-02,-0.906775881136,-0.42100308767
    ));
#9614 = DIRECTION('',(-1.734723475977E-18,0.421111306455,-0.907008967748
    ));
#9615 = PCURVE('',#9400,#9616);
#9616 = DEFINITIONAL_REPRESENTATION('',(#9617),#9621);
#9617 = LINE('',#9618,#9619);
#9618 = CARTESIAN_POINT('',(0.,0.));
#9619 = VECTOR('',#9620,1.);
#9620 = DIRECTION('',(1.,0.));
#9621 = ( GEOMETRIC_REPRESENTATION_CONTEXT(2) 
PARAMETRIC_REPRESENTATION_CONTEXT() REPRESENTATION_CONTEXT('2D SPACE',''
  ) );
#9622 = PCURVE('',#9435,#9623);
#9623 = DEFINITIONAL_REPRESENTATION('',(#9624),#9633);
#9624 = B_SPLINE_CURVE_WITH_KNOTS('',7,(#9625,#9626,#9627,#9628,#9629,
    #9630,#9631,#9632),.UNSPECIFIED.,.F.,.F.,(8,8),(0.,0.172553702422),
  .PIECEWISE_BEZIER_KNOTS.);
#9625 = CARTESIAN_POINT('',(1.570796326795,-1.136126111646));
#9626 = CARTESIAN_POINT('',(1.512274520914,-1.136684924273));
#9627 = CARTESIAN_POINT('',(1.453588433584,-1.135717605152));
#9628 = CARTESIAN_POINT('',(1.395275224195,-1.133215925844));
#9629 = CARTESIAN_POINT('',(1.337889369702,-1.129205238506));
#9630 = CARTESIAN_POINT('',(1.281913031053,-1.12374697989));
#9631 = CARTESIAN_POINT('',(1.227690696848,-1.116924479127));
#9632 = CARTESIAN_POINT('',(1.175449733889,-1.108831609566));
#9633 = ( GEOMETRIC_REPRESENTATION_CONTEXT(2) 
PARAMETRIC_REPRESENTATION_CONTEXT() REPRESENTATION_CONTEXT('2D SPACE',''
  ) );
#9634 = ORIENTED_EDGE('',*,*,#9377,.T.);
#9635 = ORIENTED_EDGE('',*,*,#9509,.T.);
#9636 = ORIENTED_EDGE('',*,*,#9637,.T.);
#9637 = EDGE_CURVE('',#9419,#9556,#9638,.T.);
#9638 = SURFACE_CURVE('',#9639,(#9644,#9651),.PCURVE_S1.);
#9639 = CIRCLE('',#9640,6.);
#9640 = AXIS2_PLACEMENT_3D('',#9641,#9642,#9643);
#9641 = CARTESIAN_POINT('',(6.12E+03,-400.,2.E+03));
#9642 = DIRECTION('',(-2.266939702841E-02,-0.906775881136,-0.42100308767
    ));
#9643 = DIRECTION('',(-1.734723475977E-18,0.421111306455,-0.907008967748
    ));
#9644 = PCURVE('',#9400,#9645);
#9645 = DEFINITIONAL_REPRESENTATION('',(#9646),#9650);
#9646 = LINE('',#9647,#9648);
#9647 = CARTESIAN_POINT('',(0.,0.));
#9648 = VECTOR('',#9649,1.);
#9649 = DIRECTION('',(1.,0.));
#9650 = ( GEOMETRIC_REPRESENTATION_CONTEXT(2) 
PARAMETRIC_REPRESENTATION_CONTEXT() REPRESENTATION_CONTEXT('2D SPACE',''
  ) );
#9651 = PCURVE('',#9435,#9652);
#9652 = DEFINITIONAL_REPRESENTATION('',(#9653),#9705);
#9653 = B_SPLINE_CURVE_WITH_KNOTS('',8,(#9654,#9655,#9656,#9657,#9658,
    #9659,#9660,#9661,#9662,#9663,#9664,#9665,#9666,#9667,#9668,#9669,
    #9670,#9671,#9672,#9673,#9674,#9675,#9676,#9677,#9678,#9679,#9680,
    #9681,#9682,#9683,#9684,#9685,#9686,#9687,#9688,#9689,#9690,#9691,
    #9692,#9693,#9694,#9695,#9696,#9697,#9698,#9699,#9700,#9701,#9702,
    #9703,#9704),.UNSPECIFIED.,.F.,.F.,(9,7,7,7,7,7,7,9),(3.314146356012
    ,3.49971129046,3.84764554255,4.456530483707,5.369857895443,
    5.826521601311,6.054853454246,6.28318530718),.UNSPECIFIED.);
#9654 = CARTESIAN_POINT('',(4.317042387479,1.108831609566));
#9655 = CARTESIAN_POINT('',(4.267884766462,1.101216393607));
#9656 = CARTESIAN_POINT('',(4.220445635553,1.092499304707));
#9657 = CARTESIAN_POINT('',(4.174901470177,1.082753289747));
#9658 = CARTESIAN_POINT('',(4.131347753857,1.072058536195));
#9659 = CARTESIAN_POINT('',(4.089806175653,1.060495968295));
#9660 = CARTESIAN_POINT('',(4.050245254214,1.04814305626));
#9661 = CARTESIAN_POINT('',(4.012602148718,1.035071659593));
#9662 = CARTESIAN_POINT('',(3.909652044931,0.995615061937));
#9663 = CARTESIAN_POINT('',(3.848959709657,0.967588044915));
#9664 = CARTESIAN_POINT('',(3.794168178707,0.93770055776));
#9665 = CARTESIAN_POINT('',(3.744482091188,0.906310558624));
#9666 = CARTESIAN_POINT('',(3.699177042005,0.873686784843));
#9667 = CARTESIAN_POINT('',(3.657627323595,0.84004131738));
#9668 = CARTESIAN_POINT('',(3.619302049242,0.805540380763));
#9669 = CARTESIAN_POINT('',(3.52154411765,0.708677948549));
#9670 = CARTESIAN_POINT('',(3.467839072326,0.644827779022));
#9671 = CARTESIAN_POINT('',(3.420237249835,0.579483206249));
#9672 = CARTESIAN_POINT('',(3.377127600854,0.513050379456));
#9673 = CARTESIAN_POINT('',(3.337414439611,0.44581201545));
#9674 = CARTESIAN_POINT('',(3.300244877308,0.377972595789));
#9675 = CARTESIAN_POINT('',(3.264954993974,0.30969282533));
#9676 = CARTESIAN_POINT('',(3.180004544501,0.138228436857));
#9677 = CARTESIAN_POINT('',(3.131981219798,3.466152706065E-02));
#9678 = CARTESIAN_POINT('',(3.084987647393,-6.914147567386E-02));
#9679 = CARTESIAN_POINT('',(3.037602965718,-0.17285182101));
#9680 = CARTESIAN_POINT('',(2.988410563918,-0.276150907168));
#9681 = CARTESIAN_POINT('',(2.935705565576,-0.37862605072));
#9682 = CARTESIAN_POINT('',(2.877246030193,-0.479769804765));
#9683 = CARTESIAN_POINT('',(2.774410760967,-0.627797297611));
#9684 = CARTESIAN_POINT('',(2.737608143309,-0.67652508431));
#9685 = CARTESIAN_POINT('',(2.697736853637,-0.724496730398));
#9686 = CARTESIAN_POINT('',(2.654128571288,-0.771532718747));
#9687 = CARTESIAN_POINT('',(2.605912005229,-0.81739250263));
#9688 = CARTESIAN_POINT('',(2.552017622369,-0.861756821966));
#9689 = CARTESIAN_POINT('',(2.490943523028,-0.904156536478));
#9690 = CARTESIAN_POINT('',(2.386192450024,-0.963784236169));
#9691 = CARTESIAN_POINT('',(2.349085462677,-0.982998269305));
#9692 = CARTESIAN_POINT('',(2.309591207957,-1.001464586671));
#9693 = CARTESIAN_POINT('',(2.267508479589,-1.01908540661));
#9694 = CARTESIAN_POINT('',(2.222642489694,-1.035746854096));
#9695 = CARTESIAN_POINT('',(2.174832035212,-1.051318856581));
#9696 = CARTESIAN_POINT('',(2.123993510484,-1.065659096408));
#9697 = CARTESIAN_POINT('',(2.01637002142,-1.091582943224));
#9698 = CARTESIAN_POINT('',(1.959584925065,-1.103166661407));
#9699 = CARTESIAN_POINT('',(1.899879809205,-1.113226084819));
#9700 = CARTESIAN_POINT('',(1.837444974455,-1.121612534627));
#9701 = CARTESIAN_POINT('',(1.772647813119,-1.128184542769));
#9702 = CARTESIAN_POINT('',(1.706098765959,-1.132827889336));
#9703 = CARTESIAN_POINT('',(1.638555483296,-1.135479093467));
#9704 = CARTESIAN_POINT('',(1.570796326795,-1.136126111646));
#9705 = ( GEOMETRIC_REPRESENTATION_CONTEXT(2) 
PARAMETRIC_REPRESENTATION_CONTEXT() REPRESENTATION_CONTEXT('2D SPACE',''
  ) );
#9706 = ADVANCED_FACE('',(#9707),#9435,.T.);
#9707 = FACE_BOUND('',#9708,.T.);
#9708 = EDGE_LOOP('',(#9709,#9710,#9711));
#9709 = ORIENTED_EDGE('',*,*,#9637,.F.);
#9710 = ORIENTED_EDGE('',*,*,#9418,.T.);
#9711 = ORIENTED_EDGE('',*,*,#9608,.F.);
#9712 = ADVANCED_FACE('',(#9713),#9595,.T.);
#9713 = FACE_BOUND('',#9714,.T.);
#9714 = EDGE_LOOP('',(#9715));
#9715 = ORIENTED_EDGE('',*,*,#9580,.T.);
#9716 = ( GEOMETRIC_REPRESENTATION_CONTEXT(3) 
GLOBAL_UNCERTAINTY_ASSIGNED_CONTEXT((#9720)) 
GLOBAL_UNIT_ASSIGNED_CONTEXT((#9717,#9718,#9719)) REPRESENTATION_CONTEXT
('Context #1','3D Context with UNIT and UNCERTAINTY') );
#9717 = ( LENGTH_UNIT() NAMED_UNIT(*) SI_UNIT(.MILLI.,.METRE.) );
#9718 = ( NAMED_UNIT(*) PLANE_ANGLE_UNIT() SI_UNIT($,.RADIAN.) );
#9719 = ( NAMED_UNIT(*) SI_UNIT($,.STERADIAN.) SOLID_ANGLE_UNIT() );
#9720 = UNCERTAINTY_MEASURE_WITH_UNIT(LENGTH_MEASURE(2.E-07),#9717,
  'distance_accuracy_value','confusion accuracy');
#9721 = CONTEXT_DEPENDENT_SHAPE_REPRESENTATION(#9722,#9724);
#9722 = ( REPRESENTATION_RELATIONSHIP('','',#9083,#10) 
REPRESENTATION_RELATIONSHIP_WITH_TRANSFORMATION(#9723) 
SHAPE_REPRESENTATION_RELATIONSHIP() );
#9723 = ITEM_DEFINED_TRANSFORMATION('','',#11,#39);
#9724 = PRODUCT_DEFINITION_SHAPE('Placement','Placement of an item',
  #9725);
#9725 = NEXT_ASSEMBLY_USAGE_OCCURRENCE('22','=>[0:1:1:8]','',#5,#9078,$
  );
#9726 = PRODUCT_RELATED_PRODUCT_CATEGORY('part',$,(#9080));
ENDSEC;
END-ISO-10303-21;
